[001.acquire-validated-release-execution-credentials] running  Acquire validated release execution credentials
[001.acquire-validated-release-execution-credentials] passed   0.0s
[002.acquire-release-stack-vm] running  Acquire release stack VM
[provision.stack.vm.provision_base] running  Provision base VM dependencies
[provision.stack.vm.provision_base] passed   20.0s
[provision.stack.k3s.install] running  Install k3s
[provision.stack.k3s.install] passed   21.2s
[provision.stack.registry.ensure_container] running  Ensure local registry container is running
[provision.stack.registry.ensure_container] passed   4.2s
[provision.stack.k3s.configure_registry] running  Configure k3s registry access
[provision.stack.k3s.configure_registry] passed   5.0s
[002.acquire-release-stack-vm] passed   59.6s
[003.acquire-immutable-release-source-archive] running  Acquire immutable release source archive
[003.acquire-immutable-release-source-archive] passed   0.2s
[004.acquire-verified-source-on-nanofaas-azure-release] running  Acquire verified source on nanofaas-azure-release
[004.acquire-verified-source-on-nanofaas-azure-release] passed   39.6s
[006.acquire-amd64-bake-and-buildkit-inputs] running  Acquire AMD64 Bake and BuildKit inputs
[006.acquire-amd64-bake-and-buildkit-inputs] passed   3.2s
[007.acquire-release-amd64-v0-18-2-buildx-builder] running  Acquire release-amd64-v0.18.2 buildx builder
[007.acquire-release-amd64-v0-18-2-buildx-builder] passed   30.2s
[009.release-release-amd64-v0-18-2-buildx-builder] running  Release release-amd64-v0.18.2 buildx builder
[009.release-release-amd64-v0-18-2-buildx-builder] passed   1.4s
[010.release-amd64-bake-and-buildkit-inputs] running  Release AMD64 Bake and BuildKit inputs
[010.release-amd64-bake-and-buildkit-inputs] passed   0.8s
[012.acquire-release-loadgen-vm] running  Acquire release loadgen VM
[provision.loadgen.loadtest.install_k6] running  Install k6 for load testing
[provision.loadgen.loadtest.install_k6] passed   4.5s
[provision.loadgen.assets.sync_to_vm] running  Sync tooling assets into VM
[provision.loadgen.assets.sync_to_vm] passed   1.0s
[012.acquire-release-loadgen-vm] passed   11.6s
[013.acquire-release-endpoints] running  Acquire release endpoints
[013.acquire-release-endpoints] passed   0.0s
[017.release-release-endpoints] running  Release release endpoints
[017.release-release-endpoints] passed   0.0s
[018.release-release-loadgen-vm] running  Release release loadgen VM
[018.release-release-loadgen-vm] passed   98.3s
[019.release-verified-source-on-nanofaas-azure-release] running  Release verified source on nanofaas-azure-release
[019.release-verified-source-on-nanofaas-azure-release] passed   1.1s
[022.acquire-release-arm-builder-vm] running  Acquire release ARM builder VM
[provision.arm-builder.vm.provision_base] running  Provision base VM dependencies
[provision.arm-builder.vm.provision_base] passed   15.1s
[022.acquire-release-arm-builder-vm] passed   18.9s
[023.acquire-registry-tunnel-to-release-stack-5000] running  Acquire registry tunnel to <release-stack>:5000
[023.acquire-registry-tunnel-to-release-stack-5000] passed   2.7s
[024.acquire-arm64-bake-and-buildkit-inputs] running  Acquire ARM64 Bake and BuildKit inputs
[024.acquire-arm64-bake-and-buildkit-inputs] passed   3.1s
[025.acquire-release-arm64-v0-18-2-buildx-builder] running  Acquire release-arm64-v0.18.2 buildx builder
[025.acquire-release-arm64-v0-18-2-buildx-builder] passed   24.0s
[026.acquire-verified-source-on-nanofaas-azure-release-arm] running  Acquire verified source on nanofaas-azure-release-arm
[026.acquire-verified-source-on-nanofaas-azure-release-arm] passed   33.1s
[028.release-verified-source-on-nanofaas-azure-release-arm] running  Release verified source on nanofaas-azure-release-arm
[028.release-verified-source-on-nanofaas-azure-release-arm] passed   1.5s
[029.release-release-arm64-v0-18-2-buildx-builder] running  Release release-arm64-v0.18.2 buildx builder
[029.release-release-arm64-v0-18-2-buildx-builder] passed   1.7s
[030.release-arm64-bake-and-buildkit-inputs] running  Release ARM64 Bake and BuildKit inputs
[030.release-arm64-bake-and-buildkit-inputs] passed   1.0s
[031.release-immutable-release-source-archive] running  Release immutable release source archive
[031.release-immutable-release-source-archive] passed   0.0s
[033.release-registry-tunnel-to-release-stack-5000] running  Release registry tunnel to <release-stack>:5000
[033.release-registry-tunnel-to-release-stack-5000] passed   2.3s
[034.release-release-arm-builder-vm] running  Release release ARM builder VM
[034.release-release-arm-builder-vm] passed   96.5s
[035.acquire-staged-ghcr-credentials] running  Acquire staged GHCR credentials
[035.acquire-staged-ghcr-credentials] passed   6.9s
[036.publish-architecture-images] running  Publish architecture images
[036.publish-architecture-images] passed   414.1s
[037.publish-image-manifests] running  Publish image manifests
[037.publish-image-manifests] passed   283.2s
[038.publish-image-aliases] running  Publish image aliases
[038.publish-image-aliases] passed   79.3s
[039.acquire-staged-cosign-credentials] running  Acquire staged Cosign credentials
[039.acquire-staged-cosign-credentials] passed   7.9s
[040.attest-published-images] running  Attest published images
[040.attest-published-images/create-remote-sbom-directory] running  Create remote SBOM directory
[040.attest-published-images/create-remote-sbom-directory] passed   2.0s
[040.attest-published-images/transfer-release-predicate] running  Transfer release predicate
[040.attest-published-images/transfer-release-predicate] passed   1.4s
[040.attest-published-images/cosign-public-key-tmp-nanofaas-release-credentials-wdlqcz-cosign-key] running  cosign public-key /tmp/nanofaas-release-credentials.WdlQCZ/cosign-key
[040.attest-published-images/cosign-public-key-tmp-nanofaas-release-credentials-wdlqcz-cosign-key] passed   10.6s
[040.attest-published-images/verify-derived-cosign-public-key] running  Verify derived cosign public key
[040.attest-published-images/verify-derived-cosign-public-key] passed   1.7s
[040.attest-published-images/attest-ghcr-io-miciav-nanofaas-bash-figlet-sha256-a35feb42dd265cf54fed69a7a6ecf136c29d6c4ba50723d30cb29730efa12325-90983b06] running  Attest ghcr.io/miciav/nanofaas/bash-figlet@sha256:a35feb42dd265cf54fed69a7a6ecf136c29d6c4ba50723d30cb29730efa12325 90983b06
[040.attest-published-images/attest-ghcr-io-miciav-nanofaas-bash-figlet-sha256-a35feb42dd265cf54fed69a7a6ecf136c29d6c4ba50723d30cb29730efa12325-90983b06/syft-sbom-ghcr-io-miciav-nanofaas-bash-figlet-sha256-a35feb42dd265cf54fed69a7a6ecf136c29d6c4ba50723d30cb29730efa12325] running  Syft SBOM ghcr.io/miciav/nanofaas/bash-figlet@sha256:a35feb42dd265cf54fed69a7a6ecf136c29d6c4ba50723d30cb29730efa12325
[040.attest-published-images/attest-ghcr-io-miciav-nanofaas-bash-figlet-sha256-a35feb42dd265cf54fed69a7a6ecf136c29d6c4ba50723d30cb29730efa12325-90983b06/syft-sbom-ghcr-io-miciav-nanofaas-bash-figlet-sha256-a35feb42dd265cf54fed69a7a6ecf136c29d6c4ba50723d30cb29730efa12325] passed   9.8s
[040.attest-published-images/attest-ghcr-io-miciav-nanofaas-bash-figlet-sha256-a35feb42dd265cf54fed69a7a6ecf136c29d6c4ba50723d30cb29730efa12325-90983b06/cosign-sign-ghcr-io-miciav-nanofaas-bash-figlet-sha256-a35feb42dd265cf54fed69a7a6ecf136c29d6c4ba50723d30cb29730efa12325] running  cosign sign ghcr.io/miciav/nanofaas/bash-figlet@sha256:a35feb42dd265cf54fed69a7a6ecf136c29d6c4ba50723d30cb29730efa12325
[040.attest-published-images/attest-ghcr-io-miciav-nanofaas-bash-figlet-sha256-a35feb42dd265cf54fed69a7a6ecf136c29d6c4ba50723d30cb29730efa12325-90983b06/cosign-sign-ghcr-io-miciav-nanofaas-bash-figlet-sha256-a35feb42dd265cf54fed69a7a6ecf136c29d6c4ba50723d30cb29730efa12325] passed   6.3s
[040.attest-published-images/attest-ghcr-io-miciav-nanofaas-bash-figlet-sha256-a35feb42dd265cf54fed69a7a6ecf136c29d6c4ba50723d30cb29730efa12325-90983b06/cosign-attest-ghcr-io-miciav-nanofaas-bash-figlet-sha256-a35feb42dd265cf54fed69a7a6ecf136c29d6c4ba50723d30cb29730efa12325] running  cosign attest ghcr.io/miciav/nanofaas/bash-figlet@sha256:a35feb42dd265cf54fed69a7a6ecf136c29d6c4ba50723d30cb29730efa12325
[040.attest-published-images/attest-ghcr-io-miciav-nanofaas-bash-figlet-sha256-a35feb42dd265cf54fed69a7a6ecf136c29d6c4ba50723d30cb29730efa12325-90983b06/cosign-attest-ghcr-io-miciav-nanofaas-bash-figlet-sha256-a35feb42dd265cf54fed69a7a6ecf136c29d6c4ba50723d30cb29730efa12325] passed   7.4s
[040.attest-published-images/attest-ghcr-io-miciav-nanofaas-bash-figlet-sha256-a35feb42dd265cf54fed69a7a6ecf136c29d6c4ba50723d30cb29730efa12325-90983b06/cosign-attach-sbom-ghcr-io-miciav-nanofaas-bash-figlet-sha256-a35feb42dd265cf54fed69a7a6ecf136c29d6c4ba50723d30cb29730efa12325] running  cosign attach sbom ghcr.io/miciav/nanofaas/bash-figlet@sha256:a35feb42dd265cf54fed69a7a6ecf136c29d6c4ba50723d30cb29730efa12325
[040.attest-published-images/attest-ghcr-io-miciav-nanofaas-bash-figlet-sha256-a35feb42dd265cf54fed69a7a6ecf136c29d6c4ba50723d30cb29730efa12325-90983b06/cosign-attach-sbom-ghcr-io-miciav-nanofaas-bash-figlet-sha256-a35feb42dd265cf54fed69a7a6ecf136c29d6c4ba50723d30cb29730efa12325] passed   6.0s
[040.attest-published-images/attest-ghcr-io-miciav-nanofaas-bash-figlet-sha256-a35feb42dd265cf54fed69a7a6ecf136c29d6c4ba50723d30cb29730efa12325-90983b06/cosign-verify-ghcr-io-miciav-nanofaas-bash-figlet-sha256-a35feb42dd265cf54fed69a7a6ecf136c29d6c4ba50723d30cb29730efa12325] running  cosign verify ghcr.io/miciav/nanofaas/bash-figlet@sha256:a35feb42dd265cf54fed69a7a6ecf136c29d6c4ba50723d30cb29730efa12325
[040.attest-published-images/attest-ghcr-io-miciav-nanofaas-bash-figlet-sha256-a35feb42dd265cf54fed69a7a6ecf136c29d6c4ba50723d30cb29730efa12325-90983b06/cosign-verify-ghcr-io-miciav-nanofaas-bash-figlet-sha256-a35feb42dd265cf54fed69a7a6ecf136c29d6c4ba50723d30cb29730efa12325] passed   3.4s
[040.attest-published-images/attest-ghcr-io-miciav-nanofaas-bash-figlet-sha256-a35feb42dd265cf54fed69a7a6ecf136c29d6c4ba50723d30cb29730efa12325-90983b06/cosign-verify-attestation-ghcr-io-miciav-nanofaas-bash-figlet-sha256-a35feb42dd265cf54fed69a7a6ecf136c29d6c4ba50723d30cb29730efa12325] running  cosign verify-attestation ghcr.io/miciav/nanofaas/bash-figlet@sha256:a35feb42dd265cf54fed69a7a6ecf136c29d6c4ba50723d30cb29730efa12325
[040.attest-published-images/attest-ghcr-io-miciav-nanofaas-bash-figlet-sha256-a35feb42dd265cf54fed69a7a6ecf136c29d6c4ba50723d30cb29730efa12325-90983b06/cosign-verify-attestation-ghcr-io-miciav-nanofaas-bash-figlet-sha256-a35feb42dd265cf54fed69a7a6ecf136c29d6c4ba50723d30cb29730efa12325] passed   3.9s
[040.attest-published-images/attest-ghcr-io-miciav-nanofaas-bash-figlet-sha256-a35feb42dd265cf54fed69a7a6ecf136c29d6c4ba50723d30cb29730efa12325-90983b06] passed   36.7s
[040.attest-published-images/attest-ghcr-io-miciav-nanofaas-bash-figlet-sha256-155bec34f97aed8a20e342201cf28f9462113b119425071e77758481e250da89-4e1c54e8] running  Attest ghcr.io/miciav/nanofaas/bash-figlet@sha256:155bec34f97aed8a20e342201cf28f9462113b119425071e77758481e250da89 4e1c54e8
[040.attest-published-images/attest-ghcr-io-miciav-nanofaas-bash-figlet-sha256-155bec34f97aed8a20e342201cf28f9462113b119425071e77758481e250da89-4e1c54e8/syft-sbom-ghcr-io-miciav-nanofaas-bash-figlet-sha256-155bec34f97aed8a20e342201cf28f9462113b119425071e77758481e250da89] running  Syft SBOM ghcr.io/miciav/nanofaas/bash-figlet@sha256:155bec34f97aed8a20e342201cf28f9462113b119425071e77758481e250da89
[040.attest-published-images/attest-ghcr-io-miciav-nanofaas-bash-figlet-sha256-155bec34f97aed8a20e342201cf28f9462113b119425071e77758481e250da89-4e1c54e8/syft-sbom-ghcr-io-miciav-nanofaas-bash-figlet-sha256-155bec34f97aed8a20e342201cf28f9462113b119425071e77758481e250da89] passed   6.0s
[040.attest-published-images/attest-ghcr-io-miciav-nanofaas-bash-figlet-sha256-155bec34f97aed8a20e342201cf28f9462113b119425071e77758481e250da89-4e1c54e8/cosign-sign-ghcr-io-miciav-nanofaas-bash-figlet-sha256-155bec34f97aed8a20e342201cf28f9462113b119425071e77758481e250da89] running  cosign sign ghcr.io/miciav/nanofaas/bash-figlet@sha256:155bec34f97aed8a20e342201cf28f9462113b119425071e77758481e250da89
[040.attest-published-images/attest-ghcr-io-miciav-nanofaas-bash-figlet-sha256-155bec34f97aed8a20e342201cf28f9462113b119425071e77758481e250da89-4e1c54e8/cosign-sign-ghcr-io-miciav-nanofaas-bash-figlet-sha256-155bec34f97aed8a20e342201cf28f9462113b119425071e77758481e250da89] passed   5.6s
[040.attest-published-images/attest-ghcr-io-miciav-nanofaas-bash-figlet-sha256-155bec34f97aed8a20e342201cf28f9462113b119425071e77758481e250da89-4e1c54e8/cosign-attest-ghcr-io-miciav-nanofaas-bash-figlet-sha256-155bec34f97aed8a20e342201cf28f9462113b119425071e77758481e250da89] running  cosign attest ghcr.io/miciav/nanofaas/bash-figlet@sha256:155bec34f97aed8a20e342201cf28f9462113b119425071e77758481e250da89
[040.attest-published-images/attest-ghcr-io-miciav-nanofaas-bash-figlet-sha256-155bec34f97aed8a20e342201cf28f9462113b119425071e77758481e250da89-4e1c54e8/cosign-attest-ghcr-io-miciav-nanofaas-bash-figlet-sha256-155bec34f97aed8a20e342201cf28f9462113b119425071e77758481e250da89] passed   5.6s
[040.attest-published-images/attest-ghcr-io-miciav-nanofaas-bash-figlet-sha256-155bec34f97aed8a20e342201cf28f9462113b119425071e77758481e250da89-4e1c54e8/cosign-attach-sbom-ghcr-io-miciav-nanofaas-bash-figlet-sha256-155bec34f97aed8a20e342201cf28f9462113b119425071e77758481e250da89] running  cosign attach sbom ghcr.io/miciav/nanofaas/bash-figlet@sha256:155bec34f97aed8a20e342201cf28f9462113b119425071e77758481e250da89
[040.attest-published-images/attest-ghcr-io-miciav-nanofaas-bash-figlet-sha256-155bec34f97aed8a20e342201cf28f9462113b119425071e77758481e250da89-4e1c54e8/cosign-attach-sbom-ghcr-io-miciav-nanofaas-bash-figlet-sha256-155bec34f97aed8a20e342201cf28f9462113b119425071e77758481e250da89] passed   4.5s
[040.attest-published-images/attest-ghcr-io-miciav-nanofaas-bash-figlet-sha256-155bec34f97aed8a20e342201cf28f9462113b119425071e77758481e250da89-4e1c54e8/cosign-verify-ghcr-io-miciav-nanofaas-bash-figlet-sha256-155bec34f97aed8a20e342201cf28f9462113b119425071e77758481e250da89] running  cosign verify ghcr.io/miciav/nanofaas/bash-figlet@sha256:155bec34f97aed8a20e342201cf28f9462113b119425071e77758481e250da89
[040.attest-published-images/attest-ghcr-io-miciav-nanofaas-bash-figlet-sha256-155bec34f97aed8a20e342201cf28f9462113b119425071e77758481e250da89-4e1c54e8/cosign-verify-ghcr-io-miciav-nanofaas-bash-figlet-sha256-155bec34f97aed8a20e342201cf28f9462113b119425071e77758481e250da89] passed   3.5s
[040.attest-published-images/attest-ghcr-io-miciav-nanofaas-bash-figlet-sha256-155bec34f97aed8a20e342201cf28f9462113b119425071e77758481e250da89-4e1c54e8/cosign-verify-attestation-ghcr-io-miciav-nanofaas-bash-figlet-sha256-155bec34f97aed8a20e342201cf28f9462113b119425071e77758481e250da89] running  cosign verify-attestation ghcr.io/miciav/nanofaas/bash-figlet@sha256:155bec34f97aed8a20e342201cf28f9462113b119425071e77758481e250da89
[040.attest-published-images/attest-ghcr-io-miciav-nanofaas-bash-figlet-sha256-155bec34f97aed8a20e342201cf28f9462113b119425071e77758481e250da89-4e1c54e8/cosign-verify-attestation-ghcr-io-miciav-nanofaas-bash-figlet-sha256-155bec34f97aed8a20e342201cf28f9462113b119425071e77758481e250da89] passed   3.9s
[040.attest-published-images/attest-ghcr-io-miciav-nanofaas-bash-figlet-sha256-155bec34f97aed8a20e342201cf28f9462113b119425071e77758481e250da89-4e1c54e8] passed   29.0s
[040.attest-published-images/attest-ghcr-io-miciav-nanofaas-bash-figlet-sha256-376e30a02825741a3973668a000005e49b2892917478a5f1190bfe2849a74302-1e9eb792] running  Attest ghcr.io/miciav/nanofaas/bash-figlet@sha256:376e30a02825741a3973668a000005e49b2892917478a5f1190bfe2849a74302 1e9eb792
[040.attest-published-images/attest-ghcr-io-miciav-nanofaas-bash-figlet-sha256-376e30a02825741a3973668a000005e49b2892917478a5f1190bfe2849a74302-1e9eb792/syft-sbom-ghcr-io-miciav-nanofaas-bash-figlet-sha256-376e30a02825741a3973668a000005e49b2892917478a5f1190bfe2849a74302] running  Syft SBOM ghcr.io/miciav/nanofaas/bash-figlet@sha256:376e30a02825741a3973668a000005e49b2892917478a5f1190bfe2849a74302
[040.attest-published-images/attest-ghcr-io-miciav-nanofaas-bash-figlet-sha256-376e30a02825741a3973668a000005e49b2892917478a5f1190bfe2849a74302-1e9eb792/syft-sbom-ghcr-io-miciav-nanofaas-bash-figlet-sha256-376e30a02825741a3973668a000005e49b2892917478a5f1190bfe2849a74302] passed   6.5s
[040.attest-published-images/attest-ghcr-io-miciav-nanofaas-bash-figlet-sha256-376e30a02825741a3973668a000005e49b2892917478a5f1190bfe2849a74302-1e9eb792/cosign-sign-ghcr-io-miciav-nanofaas-bash-figlet-sha256-376e30a02825741a3973668a000005e49b2892917478a5f1190bfe2849a74302] running  cosign sign ghcr.io/miciav/nanofaas/bash-figlet@sha256:376e30a02825741a3973668a000005e49b2892917478a5f1190bfe2849a74302
[040.attest-published-images/attest-ghcr-io-miciav-nanofaas-bash-figlet-sha256-376e30a02825741a3973668a000005e49b2892917478a5f1190bfe2849a74302-1e9eb792/cosign-sign-ghcr-io-miciav-nanofaas-bash-figlet-sha256-376e30a02825741a3973668a000005e49b2892917478a5f1190bfe2849a74302] passed   6.3s
[040.attest-published-images/attest-ghcr-io-miciav-nanofaas-bash-figlet-sha256-376e30a02825741a3973668a000005e49b2892917478a5f1190bfe2849a74302-1e9eb792/cosign-attest-ghcr-io-miciav-nanofaas-bash-figlet-sha256-376e30a02825741a3973668a000005e49b2892917478a5f1190bfe2849a74302] running  cosign attest ghcr.io/miciav/nanofaas/bash-figlet@sha256:376e30a02825741a3973668a000005e49b2892917478a5f1190bfe2849a74302
[040.attest-published-images/attest-ghcr-io-miciav-nanofaas-bash-figlet-sha256-376e30a02825741a3973668a000005e49b2892917478a5f1190bfe2849a74302-1e9eb792/cosign-attest-ghcr-io-miciav-nanofaas-bash-figlet-sha256-376e30a02825741a3973668a000005e49b2892917478a5f1190bfe2849a74302] passed   5.4s
[040.attest-published-images/attest-ghcr-io-miciav-nanofaas-bash-figlet-sha256-376e30a02825741a3973668a000005e49b2892917478a5f1190bfe2849a74302-1e9eb792/cosign-attach-sbom-ghcr-io-miciav-nanofaas-bash-figlet-sha256-376e30a02825741a3973668a000005e49b2892917478a5f1190bfe2849a74302] running  cosign attach sbom ghcr.io/miciav/nanofaas/bash-figlet@sha256:376e30a02825741a3973668a000005e49b2892917478a5f1190bfe2849a74302
[040.attest-published-images/attest-ghcr-io-miciav-nanofaas-bash-figlet-sha256-376e30a02825741a3973668a000005e49b2892917478a5f1190bfe2849a74302-1e9eb792/cosign-attach-sbom-ghcr-io-miciav-nanofaas-bash-figlet-sha256-376e30a02825741a3973668a000005e49b2892917478a5f1190bfe2849a74302] passed   4.8s
[040.attest-published-images/attest-ghcr-io-miciav-nanofaas-bash-figlet-sha256-376e30a02825741a3973668a000005e49b2892917478a5f1190bfe2849a74302-1e9eb792/cosign-verify-ghcr-io-miciav-nanofaas-bash-figlet-sha256-376e30a02825741a3973668a000005e49b2892917478a5f1190bfe2849a74302] running  cosign verify ghcr.io/miciav/nanofaas/bash-figlet@sha256:376e30a02825741a3973668a000005e49b2892917478a5f1190bfe2849a74302
[040.attest-published-images/attest-ghcr-io-miciav-nanofaas-bash-figlet-sha256-376e30a02825741a3973668a000005e49b2892917478a5f1190bfe2849a74302-1e9eb792/cosign-verify-ghcr-io-miciav-nanofaas-bash-figlet-sha256-376e30a02825741a3973668a000005e49b2892917478a5f1190bfe2849a74302] passed   4.0s
[040.attest-published-images/attest-ghcr-io-miciav-nanofaas-bash-figlet-sha256-376e30a02825741a3973668a000005e49b2892917478a5f1190bfe2849a74302-1e9eb792/cosign-verify-attestation-ghcr-io-miciav-nanofaas-bash-figlet-sha256-376e30a02825741a3973668a000005e49b2892917478a5f1190bfe2849a74302] running  cosign verify-attestation ghcr.io/miciav/nanofaas/bash-figlet@sha256:376e30a02825741a3973668a000005e49b2892917478a5f1190bfe2849a74302
[040.attest-published-images/attest-ghcr-io-miciav-nanofaas-bash-figlet-sha256-376e30a02825741a3973668a000005e49b2892917478a5f1190bfe2849a74302-1e9eb792/cosign-verify-attestation-ghcr-io-miciav-nanofaas-bash-figlet-sha256-376e30a02825741a3973668a000005e49b2892917478a5f1190bfe2849a74302] passed   3.7s
[040.attest-published-images/attest-ghcr-io-miciav-nanofaas-bash-figlet-sha256-376e30a02825741a3973668a000005e49b2892917478a5f1190bfe2849a74302-1e9eb792] passed   30.8s
[040.attest-published-images/attest-ghcr-io-miciav-nanofaas-bash-json-transform-sha256-4554ef35d330eed78899ce1699326ae09bbd8d384d71256a7022456fa3ec73b3-a3678795] running  Attest ghcr.io/miciav/nanofaas/bash-json-transform@sha256:4554ef35d330eed78899ce1699326ae09bbd8d384d71256a7022456fa3ec73b3 a3678795
[040.attest-published-images/attest-ghcr-io-miciav-nanofaas-bash-json-transform-sha256-4554ef35d330eed78899ce1699326ae09bbd8d384d71256a7022456fa3ec73b3-a3678795/syft-sbom-ghcr-io-miciav-nanofaas-bash-json-transform-sha256-4554ef35d330eed78899ce1699326ae09bbd8d384d71256a7022456fa3ec73b3] running  Syft SBOM ghcr.io/miciav/nanofaas/bash-json-transform@sha256:4554ef35d330eed78899ce1699326ae09bbd8d384d71256a7022456fa3ec73b3
[040.attest-published-images/attest-ghcr-io-miciav-nanofaas-bash-json-transform-sha256-4554ef35d330eed78899ce1699326ae09bbd8d384d71256a7022456fa3ec73b3-a3678795/syft-sbom-ghcr-io-miciav-nanofaas-bash-json-transform-sha256-4554ef35d330eed78899ce1699326ae09bbd8d384d71256a7022456fa3ec73b3] passed   6.8s
[040.attest-published-images/attest-ghcr-io-miciav-nanofaas-bash-json-transform-sha256-4554ef35d330eed78899ce1699326ae09bbd8d384d71256a7022456fa3ec73b3-a3678795/cosign-sign-ghcr-io-miciav-nanofaas-bash-json-transform-sha256-4554ef35d330eed78899ce1699326ae09bbd8d384d71256a7022456fa3ec73b3] running  cosign sign ghcr.io/miciav/nanofaas/bash-json-transform@sha256:4554ef35d330eed78899ce1699326ae09bbd8d384d71256a7022456fa3ec73b3
[040.attest-published-images/attest-ghcr-io-miciav-nanofaas-bash-json-transform-sha256-4554ef35d330eed78899ce1699326ae09bbd8d384d71256a7022456fa3ec73b3-a3678795/cosign-sign-ghcr-io-miciav-nanofaas-bash-json-transform-sha256-4554ef35d330eed78899ce1699326ae09bbd8d384d71256a7022456fa3ec73b3] passed   5.5s
[040.attest-published-images/attest-ghcr-io-miciav-nanofaas-bash-json-transform-sha256-4554ef35d330eed78899ce1699326ae09bbd8d384d71256a7022456fa3ec73b3-a3678795/cosign-attest-ghcr-io-miciav-nanofaas-bash-json-transform-sha256-4554ef35d330eed78899ce1699326ae09bbd8d384d71256a7022456fa3ec73b3] running  cosign attest ghcr.io/miciav/nanofaas/bash-json-transform@sha256:4554ef35d330eed78899ce1699326ae09bbd8d384d71256a7022456fa3ec73b3
[040.attest-published-images/attest-ghcr-io-miciav-nanofaas-bash-json-transform-sha256-4554ef35d330eed78899ce1699326ae09bbd8d384d71256a7022456fa3ec73b3-a3678795/cosign-attest-ghcr-io-miciav-nanofaas-bash-json-transform-sha256-4554ef35d330eed78899ce1699326ae09bbd8d384d71256a7022456fa3ec73b3] passed   5.6s
[040.attest-published-images/attest-ghcr-io-miciav-nanofaas-bash-json-transform-sha256-4554ef35d330eed78899ce1699326ae09bbd8d384d71256a7022456fa3ec73b3-a3678795/cosign-attach-sbom-ghcr-io-miciav-nanofaas-bash-json-transform-sha256-4554ef35d330eed78899ce1699326ae09bbd8d384d71256a7022456fa3ec73b3] running  cosign attach sbom ghcr.io/miciav/nanofaas/bash-json-transform@sha256:4554ef35d330eed78899ce1699326ae09bbd8d384d71256a7022456fa3ec73b3
[040.attest-published-images/attest-ghcr-io-miciav-nanofaas-bash-json-transform-sha256-4554ef35d330eed78899ce1699326ae09bbd8d384d71256a7022456fa3ec73b3-a3678795/cosign-attach-sbom-ghcr-io-miciav-nanofaas-bash-json-transform-sha256-4554ef35d330eed78899ce1699326ae09bbd8d384d71256a7022456fa3ec73b3] passed   4.6s
[040.attest-published-images/attest-ghcr-io-miciav-nanofaas-bash-json-transform-sha256-4554ef35d330eed78899ce1699326ae09bbd8d384d71256a7022456fa3ec73b3-a3678795/cosign-verify-ghcr-io-miciav-nanofaas-bash-json-transform-sha256-4554ef35d330eed78899ce1699326ae09bbd8d384d71256a7022456fa3ec73b3] running  cosign verify ghcr.io/miciav/nanofaas/bash-json-transform@sha256:4554ef35d330eed78899ce1699326ae09bbd8d384d71256a7022456fa3ec73b3
[040.attest-published-images/attest-ghcr-io-miciav-nanofaas-bash-json-transform-sha256-4554ef35d330eed78899ce1699326ae09bbd8d384d71256a7022456fa3ec73b3-a3678795/cosign-verify-ghcr-io-miciav-nanofaas-bash-json-transform-sha256-4554ef35d330eed78899ce1699326ae09bbd8d384d71256a7022456fa3ec73b3] passed   3.5s
[040.attest-published-images/attest-ghcr-io-miciav-nanofaas-bash-json-transform-sha256-4554ef35d330eed78899ce1699326ae09bbd8d384d71256a7022456fa3ec73b3-a3678795/cosign-verify-attestation-ghcr-io-miciav-nanofaas-bash-json-transform-sha256-4554ef35d330eed78899ce1699326ae09bbd8d384d71256a7022456fa3ec73b3] running  cosign verify-attestation ghcr.io/miciav/nanofaas/bash-json-transform@sha256:4554ef35d330eed78899ce1699326ae09bbd8d384d71256a7022456fa3ec73b3
[040.attest-published-images/attest-ghcr-io-miciav-nanofaas-bash-json-transform-sha256-4554ef35d330eed78899ce1699326ae09bbd8d384d71256a7022456fa3ec73b3-a3678795/cosign-verify-attestation-ghcr-io-miciav-nanofaas-bash-json-transform-sha256-4554ef35d330eed78899ce1699326ae09bbd8d384d71256a7022456fa3ec73b3] passed   4.2s
[040.attest-published-images/attest-ghcr-io-miciav-nanofaas-bash-json-transform-sha256-4554ef35d330eed78899ce1699326ae09bbd8d384d71256a7022456fa3ec73b3-a3678795] passed   30.1s
[040.attest-published-images/attest-ghcr-io-miciav-nanofaas-bash-json-transform-sha256-40a8c2402567f64c9d20a782fa4fcbc20eb17cd5d9bb4b238f551c25b9d1c9a7-28560f6f] running  Attest ghcr.io/miciav/nanofaas/bash-json-transform@sha256:40a8c2402567f64c9d20a782fa4fcbc20eb17cd5d9bb4b238f551c25b9d1c9a7 28560f6f
[040.attest-published-images/attest-ghcr-io-miciav-nanofaas-bash-json-transform-sha256-40a8c2402567f64c9d20a782fa4fcbc20eb17cd5d9bb4b238f551c25b9d1c9a7-28560f6f/syft-sbom-ghcr-io-miciav-nanofaas-bash-json-transform-sha256-40a8c2402567f64c9d20a782fa4fcbc20eb17cd5d9bb4b238f551c25b9d1c9a7] running  Syft SBOM ghcr.io/miciav/nanofaas/bash-json-transform@sha256:40a8c2402567f64c9d20a782fa4fcbc20eb17cd5d9bb4b238f551c25b9d1c9a7
[040.attest-published-images/attest-ghcr-io-miciav-nanofaas-bash-json-transform-sha256-40a8c2402567f64c9d20a782fa4fcbc20eb17cd5d9bb4b238f551c25b9d1c9a7-28560f6f/syft-sbom-ghcr-io-miciav-nanofaas-bash-json-transform-sha256-40a8c2402567f64c9d20a782fa4fcbc20eb17cd5d9bb4b238f551c25b9d1c9a7] passed   5.2s
[040.attest-published-images/attest-ghcr-io-miciav-nanofaas-bash-json-transform-sha256-40a8c2402567f64c9d20a782fa4fcbc20eb17cd5d9bb4b238f551c25b9d1c9a7-28560f6f/cosign-sign-ghcr-io-miciav-nanofaas-bash-json-transform-sha256-40a8c2402567f64c9d20a782fa4fcbc20eb17cd5d9bb4b238f551c25b9d1c9a7] running  cosign sign ghcr.io/miciav/nanofaas/bash-json-transform@sha256:40a8c2402567f64c9d20a782fa4fcbc20eb17cd5d9bb4b238f551c25b9d1c9a7
[040.attest-published-images/attest-ghcr-io-miciav-nanofaas-bash-json-transform-sha256-40a8c2402567f64c9d20a782fa4fcbc20eb17cd5d9bb4b238f551c25b9d1c9a7-28560f6f/cosign-sign-ghcr-io-miciav-nanofaas-bash-json-transform-sha256-40a8c2402567f64c9d20a782fa4fcbc20eb17cd5d9bb4b238f551c25b9d1c9a7] passed   6.2s
[040.attest-published-images/attest-ghcr-io-miciav-nanofaas-bash-json-transform-sha256-40a8c2402567f64c9d20a782fa4fcbc20eb17cd5d9bb4b238f551c25b9d1c9a7-28560f6f/cosign-attest-ghcr-io-miciav-nanofaas-bash-json-transform-sha256-40a8c2402567f64c9d20a782fa4fcbc20eb17cd5d9bb4b238f551c25b9d1c9a7] running  cosign attest ghcr.io/miciav/nanofaas/bash-json-transform@sha256:40a8c2402567f64c9d20a782fa4fcbc20eb17cd5d9bb4b238f551c25b9d1c9a7
[040.attest-published-images/attest-ghcr-io-miciav-nanofaas-bash-json-transform-sha256-40a8c2402567f64c9d20a782fa4fcbc20eb17cd5d9bb4b238f551c25b9d1c9a7-28560f6f/cosign-attest-ghcr-io-miciav-nanofaas-bash-json-transform-sha256-40a8c2402567f64c9d20a782fa4fcbc20eb17cd5d9bb4b238f551c25b9d1c9a7] passed   6.2s
[040.attest-published-images/attest-ghcr-io-miciav-nanofaas-bash-json-transform-sha256-40a8c2402567f64c9d20a782fa4fcbc20eb17cd5d9bb4b238f551c25b9d1c9a7-28560f6f/cosign-attach-sbom-ghcr-io-miciav-nanofaas-bash-json-transform-sha256-40a8c2402567f64c9d20a782fa4fcbc20eb17cd5d9bb4b238f551c25b9d1c9a7] running  cosign attach sbom ghcr.io/miciav/nanofaas/bash-json-transform@sha256:40a8c2402567f64c9d20a782fa4fcbc20eb17cd5d9bb4b238f551c25b9d1c9a7
[040.attest-published-images/attest-ghcr-io-miciav-nanofaas-bash-json-transform-sha256-40a8c2402567f64c9d20a782fa4fcbc20eb17cd5d9bb4b238f551c25b9d1c9a7-28560f6f/cosign-attach-sbom-ghcr-io-miciav-nanofaas-bash-json-transform-sha256-40a8c2402567f64c9d20a782fa4fcbc20eb17cd5d9bb4b238f551c25b9d1c9a7] passed   4.6s
[040.attest-published-images/attest-ghcr-io-miciav-nanofaas-bash-json-transform-sha256-40a8c2402567f64c9d20a782fa4fcbc20eb17cd5d9bb4b238f551c25b9d1c9a7-28560f6f/cosign-verify-ghcr-io-miciav-nanofaas-bash-json-transform-sha256-40a8c2402567f64c9d20a782fa4fcbc20eb17cd5d9bb4b238f551c25b9d1c9a7] running  cosign verify ghcr.io/miciav/nanofaas/bash-json-transform@sha256:40a8c2402567f64c9d20a782fa4fcbc20eb17cd5d9bb4b238f551c25b9d1c9a7
[040.attest-published-images/attest-ghcr-io-miciav-nanofaas-bash-json-transform-sha256-40a8c2402567f64c9d20a782fa4fcbc20eb17cd5d9bb4b238f551c25b9d1c9a7-28560f6f/cosign-verify-ghcr-io-miciav-nanofaas-bash-json-transform-sha256-40a8c2402567f64c9d20a782fa4fcbc20eb17cd5d9bb4b238f551c25b9d1c9a7] passed   3.7s
[040.attest-published-images/attest-ghcr-io-miciav-nanofaas-bash-json-transform-sha256-40a8c2402567f64c9d20a782fa4fcbc20eb17cd5d9bb4b238f551c25b9d1c9a7-28560f6f/cosign-verify-attestation-ghcr-io-miciav-nanofaas-bash-json-transform-sha256-40a8c2402567f64c9d20a782fa4fcbc20eb17cd5d9bb4b238f551c25b9d1c9a7] running  cosign verify-attestation ghcr.io/miciav/nanofaas/bash-json-transform@sha256:40a8c2402567f64c9d20a782fa4fcbc20eb17cd5d9bb4b238f551c25b9d1c9a7
[040.attest-published-images/attest-ghcr-io-miciav-nanofaas-bash-json-transform-sha256-40a8c2402567f64c9d20a782fa4fcbc20eb17cd5d9bb4b238f551c25b9d1c9a7-28560f6f/cosign-verify-attestation-ghcr-io-miciav-nanofaas-bash-json-transform-sha256-40a8c2402567f64c9d20a782fa4fcbc20eb17cd5d9bb4b238f551c25b9d1c9a7] passed   3.8s
[040.attest-published-images/attest-ghcr-io-miciav-nanofaas-bash-json-transform-sha256-40a8c2402567f64c9d20a782fa4fcbc20eb17cd5d9bb4b238f551c25b9d1c9a7-28560f6f] passed   29.8s
[040.attest-published-images/attest-ghcr-io-miciav-nanofaas-bash-json-transform-sha256-e7f65aefc49b6baa6e5962abf8a7b15e5c48cf3680457e0945d2da8d691fcf48-37460465] running  Attest ghcr.io/miciav/nanofaas/bash-json-transform@sha256:e7f65aefc49b6baa6e5962abf8a7b15e5c48cf3680457e0945d2da8d691fcf48 37460465
[040.attest-published-images/attest-ghcr-io-miciav-nanofaas-bash-json-transform-sha256-e7f65aefc49b6baa6e5962abf8a7b15e5c48cf3680457e0945d2da8d691fcf48-37460465/syft-sbom-ghcr-io-miciav-nanofaas-bash-json-transform-sha256-e7f65aefc49b6baa6e5962abf8a7b15e5c48cf3680457e0945d2da8d691fcf48] running  Syft SBOM ghcr.io/miciav/nanofaas/bash-json-transform@sha256:e7f65aefc49b6baa6e5962abf8a7b15e5c48cf3680457e0945d2da8d691fcf48
[040.attest-published-images/attest-ghcr-io-miciav-nanofaas-bash-json-transform-sha256-e7f65aefc49b6baa6e5962abf8a7b15e5c48cf3680457e0945d2da8d691fcf48-37460465/syft-sbom-ghcr-io-miciav-nanofaas-bash-json-transform-sha256-e7f65aefc49b6baa6e5962abf8a7b15e5c48cf3680457e0945d2da8d691fcf48] passed   5.8s
[040.attest-published-images/attest-ghcr-io-miciav-nanofaas-bash-json-transform-sha256-e7f65aefc49b6baa6e5962abf8a7b15e5c48cf3680457e0945d2da8d691fcf48-37460465/cosign-sign-ghcr-io-miciav-nanofaas-bash-json-transform-sha256-e7f65aefc49b6baa6e5962abf8a7b15e5c48cf3680457e0945d2da8d691fcf48] running  cosign sign ghcr.io/miciav/nanofaas/bash-json-transform@sha256:e7f65aefc49b6baa6e5962abf8a7b15e5c48cf3680457e0945d2da8d691fcf48
[040.attest-published-images/attest-ghcr-io-miciav-nanofaas-bash-json-transform-sha256-e7f65aefc49b6baa6e5962abf8a7b15e5c48cf3680457e0945d2da8d691fcf48-37460465/cosign-sign-ghcr-io-miciav-nanofaas-bash-json-transform-sha256-e7f65aefc49b6baa6e5962abf8a7b15e5c48cf3680457e0945d2da8d691fcf48] passed   6.5s
[040.attest-published-images/attest-ghcr-io-miciav-nanofaas-bash-json-transform-sha256-e7f65aefc49b6baa6e5962abf8a7b15e5c48cf3680457e0945d2da8d691fcf48-37460465/cosign-attest-ghcr-io-miciav-nanofaas-bash-json-transform-sha256-e7f65aefc49b6baa6e5962abf8a7b15e5c48cf3680457e0945d2da8d691fcf48] running  cosign attest ghcr.io/miciav/nanofaas/bash-json-transform@sha256:e7f65aefc49b6baa6e5962abf8a7b15e5c48cf3680457e0945d2da8d691fcf48
[040.attest-published-images/attest-ghcr-io-miciav-nanofaas-bash-json-transform-sha256-e7f65aefc49b6baa6e5962abf8a7b15e5c48cf3680457e0945d2da8d691fcf48-37460465/cosign-attest-ghcr-io-miciav-nanofaas-bash-json-transform-sha256-e7f65aefc49b6baa6e5962abf8a7b15e5c48cf3680457e0945d2da8d691fcf48] passed   6.3s
[040.attest-published-images/attest-ghcr-io-miciav-nanofaas-bash-json-transform-sha256-e7f65aefc49b6baa6e5962abf8a7b15e5c48cf3680457e0945d2da8d691fcf48-37460465/cosign-attach-sbom-ghcr-io-miciav-nanofaas-bash-json-transform-sha256-e7f65aefc49b6baa6e5962abf8a7b15e5c48cf3680457e0945d2da8d691fcf48] running  cosign attach sbom ghcr.io/miciav/nanofaas/bash-json-transform@sha256:e7f65aefc49b6baa6e5962abf8a7b15e5c48cf3680457e0945d2da8d691fcf48
[040.attest-published-images/attest-ghcr-io-miciav-nanofaas-bash-json-transform-sha256-e7f65aefc49b6baa6e5962abf8a7b15e5c48cf3680457e0945d2da8d691fcf48-37460465/cosign-attach-sbom-ghcr-io-miciav-nanofaas-bash-json-transform-sha256-e7f65aefc49b6baa6e5962abf8a7b15e5c48cf3680457e0945d2da8d691fcf48] passed   5.0s
[040.attest-published-images/attest-ghcr-io-miciav-nanofaas-bash-json-transform-sha256-e7f65aefc49b6baa6e5962abf8a7b15e5c48cf3680457e0945d2da8d691fcf48-37460465/cosign-verify-ghcr-io-miciav-nanofaas-bash-json-transform-sha256-e7f65aefc49b6baa6e5962abf8a7b15e5c48cf3680457e0945d2da8d691fcf48] running  cosign verify ghcr.io/miciav/nanofaas/bash-json-transform@sha256:e7f65aefc49b6baa6e5962abf8a7b15e5c48cf3680457e0945d2da8d691fcf48
[040.attest-published-images/attest-ghcr-io-miciav-nanofaas-bash-json-transform-sha256-e7f65aefc49b6baa6e5962abf8a7b15e5c48cf3680457e0945d2da8d691fcf48-37460465/cosign-verify-ghcr-io-miciav-nanofaas-bash-json-transform-sha256-e7f65aefc49b6baa6e5962abf8a7b15e5c48cf3680457e0945d2da8d691fcf48] passed   3.3s
[040.attest-published-images/attest-ghcr-io-miciav-nanofaas-bash-json-transform-sha256-e7f65aefc49b6baa6e5962abf8a7b15e5c48cf3680457e0945d2da8d691fcf48-37460465/cosign-verify-attestation-ghcr-io-miciav-nanofaas-bash-json-transform-sha256-e7f65aefc49b6baa6e5962abf8a7b15e5c48cf3680457e0945d2da8d691fcf48] running  cosign verify-attestation ghcr.io/miciav/nanofaas/bash-json-transform@sha256:e7f65aefc49b6baa6e5962abf8a7b15e5c48cf3680457e0945d2da8d691fcf48
[040.attest-published-images/attest-ghcr-io-miciav-nanofaas-bash-json-transform-sha256-e7f65aefc49b6baa6e5962abf8a7b15e5c48cf3680457e0945d2da8d691fcf48-37460465/cosign-verify-attestation-ghcr-io-miciav-nanofaas-bash-json-transform-sha256-e7f65aefc49b6baa6e5962abf8a7b15e5c48cf3680457e0945d2da8d691fcf48] passed   4.2s
[040.attest-published-images/attest-ghcr-io-miciav-nanofaas-bash-json-transform-sha256-e7f65aefc49b6baa6e5962abf8a7b15e5c48cf3680457e0945d2da8d691fcf48-37460465] passed   31.2s
[040.attest-published-images/attest-ghcr-io-miciav-nanofaas-bash-roman-numeral-sha256-d37bf3b530f2e3e2d42a560bfee7bad2c249dcf52bc58f68c8d2668eaaba149f-e4dcf0fd] running  Attest ghcr.io/miciav/nanofaas/bash-roman-numeral@sha256:d37bf3b530f2e3e2d42a560bfee7bad2c249dcf52bc58f68c8d2668eaaba149f e4dcf0fd
[040.attest-published-images/attest-ghcr-io-miciav-nanofaas-bash-roman-numeral-sha256-d37bf3b530f2e3e2d42a560bfee7bad2c249dcf52bc58f68c8d2668eaaba149f-e4dcf0fd/syft-sbom-ghcr-io-miciav-nanofaas-bash-roman-numeral-sha256-d37bf3b530f2e3e2d42a560bfee7bad2c249dcf52bc58f68c8d2668eaaba149f] running  Syft SBOM ghcr.io/miciav/nanofaas/bash-roman-numeral@sha256:d37bf3b530f2e3e2d42a560bfee7bad2c249dcf52bc58f68c8d2668eaaba149f
[040.attest-published-images/attest-ghcr-io-miciav-nanofaas-bash-roman-numeral-sha256-d37bf3b530f2e3e2d42a560bfee7bad2c249dcf52bc58f68c8d2668eaaba149f-e4dcf0fd/syft-sbom-ghcr-io-miciav-nanofaas-bash-roman-numeral-sha256-d37bf3b530f2e3e2d42a560bfee7bad2c249dcf52bc58f68c8d2668eaaba149f] passed   5.9s
[040.attest-published-images/attest-ghcr-io-miciav-nanofaas-bash-roman-numeral-sha256-d37bf3b530f2e3e2d42a560bfee7bad2c249dcf52bc58f68c8d2668eaaba149f-e4dcf0fd/cosign-sign-ghcr-io-miciav-nanofaas-bash-roman-numeral-sha256-d37bf3b530f2e3e2d42a560bfee7bad2c249dcf52bc58f68c8d2668eaaba149f] running  cosign sign ghcr.io/miciav/nanofaas/bash-roman-numeral@sha256:d37bf3b530f2e3e2d42a560bfee7bad2c249dcf52bc58f68c8d2668eaaba149f
[040.attest-published-images/attest-ghcr-io-miciav-nanofaas-bash-roman-numeral-sha256-d37bf3b530f2e3e2d42a560bfee7bad2c249dcf52bc58f68c8d2668eaaba149f-e4dcf0fd/cosign-sign-ghcr-io-miciav-nanofaas-bash-roman-numeral-sha256-d37bf3b530f2e3e2d42a560bfee7bad2c249dcf52bc58f68c8d2668eaaba149f] passed   5.6s
[040.attest-published-images/attest-ghcr-io-miciav-nanofaas-bash-roman-numeral-sha256-d37bf3b530f2e3e2d42a560bfee7bad2c249dcf52bc58f68c8d2668eaaba149f-e4dcf0fd/cosign-attest-ghcr-io-miciav-nanofaas-bash-roman-numeral-sha256-d37bf3b530f2e3e2d42a560bfee7bad2c249dcf52bc58f68c8d2668eaaba149f] running  cosign attest ghcr.io/miciav/nanofaas/bash-roman-numeral@sha256:d37bf3b530f2e3e2d42a560bfee7bad2c249dcf52bc58f68c8d2668eaaba149f
[040.attest-published-images/attest-ghcr-io-miciav-nanofaas-bash-roman-numeral-sha256-d37bf3b530f2e3e2d42a560bfee7bad2c249dcf52bc58f68c8d2668eaaba149f-e4dcf0fd/cosign-attest-ghcr-io-miciav-nanofaas-bash-roman-numeral-sha256-d37bf3b530f2e3e2d42a560bfee7bad2c249dcf52bc58f68c8d2668eaaba149f] passed   5.5s
[040.attest-published-images/attest-ghcr-io-miciav-nanofaas-bash-roman-numeral-sha256-d37bf3b530f2e3e2d42a560bfee7bad2c249dcf52bc58f68c8d2668eaaba149f-e4dcf0fd/cosign-attach-sbom-ghcr-io-miciav-nanofaas-bash-roman-numeral-sha256-d37bf3b530f2e3e2d42a560bfee7bad2c249dcf52bc58f68c8d2668eaaba149f] running  cosign attach sbom ghcr.io/miciav/nanofaas/bash-roman-numeral@sha256:d37bf3b530f2e3e2d42a560bfee7bad2c249dcf52bc58f68c8d2668eaaba149f
[040.attest-published-images/attest-ghcr-io-miciav-nanofaas-bash-roman-numeral-sha256-d37bf3b530f2e3e2d42a560bfee7bad2c249dcf52bc58f68c8d2668eaaba149f-e4dcf0fd/cosign-attach-sbom-ghcr-io-miciav-nanofaas-bash-roman-numeral-sha256-d37bf3b530f2e3e2d42a560bfee7bad2c249dcf52bc58f68c8d2668eaaba149f] passed   5.8s
[040.attest-published-images/attest-ghcr-io-miciav-nanofaas-bash-roman-numeral-sha256-d37bf3b530f2e3e2d42a560bfee7bad2c249dcf52bc58f68c8d2668eaaba149f-e4dcf0fd/cosign-verify-ghcr-io-miciav-nanofaas-bash-roman-numeral-sha256-d37bf3b530f2e3e2d42a560bfee7bad2c249dcf52bc58f68c8d2668eaaba149f] running  cosign verify ghcr.io/miciav/nanofaas/bash-roman-numeral@sha256:d37bf3b530f2e3e2d42a560bfee7bad2c249dcf52bc58f68c8d2668eaaba149f
[040.attest-published-images/attest-ghcr-io-miciav-nanofaas-bash-roman-numeral-sha256-d37bf3b530f2e3e2d42a560bfee7bad2c249dcf52bc58f68c8d2668eaaba149f-e4dcf0fd/cosign-verify-ghcr-io-miciav-nanofaas-bash-roman-numeral-sha256-d37bf3b530f2e3e2d42a560bfee7bad2c249dcf52bc58f68c8d2668eaaba149f] passed   3.4s
[040.attest-published-images/attest-ghcr-io-miciav-nanofaas-bash-roman-numeral-sha256-d37bf3b530f2e3e2d42a560bfee7bad2c249dcf52bc58f68c8d2668eaaba149f-e4dcf0fd/cosign-verify-attestation-ghcr-io-miciav-nanofaas-bash-roman-numeral-sha256-d37bf3b530f2e3e2d42a560bfee7bad2c249dcf52bc58f68c8d2668eaaba149f] running  cosign verify-attestation ghcr.io/miciav/nanofaas/bash-roman-numeral@sha256:d37bf3b530f2e3e2d42a560bfee7bad2c249dcf52bc58f68c8d2668eaaba149f
[040.attest-published-images/attest-ghcr-io-miciav-nanofaas-bash-roman-numeral-sha256-d37bf3b530f2e3e2d42a560bfee7bad2c249dcf52bc58f68c8d2668eaaba149f-e4dcf0fd/cosign-verify-attestation-ghcr-io-miciav-nanofaas-bash-roman-numeral-sha256-d37bf3b530f2e3e2d42a560bfee7bad2c249dcf52bc58f68c8d2668eaaba149f] passed   3.8s
[040.attest-published-images/attest-ghcr-io-miciav-nanofaas-bash-roman-numeral-sha256-d37bf3b530f2e3e2d42a560bfee7bad2c249dcf52bc58f68c8d2668eaaba149f-e4dcf0fd] passed   30.0s
[040.attest-published-images/attest-ghcr-io-miciav-nanofaas-bash-roman-numeral-sha256-24d5c10a1623e001dcde14bef9c07649229e7d3e99d0ca37a862ecaa75f99cf2-3d2215fc] running  Attest ghcr.io/miciav/nanofaas/bash-roman-numeral@sha256:24d5c10a1623e001dcde14bef9c07649229e7d3e99d0ca37a862ecaa75f99cf2 3d2215fc
[040.attest-published-images/attest-ghcr-io-miciav-nanofaas-bash-roman-numeral-sha256-24d5c10a1623e001dcde14bef9c07649229e7d3e99d0ca37a862ecaa75f99cf2-3d2215fc/syft-sbom-ghcr-io-miciav-nanofaas-bash-roman-numeral-sha256-24d5c10a1623e001dcde14bef9c07649229e7d3e99d0ca37a862ecaa75f99cf2] running  Syft SBOM ghcr.io/miciav/nanofaas/bash-roman-numeral@sha256:24d5c10a1623e001dcde14bef9c07649229e7d3e99d0ca37a862ecaa75f99cf2
[040.attest-published-images/attest-ghcr-io-miciav-nanofaas-bash-roman-numeral-sha256-24d5c10a1623e001dcde14bef9c07649229e7d3e99d0ca37a862ecaa75f99cf2-3d2215fc/syft-sbom-ghcr-io-miciav-nanofaas-bash-roman-numeral-sha256-24d5c10a1623e001dcde14bef9c07649229e7d3e99d0ca37a862ecaa75f99cf2] passed   5.5s
[040.attest-published-images/attest-ghcr-io-miciav-nanofaas-bash-roman-numeral-sha256-24d5c10a1623e001dcde14bef9c07649229e7d3e99d0ca37a862ecaa75f99cf2-3d2215fc/cosign-sign-ghcr-io-miciav-nanofaas-bash-roman-numeral-sha256-24d5c10a1623e001dcde14bef9c07649229e7d3e99d0ca37a862ecaa75f99cf2] running  cosign sign ghcr.io/miciav/nanofaas/bash-roman-numeral@sha256:24d5c10a1623e001dcde14bef9c07649229e7d3e99d0ca37a862ecaa75f99cf2
[040.attest-published-images/attest-ghcr-io-miciav-nanofaas-bash-roman-numeral-sha256-24d5c10a1623e001dcde14bef9c07649229e7d3e99d0ca37a862ecaa75f99cf2-3d2215fc/cosign-sign-ghcr-io-miciav-nanofaas-bash-roman-numeral-sha256-24d5c10a1623e001dcde14bef9c07649229e7d3e99d0ca37a862ecaa75f99cf2] passed   5.7s
[040.attest-published-images/attest-ghcr-io-miciav-nanofaas-bash-roman-numeral-sha256-24d5c10a1623e001dcde14bef9c07649229e7d3e99d0ca37a862ecaa75f99cf2-3d2215fc/cosign-attest-ghcr-io-miciav-nanofaas-bash-roman-numeral-sha256-24d5c10a1623e001dcde14bef9c07649229e7d3e99d0ca37a862ecaa75f99cf2] running  cosign attest ghcr.io/miciav/nanofaas/bash-roman-numeral@sha256:24d5c10a1623e001dcde14bef9c07649229e7d3e99d0ca37a862ecaa75f99cf2
[040.attest-published-images/attest-ghcr-io-miciav-nanofaas-bash-roman-numeral-sha256-24d5c10a1623e001dcde14bef9c07649229e7d3e99d0ca37a862ecaa75f99cf2-3d2215fc/cosign-attest-ghcr-io-miciav-nanofaas-bash-roman-numeral-sha256-24d5c10a1623e001dcde14bef9c07649229e7d3e99d0ca37a862ecaa75f99cf2] passed   5.4s
[040.attest-published-images/attest-ghcr-io-miciav-nanofaas-bash-roman-numeral-sha256-24d5c10a1623e001dcde14bef9c07649229e7d3e99d0ca37a862ecaa75f99cf2-3d2215fc/cosign-attach-sbom-ghcr-io-miciav-nanofaas-bash-roman-numeral-sha256-24d5c10a1623e001dcde14bef9c07649229e7d3e99d0ca37a862ecaa75f99cf2] running  cosign attach sbom ghcr.io/miciav/nanofaas/bash-roman-numeral@sha256:24d5c10a1623e001dcde14bef9c07649229e7d3e99d0ca37a862ecaa75f99cf2
[040.attest-published-images/attest-ghcr-io-miciav-nanofaas-bash-roman-numeral-sha256-24d5c10a1623e001dcde14bef9c07649229e7d3e99d0ca37a862ecaa75f99cf2-3d2215fc/cosign-attach-sbom-ghcr-io-miciav-nanofaas-bash-roman-numeral-sha256-24d5c10a1623e001dcde14bef9c07649229e7d3e99d0ca37a862ecaa75f99cf2] passed   4.8s
[040.attest-published-images/attest-ghcr-io-miciav-nanofaas-bash-roman-numeral-sha256-24d5c10a1623e001dcde14bef9c07649229e7d3e99d0ca37a862ecaa75f99cf2-3d2215fc/cosign-verify-ghcr-io-miciav-nanofaas-bash-roman-numeral-sha256-24d5c10a1623e001dcde14bef9c07649229e7d3e99d0ca37a862ecaa75f99cf2] running  cosign verify ghcr.io/miciav/nanofaas/bash-roman-numeral@sha256:24d5c10a1623e001dcde14bef9c07649229e7d3e99d0ca37a862ecaa75f99cf2
[040.attest-published-images/attest-ghcr-io-miciav-nanofaas-bash-roman-numeral-sha256-24d5c10a1623e001dcde14bef9c07649229e7d3e99d0ca37a862ecaa75f99cf2-3d2215fc/cosign-verify-ghcr-io-miciav-nanofaas-bash-roman-numeral-sha256-24d5c10a1623e001dcde14bef9c07649229e7d3e99d0ca37a862ecaa75f99cf2] passed   3.6s
[040.attest-published-images/attest-ghcr-io-miciav-nanofaas-bash-roman-numeral-sha256-24d5c10a1623e001dcde14bef9c07649229e7d3e99d0ca37a862ecaa75f99cf2-3d2215fc/cosign-verify-attestation-ghcr-io-miciav-nanofaas-bash-roman-numeral-sha256-24d5c10a1623e001dcde14bef9c07649229e7d3e99d0ca37a862ecaa75f99cf2] running  cosign verify-attestation ghcr.io/miciav/nanofaas/bash-roman-numeral@sha256:24d5c10a1623e001dcde14bef9c07649229e7d3e99d0ca37a862ecaa75f99cf2
[040.attest-published-images/attest-ghcr-io-miciav-nanofaas-bash-roman-numeral-sha256-24d5c10a1623e001dcde14bef9c07649229e7d3e99d0ca37a862ecaa75f99cf2-3d2215fc/cosign-verify-attestation-ghcr-io-miciav-nanofaas-bash-roman-numeral-sha256-24d5c10a1623e001dcde14bef9c07649229e7d3e99d0ca37a862ecaa75f99cf2] passed   4.3s
[040.attest-published-images/attest-ghcr-io-miciav-nanofaas-bash-roman-numeral-sha256-24d5c10a1623e001dcde14bef9c07649229e7d3e99d0ca37a862ecaa75f99cf2-3d2215fc] passed   29.3s
[040.attest-published-images/attest-ghcr-io-miciav-nanofaas-bash-roman-numeral-sha256-5398d41b947b48493d5ef5fc2b4f48c8c5a82c324809c834d18ad79063bae7ae-f04628dd] running  Attest ghcr.io/miciav/nanofaas/bash-roman-numeral@sha256:5398d41b947b48493d5ef5fc2b4f48c8c5a82c324809c834d18ad79063bae7ae f04628dd
[040.attest-published-images/attest-ghcr-io-miciav-nanofaas-bash-roman-numeral-sha256-5398d41b947b48493d5ef5fc2b4f48c8c5a82c324809c834d18ad79063bae7ae-f04628dd/syft-sbom-ghcr-io-miciav-nanofaas-bash-roman-numeral-sha256-5398d41b947b48493d5ef5fc2b4f48c8c5a82c324809c834d18ad79063bae7ae] running  Syft SBOM ghcr.io/miciav/nanofaas/bash-roman-numeral@sha256:5398d41b947b48493d5ef5fc2b4f48c8c5a82c324809c834d18ad79063bae7ae
[040.attest-published-images/attest-ghcr-io-miciav-nanofaas-bash-roman-numeral-sha256-5398d41b947b48493d5ef5fc2b4f48c8c5a82c324809c834d18ad79063bae7ae-f04628dd/syft-sbom-ghcr-io-miciav-nanofaas-bash-roman-numeral-sha256-5398d41b947b48493d5ef5fc2b4f48c8c5a82c324809c834d18ad79063bae7ae] passed   6.2s
[040.attest-published-images/attest-ghcr-io-miciav-nanofaas-bash-roman-numeral-sha256-5398d41b947b48493d5ef5fc2b4f48c8c5a82c324809c834d18ad79063bae7ae-f04628dd/cosign-sign-ghcr-io-miciav-nanofaas-bash-roman-numeral-sha256-5398d41b947b48493d5ef5fc2b4f48c8c5a82c324809c834d18ad79063bae7ae] running  cosign sign ghcr.io/miciav/nanofaas/bash-roman-numeral@sha256:5398d41b947b48493d5ef5fc2b4f48c8c5a82c324809c834d18ad79063bae7ae
[040.attest-published-images/attest-ghcr-io-miciav-nanofaas-bash-roman-numeral-sha256-5398d41b947b48493d5ef5fc2b4f48c8c5a82c324809c834d18ad79063bae7ae-f04628dd/cosign-sign-ghcr-io-miciav-nanofaas-bash-roman-numeral-sha256-5398d41b947b48493d5ef5fc2b4f48c8c5a82c324809c834d18ad79063bae7ae] passed   5.9s
[040.attest-published-images/attest-ghcr-io-miciav-nanofaas-bash-roman-numeral-sha256-5398d41b947b48493d5ef5fc2b4f48c8c5a82c324809c834d18ad79063bae7ae-f04628dd/cosign-attest-ghcr-io-miciav-nanofaas-bash-roman-numeral-sha256-5398d41b947b48493d5ef5fc2b4f48c8c5a82c324809c834d18ad79063bae7ae] running  cosign attest ghcr.io/miciav/nanofaas/bash-roman-numeral@sha256:5398d41b947b48493d5ef5fc2b4f48c8c5a82c324809c834d18ad79063bae7ae
[040.attest-published-images/attest-ghcr-io-miciav-nanofaas-bash-roman-numeral-sha256-5398d41b947b48493d5ef5fc2b4f48c8c5a82c324809c834d18ad79063bae7ae-f04628dd/cosign-attest-ghcr-io-miciav-nanofaas-bash-roman-numeral-sha256-5398d41b947b48493d5ef5fc2b4f48c8c5a82c324809c834d18ad79063bae7ae] passed   6.2s
[040.attest-published-images/attest-ghcr-io-miciav-nanofaas-bash-roman-numeral-sha256-5398d41b947b48493d5ef5fc2b4f48c8c5a82c324809c834d18ad79063bae7ae-f04628dd/cosign-attach-sbom-ghcr-io-miciav-nanofaas-bash-roman-numeral-sha256-5398d41b947b48493d5ef5fc2b4f48c8c5a82c324809c834d18ad79063bae7ae] running  cosign attach sbom ghcr.io/miciav/nanofaas/bash-roman-numeral@sha256:5398d41b947b48493d5ef5fc2b4f48c8c5a82c324809c834d18ad79063bae7ae
[040.attest-published-images/attest-ghcr-io-miciav-nanofaas-bash-roman-numeral-sha256-5398d41b947b48493d5ef5fc2b4f48c8c5a82c324809c834d18ad79063bae7ae-f04628dd/cosign-attach-sbom-ghcr-io-miciav-nanofaas-bash-roman-numeral-sha256-5398d41b947b48493d5ef5fc2b4f48c8c5a82c324809c834d18ad79063bae7ae] passed   4.7s
[040.attest-published-images/attest-ghcr-io-miciav-nanofaas-bash-roman-numeral-sha256-5398d41b947b48493d5ef5fc2b4f48c8c5a82c324809c834d18ad79063bae7ae-f04628dd/cosign-verify-ghcr-io-miciav-nanofaas-bash-roman-numeral-sha256-5398d41b947b48493d5ef5fc2b4f48c8c5a82c324809c834d18ad79063bae7ae] running  cosign verify ghcr.io/miciav/nanofaas/bash-roman-numeral@sha256:5398d41b947b48493d5ef5fc2b4f48c8c5a82c324809c834d18ad79063bae7ae
[040.attest-published-images/attest-ghcr-io-miciav-nanofaas-bash-roman-numeral-sha256-5398d41b947b48493d5ef5fc2b4f48c8c5a82c324809c834d18ad79063bae7ae-f04628dd/cosign-verify-ghcr-io-miciav-nanofaas-bash-roman-numeral-sha256-5398d41b947b48493d5ef5fc2b4f48c8c5a82c324809c834d18ad79063bae7ae] passed   4.5s
[040.attest-published-images/attest-ghcr-io-miciav-nanofaas-bash-roman-numeral-sha256-5398d41b947b48493d5ef5fc2b4f48c8c5a82c324809c834d18ad79063bae7ae-f04628dd/cosign-verify-attestation-ghcr-io-miciav-nanofaas-bash-roman-numeral-sha256-5398d41b947b48493d5ef5fc2b4f48c8c5a82c324809c834d18ad79063bae7ae] running  cosign verify-attestation ghcr.io/miciav/nanofaas/bash-roman-numeral@sha256:5398d41b947b48493d5ef5fc2b4f48c8c5a82c324809c834d18ad79063bae7ae
[040.attest-published-images/attest-ghcr-io-miciav-nanofaas-bash-roman-numeral-sha256-5398d41b947b48493d5ef5fc2b4f48c8c5a82c324809c834d18ad79063bae7ae-f04628dd/cosign-verify-attestation-ghcr-io-miciav-nanofaas-bash-roman-numeral-sha256-5398d41b947b48493d5ef5fc2b4f48c8c5a82c324809c834d18ad79063bae7ae] passed   4.6s
[040.attest-published-images/attest-ghcr-io-miciav-nanofaas-bash-roman-numeral-sha256-5398d41b947b48493d5ef5fc2b4f48c8c5a82c324809c834d18ad79063bae7ae-f04628dd] passed   32.1s
[040.attest-published-images/attest-ghcr-io-miciav-nanofaas-bash-word-stats-sha256-09b0388214d1e0ad27ef770829ae107a810a8f7c3051978ab702f6d795f4b3c4-cb1dce2c] running  Attest ghcr.io/miciav/nanofaas/bash-word-stats@sha256:09b0388214d1e0ad27ef770829ae107a810a8f7c3051978ab702f6d795f4b3c4 cb1dce2c
[040.attest-published-images/attest-ghcr-io-miciav-nanofaas-bash-word-stats-sha256-09b0388214d1e0ad27ef770829ae107a810a8f7c3051978ab702f6d795f4b3c4-cb1dce2c/syft-sbom-ghcr-io-miciav-nanofaas-bash-word-stats-sha256-09b0388214d1e0ad27ef770829ae107a810a8f7c3051978ab702f6d795f4b3c4] running  Syft SBOM ghcr.io/miciav/nanofaas/bash-word-stats@sha256:09b0388214d1e0ad27ef770829ae107a810a8f7c3051978ab702f6d795f4b3c4
[040.attest-published-images/attest-ghcr-io-miciav-nanofaas-bash-word-stats-sha256-09b0388214d1e0ad27ef770829ae107a810a8f7c3051978ab702f6d795f4b3c4-cb1dce2c/syft-sbom-ghcr-io-miciav-nanofaas-bash-word-stats-sha256-09b0388214d1e0ad27ef770829ae107a810a8f7c3051978ab702f6d795f4b3c4] passed   6.6s
[040.attest-published-images/attest-ghcr-io-miciav-nanofaas-bash-word-stats-sha256-09b0388214d1e0ad27ef770829ae107a810a8f7c3051978ab702f6d795f4b3c4-cb1dce2c/cosign-sign-ghcr-io-miciav-nanofaas-bash-word-stats-sha256-09b0388214d1e0ad27ef770829ae107a810a8f7c3051978ab702f6d795f4b3c4] running  cosign sign ghcr.io/miciav/nanofaas/bash-word-stats@sha256:09b0388214d1e0ad27ef770829ae107a810a8f7c3051978ab702f6d795f4b3c4
[040.attest-published-images/attest-ghcr-io-miciav-nanofaas-bash-word-stats-sha256-09b0388214d1e0ad27ef770829ae107a810a8f7c3051978ab702f6d795f4b3c4-cb1dce2c/cosign-sign-ghcr-io-miciav-nanofaas-bash-word-stats-sha256-09b0388214d1e0ad27ef770829ae107a810a8f7c3051978ab702f6d795f4b3c4] passed   5.8s
[040.attest-published-images/attest-ghcr-io-miciav-nanofaas-bash-word-stats-sha256-09b0388214d1e0ad27ef770829ae107a810a8f7c3051978ab702f6d795f4b3c4-cb1dce2c/cosign-attest-ghcr-io-miciav-nanofaas-bash-word-stats-sha256-09b0388214d1e0ad27ef770829ae107a810a8f7c3051978ab702f6d795f4b3c4] running  cosign attest ghcr.io/miciav/nanofaas/bash-word-stats@sha256:09b0388214d1e0ad27ef770829ae107a810a8f7c3051978ab702f6d795f4b3c4
[040.attest-published-images/attest-ghcr-io-miciav-nanofaas-bash-word-stats-sha256-09b0388214d1e0ad27ef770829ae107a810a8f7c3051978ab702f6d795f4b3c4-cb1dce2c/cosign-attest-ghcr-io-miciav-nanofaas-bash-word-stats-sha256-09b0388214d1e0ad27ef770829ae107a810a8f7c3051978ab702f6d795f4b3c4] passed   5.7s
[040.attest-published-images/attest-ghcr-io-miciav-nanofaas-bash-word-stats-sha256-09b0388214d1e0ad27ef770829ae107a810a8f7c3051978ab702f6d795f4b3c4-cb1dce2c/cosign-attach-sbom-ghcr-io-miciav-nanofaas-bash-word-stats-sha256-09b0388214d1e0ad27ef770829ae107a810a8f7c3051978ab702f6d795f4b3c4] running  cosign attach sbom ghcr.io/miciav/nanofaas/bash-word-stats@sha256:09b0388214d1e0ad27ef770829ae107a810a8f7c3051978ab702f6d795f4b3c4
[040.attest-published-images/attest-ghcr-io-miciav-nanofaas-bash-word-stats-sha256-09b0388214d1e0ad27ef770829ae107a810a8f7c3051978ab702f6d795f4b3c4-cb1dce2c/cosign-attach-sbom-ghcr-io-miciav-nanofaas-bash-word-stats-sha256-09b0388214d1e0ad27ef770829ae107a810a8f7c3051978ab702f6d795f4b3c4] passed   4.9s
[040.attest-published-images/attest-ghcr-io-miciav-nanofaas-bash-word-stats-sha256-09b0388214d1e0ad27ef770829ae107a810a8f7c3051978ab702f6d795f4b3c4-cb1dce2c/cosign-verify-ghcr-io-miciav-nanofaas-bash-word-stats-sha256-09b0388214d1e0ad27ef770829ae107a810a8f7c3051978ab702f6d795f4b3c4] running  cosign verify ghcr.io/miciav/nanofaas/bash-word-stats@sha256:09b0388214d1e0ad27ef770829ae107a810a8f7c3051978ab702f6d795f4b3c4
[040.attest-published-images/attest-ghcr-io-miciav-nanofaas-bash-word-stats-sha256-09b0388214d1e0ad27ef770829ae107a810a8f7c3051978ab702f6d795f4b3c4-cb1dce2c/cosign-verify-ghcr-io-miciav-nanofaas-bash-word-stats-sha256-09b0388214d1e0ad27ef770829ae107a810a8f7c3051978ab702f6d795f4b3c4] passed   4.0s
[040.attest-published-images/attest-ghcr-io-miciav-nanofaas-bash-word-stats-sha256-09b0388214d1e0ad27ef770829ae107a810a8f7c3051978ab702f6d795f4b3c4-cb1dce2c/cosign-verify-attestation-ghcr-io-miciav-nanofaas-bash-word-stats-sha256-09b0388214d1e0ad27ef770829ae107a810a8f7c3051978ab702f6d795f4b3c4] running  cosign verify-attestation ghcr.io/miciav/nanofaas/bash-word-stats@sha256:09b0388214d1e0ad27ef770829ae107a810a8f7c3051978ab702f6d795f4b3c4
[040.attest-published-images/attest-ghcr-io-miciav-nanofaas-bash-word-stats-sha256-09b0388214d1e0ad27ef770829ae107a810a8f7c3051978ab702f6d795f4b3c4-cb1dce2c/cosign-verify-attestation-ghcr-io-miciav-nanofaas-bash-word-stats-sha256-09b0388214d1e0ad27ef770829ae107a810a8f7c3051978ab702f6d795f4b3c4] passed   3.9s
[040.attest-published-images/attest-ghcr-io-miciav-nanofaas-bash-word-stats-sha256-09b0388214d1e0ad27ef770829ae107a810a8f7c3051978ab702f6d795f4b3c4-cb1dce2c] passed   30.9s
[040.attest-published-images/attest-ghcr-io-miciav-nanofaas-bash-word-stats-sha256-0962cd0004b3cebfb10a6c12e0dbe4bcb455c5aec4e70a1c65b885eda990b784-cbdeae23] running  Attest ghcr.io/miciav/nanofaas/bash-word-stats@sha256:0962cd0004b3cebfb10a6c12e0dbe4bcb455c5aec4e70a1c65b885eda990b784 cbdeae23
[040.attest-published-images/attest-ghcr-io-miciav-nanofaas-bash-word-stats-sha256-0962cd0004b3cebfb10a6c12e0dbe4bcb455c5aec4e70a1c65b885eda990b784-cbdeae23/syft-sbom-ghcr-io-miciav-nanofaas-bash-word-stats-sha256-0962cd0004b3cebfb10a6c12e0dbe4bcb455c5aec4e70a1c65b885eda990b784] running  Syft SBOM ghcr.io/miciav/nanofaas/bash-word-stats@sha256:0962cd0004b3cebfb10a6c12e0dbe4bcb455c5aec4e70a1c65b885eda990b784
[040.attest-published-images/attest-ghcr-io-miciav-nanofaas-bash-word-stats-sha256-0962cd0004b3cebfb10a6c12e0dbe4bcb455c5aec4e70a1c65b885eda990b784-cbdeae23/syft-sbom-ghcr-io-miciav-nanofaas-bash-word-stats-sha256-0962cd0004b3cebfb10a6c12e0dbe4bcb455c5aec4e70a1c65b885eda990b784] passed   5.8s
[040.attest-published-images/attest-ghcr-io-miciav-nanofaas-bash-word-stats-sha256-0962cd0004b3cebfb10a6c12e0dbe4bcb455c5aec4e70a1c65b885eda990b784-cbdeae23/cosign-sign-ghcr-io-miciav-nanofaas-bash-word-stats-sha256-0962cd0004b3cebfb10a6c12e0dbe4bcb455c5aec4e70a1c65b885eda990b784] running  cosign sign ghcr.io/miciav/nanofaas/bash-word-stats@sha256:0962cd0004b3cebfb10a6c12e0dbe4bcb455c5aec4e70a1c65b885eda990b784
[040.attest-published-images/attest-ghcr-io-miciav-nanofaas-bash-word-stats-sha256-0962cd0004b3cebfb10a6c12e0dbe4bcb455c5aec4e70a1c65b885eda990b784-cbdeae23/cosign-sign-ghcr-io-miciav-nanofaas-bash-word-stats-sha256-0962cd0004b3cebfb10a6c12e0dbe4bcb455c5aec4e70a1c65b885eda990b784] passed   5.7s
[040.attest-published-images/attest-ghcr-io-miciav-nanofaas-bash-word-stats-sha256-0962cd0004b3cebfb10a6c12e0dbe4bcb455c5aec4e70a1c65b885eda990b784-cbdeae23/cosign-attest-ghcr-io-miciav-nanofaas-bash-word-stats-sha256-0962cd0004b3cebfb10a6c12e0dbe4bcb455c5aec4e70a1c65b885eda990b784] running  cosign attest ghcr.io/miciav/nanofaas/bash-word-stats@sha256:0962cd0004b3cebfb10a6c12e0dbe4bcb455c5aec4e70a1c65b885eda990b784
[040.attest-published-images/attest-ghcr-io-miciav-nanofaas-bash-word-stats-sha256-0962cd0004b3cebfb10a6c12e0dbe4bcb455c5aec4e70a1c65b885eda990b784-cbdeae23/cosign-attest-ghcr-io-miciav-nanofaas-bash-word-stats-sha256-0962cd0004b3cebfb10a6c12e0dbe4bcb455c5aec4e70a1c65b885eda990b784] passed   5.9s
[040.attest-published-images/attest-ghcr-io-miciav-nanofaas-bash-word-stats-sha256-0962cd0004b3cebfb10a6c12e0dbe4bcb455c5aec4e70a1c65b885eda990b784-cbdeae23/cosign-attach-sbom-ghcr-io-miciav-nanofaas-bash-word-stats-sha256-0962cd0004b3cebfb10a6c12e0dbe4bcb455c5aec4e70a1c65b885eda990b784] running  cosign attach sbom ghcr.io/miciav/nanofaas/bash-word-stats@sha256:0962cd0004b3cebfb10a6c12e0dbe4bcb455c5aec4e70a1c65b885eda990b784
[040.attest-published-images/attest-ghcr-io-miciav-nanofaas-bash-word-stats-sha256-0962cd0004b3cebfb10a6c12e0dbe4bcb455c5aec4e70a1c65b885eda990b784-cbdeae23/cosign-attach-sbom-ghcr-io-miciav-nanofaas-bash-word-stats-sha256-0962cd0004b3cebfb10a6c12e0dbe4bcb455c5aec4e70a1c65b885eda990b784] passed   5.0s
[040.attest-published-images/attest-ghcr-io-miciav-nanofaas-bash-word-stats-sha256-0962cd0004b3cebfb10a6c12e0dbe4bcb455c5aec4e70a1c65b885eda990b784-cbdeae23/cosign-verify-ghcr-io-miciav-nanofaas-bash-word-stats-sha256-0962cd0004b3cebfb10a6c12e0dbe4bcb455c5aec4e70a1c65b885eda990b784] running  cosign verify ghcr.io/miciav/nanofaas/bash-word-stats@sha256:0962cd0004b3cebfb10a6c12e0dbe4bcb455c5aec4e70a1c65b885eda990b784
[040.attest-published-images/attest-ghcr-io-miciav-nanofaas-bash-word-stats-sha256-0962cd0004b3cebfb10a6c12e0dbe4bcb455c5aec4e70a1c65b885eda990b784-cbdeae23/cosign-verify-ghcr-io-miciav-nanofaas-bash-word-stats-sha256-0962cd0004b3cebfb10a6c12e0dbe4bcb455c5aec4e70a1c65b885eda990b784] passed   3.7s
[040.attest-published-images/attest-ghcr-io-miciav-nanofaas-bash-word-stats-sha256-0962cd0004b3cebfb10a6c12e0dbe4bcb455c5aec4e70a1c65b885eda990b784-cbdeae23/cosign-verify-attestation-ghcr-io-miciav-nanofaas-bash-word-stats-sha256-0962cd0004b3cebfb10a6c12e0dbe4bcb455c5aec4e70a1c65b885eda990b784] running  cosign verify-attestation ghcr.io/miciav/nanofaas/bash-word-stats@sha256:0962cd0004b3cebfb10a6c12e0dbe4bcb455c5aec4e70a1c65b885eda990b784
[040.attest-published-images/attest-ghcr-io-miciav-nanofaas-bash-word-stats-sha256-0962cd0004b3cebfb10a6c12e0dbe4bcb455c5aec4e70a1c65b885eda990b784-cbdeae23/cosign-verify-attestation-ghcr-io-miciav-nanofaas-bash-word-stats-sha256-0962cd0004b3cebfb10a6c12e0dbe4bcb455c5aec4e70a1c65b885eda990b784] passed   3.7s
[040.attest-published-images/attest-ghcr-io-miciav-nanofaas-bash-word-stats-sha256-0962cd0004b3cebfb10a6c12e0dbe4bcb455c5aec4e70a1c65b885eda990b784-cbdeae23] passed   29.8s
[040.attest-published-images/attest-ghcr-io-miciav-nanofaas-bash-word-stats-sha256-f55a3cb817fad71f1ec25b0fa773a82eb85062748c4ff6fa970535eb156de63c-b2052de5] running  Attest ghcr.io/miciav/nanofaas/bash-word-stats@sha256:f55a3cb817fad71f1ec25b0fa773a82eb85062748c4ff6fa970535eb156de63c b2052de5
[040.attest-published-images/attest-ghcr-io-miciav-nanofaas-bash-word-stats-sha256-f55a3cb817fad71f1ec25b0fa773a82eb85062748c4ff6fa970535eb156de63c-b2052de5/syft-sbom-ghcr-io-miciav-nanofaas-bash-word-stats-sha256-f55a3cb817fad71f1ec25b0fa773a82eb85062748c4ff6fa970535eb156de63c] running  Syft SBOM ghcr.io/miciav/nanofaas/bash-word-stats@sha256:f55a3cb817fad71f1ec25b0fa773a82eb85062748c4ff6fa970535eb156de63c
[040.attest-published-images/attest-ghcr-io-miciav-nanofaas-bash-word-stats-sha256-f55a3cb817fad71f1ec25b0fa773a82eb85062748c4ff6fa970535eb156de63c-b2052de5/syft-sbom-ghcr-io-miciav-nanofaas-bash-word-stats-sha256-f55a3cb817fad71f1ec25b0fa773a82eb85062748c4ff6fa970535eb156de63c] passed   6.0s
[040.attest-published-images/attest-ghcr-io-miciav-nanofaas-bash-word-stats-sha256-f55a3cb817fad71f1ec25b0fa773a82eb85062748c4ff6fa970535eb156de63c-b2052de5/cosign-sign-ghcr-io-miciav-nanofaas-bash-word-stats-sha256-f55a3cb817fad71f1ec25b0fa773a82eb85062748c4ff6fa970535eb156de63c] running  cosign sign ghcr.io/miciav/nanofaas/bash-word-stats@sha256:f55a3cb817fad71f1ec25b0fa773a82eb85062748c4ff6fa970535eb156de63c
[040.attest-published-images/attest-ghcr-io-miciav-nanofaas-bash-word-stats-sha256-f55a3cb817fad71f1ec25b0fa773a82eb85062748c4ff6fa970535eb156de63c-b2052de5/cosign-sign-ghcr-io-miciav-nanofaas-bash-word-stats-sha256-f55a3cb817fad71f1ec25b0fa773a82eb85062748c4ff6fa970535eb156de63c] passed   5.9s
[040.attest-published-images/attest-ghcr-io-miciav-nanofaas-bash-word-stats-sha256-f55a3cb817fad71f1ec25b0fa773a82eb85062748c4ff6fa970535eb156de63c-b2052de5/cosign-attest-ghcr-io-miciav-nanofaas-bash-word-stats-sha256-f55a3cb817fad71f1ec25b0fa773a82eb85062748c4ff6fa970535eb156de63c] running  cosign attest ghcr.io/miciav/nanofaas/bash-word-stats@sha256:f55a3cb817fad71f1ec25b0fa773a82eb85062748c4ff6fa970535eb156de63c
[040.attest-published-images/attest-ghcr-io-miciav-nanofaas-bash-word-stats-sha256-f55a3cb817fad71f1ec25b0fa773a82eb85062748c4ff6fa970535eb156de63c-b2052de5/cosign-attest-ghcr-io-miciav-nanofaas-bash-word-stats-sha256-f55a3cb817fad71f1ec25b0fa773a82eb85062748c4ff6fa970535eb156de63c] passed   5.8s
[040.attest-published-images/attest-ghcr-io-miciav-nanofaas-bash-word-stats-sha256-f55a3cb817fad71f1ec25b0fa773a82eb85062748c4ff6fa970535eb156de63c-b2052de5/cosign-attach-sbom-ghcr-io-miciav-nanofaas-bash-word-stats-sha256-f55a3cb817fad71f1ec25b0fa773a82eb85062748c4ff6fa970535eb156de63c] running  cosign attach sbom ghcr.io/miciav/nanofaas/bash-word-stats@sha256:f55a3cb817fad71f1ec25b0fa773a82eb85062748c4ff6fa970535eb156de63c
[040.attest-published-images/attest-ghcr-io-miciav-nanofaas-bash-word-stats-sha256-f55a3cb817fad71f1ec25b0fa773a82eb85062748c4ff6fa970535eb156de63c-b2052de5/cosign-attach-sbom-ghcr-io-miciav-nanofaas-bash-word-stats-sha256-f55a3cb817fad71f1ec25b0fa773a82eb85062748c4ff6fa970535eb156de63c] passed   4.5s
[040.attest-published-images/attest-ghcr-io-miciav-nanofaas-bash-word-stats-sha256-f55a3cb817fad71f1ec25b0fa773a82eb85062748c4ff6fa970535eb156de63c-b2052de5/cosign-verify-ghcr-io-miciav-nanofaas-bash-word-stats-sha256-f55a3cb817fad71f1ec25b0fa773a82eb85062748c4ff6fa970535eb156de63c] running  cosign verify ghcr.io/miciav/nanofaas/bash-word-stats@sha256:f55a3cb817fad71f1ec25b0fa773a82eb85062748c4ff6fa970535eb156de63c
[040.attest-published-images/attest-ghcr-io-miciav-nanofaas-bash-word-stats-sha256-f55a3cb817fad71f1ec25b0fa773a82eb85062748c4ff6fa970535eb156de63c-b2052de5/cosign-verify-ghcr-io-miciav-nanofaas-bash-word-stats-sha256-f55a3cb817fad71f1ec25b0fa773a82eb85062748c4ff6fa970535eb156de63c] passed   3.8s
[040.attest-published-images/attest-ghcr-io-miciav-nanofaas-bash-word-stats-sha256-f55a3cb817fad71f1ec25b0fa773a82eb85062748c4ff6fa970535eb156de63c-b2052de5/cosign-verify-attestation-ghcr-io-miciav-nanofaas-bash-word-stats-sha256-f55a3cb817fad71f1ec25b0fa773a82eb85062748c4ff6fa970535eb156de63c] running  cosign verify-attestation ghcr.io/miciav/nanofaas/bash-word-stats@sha256:f55a3cb817fad71f1ec25b0fa773a82eb85062748c4ff6fa970535eb156de63c
[040.attest-published-images/attest-ghcr-io-miciav-nanofaas-bash-word-stats-sha256-f55a3cb817fad71f1ec25b0fa773a82eb85062748c4ff6fa970535eb156de63c-b2052de5/cosign-verify-attestation-ghcr-io-miciav-nanofaas-bash-word-stats-sha256-f55a3cb817fad71f1ec25b0fa773a82eb85062748c4ff6fa970535eb156de63c] passed   4.0s
[040.attest-published-images/attest-ghcr-io-miciav-nanofaas-bash-word-stats-sha256-f55a3cb817fad71f1ec25b0fa773a82eb85062748c4ff6fa970535eb156de63c-b2052de5] passed   30.0s
[040.attest-published-images/attest-ghcr-io-miciav-nanofaas-control-plane-sha256-51cbb2ce926d29c6b538713dc986888e2933db425ebf5bc0e64ab0194dc0d793-0b35b5fd] running  Attest ghcr.io/miciav/nanofaas/control-plane@sha256:51cbb2ce926d29c6b538713dc986888e2933db425ebf5bc0e64ab0194dc0d793 0b35b5fd
[040.attest-published-images/attest-ghcr-io-miciav-nanofaas-control-plane-sha256-51cbb2ce926d29c6b538713dc986888e2933db425ebf5bc0e64ab0194dc0d793-0b35b5fd/syft-sbom-ghcr-io-miciav-nanofaas-control-plane-sha256-51cbb2ce926d29c6b538713dc986888e2933db425ebf5bc0e64ab0194dc0d793] running  Syft SBOM ghcr.io/miciav/nanofaas/control-plane@sha256:51cbb2ce926d29c6b538713dc986888e2933db425ebf5bc0e64ab0194dc0d793
[040.attest-published-images/attest-ghcr-io-miciav-nanofaas-control-plane-sha256-51cbb2ce926d29c6b538713dc986888e2933db425ebf5bc0e64ab0194dc0d793-0b35b5fd/syft-sbom-ghcr-io-miciav-nanofaas-control-plane-sha256-51cbb2ce926d29c6b538713dc986888e2933db425ebf5bc0e64ab0194dc0d793] passed   10.8s
[040.attest-published-images/attest-ghcr-io-miciav-nanofaas-control-plane-sha256-51cbb2ce926d29c6b538713dc986888e2933db425ebf5bc0e64ab0194dc0d793-0b35b5fd/cosign-sign-ghcr-io-miciav-nanofaas-control-plane-sha256-51cbb2ce926d29c6b538713dc986888e2933db425ebf5bc0e64ab0194dc0d793] running  cosign sign ghcr.io/miciav/nanofaas/control-plane@sha256:51cbb2ce926d29c6b538713dc986888e2933db425ebf5bc0e64ab0194dc0d793
[040.attest-published-images/attest-ghcr-io-miciav-nanofaas-control-plane-sha256-51cbb2ce926d29c6b538713dc986888e2933db425ebf5bc0e64ab0194dc0d793-0b35b5fd/cosign-sign-ghcr-io-miciav-nanofaas-control-plane-sha256-51cbb2ce926d29c6b538713dc986888e2933db425ebf5bc0e64ab0194dc0d793] passed   6.5s
[040.attest-published-images/attest-ghcr-io-miciav-nanofaas-control-plane-sha256-51cbb2ce926d29c6b538713dc986888e2933db425ebf5bc0e64ab0194dc0d793-0b35b5fd/cosign-attest-ghcr-io-miciav-nanofaas-control-plane-sha256-51cbb2ce926d29c6b538713dc986888e2933db425ebf5bc0e64ab0194dc0d793] running  cosign attest ghcr.io/miciav/nanofaas/control-plane@sha256:51cbb2ce926d29c6b538713dc986888e2933db425ebf5bc0e64ab0194dc0d793
[040.attest-published-images/attest-ghcr-io-miciav-nanofaas-control-plane-sha256-51cbb2ce926d29c6b538713dc986888e2933db425ebf5bc0e64ab0194dc0d793-0b35b5fd/cosign-attest-ghcr-io-miciav-nanofaas-control-plane-sha256-51cbb2ce926d29c6b538713dc986888e2933db425ebf5bc0e64ab0194dc0d793] passed   6.2s
[040.attest-published-images/attest-ghcr-io-miciav-nanofaas-control-plane-sha256-51cbb2ce926d29c6b538713dc986888e2933db425ebf5bc0e64ab0194dc0d793-0b35b5fd/cosign-attach-sbom-ghcr-io-miciav-nanofaas-control-plane-sha256-51cbb2ce926d29c6b538713dc986888e2933db425ebf5bc0e64ab0194dc0d793] running  cosign attach sbom ghcr.io/miciav/nanofaas/control-plane@sha256:51cbb2ce926d29c6b538713dc986888e2933db425ebf5bc0e64ab0194dc0d793
[040.attest-published-images/attest-ghcr-io-miciav-nanofaas-control-plane-sha256-51cbb2ce926d29c6b538713dc986888e2933db425ebf5bc0e64ab0194dc0d793-0b35b5fd/cosign-attach-sbom-ghcr-io-miciav-nanofaas-control-plane-sha256-51cbb2ce926d29c6b538713dc986888e2933db425ebf5bc0e64ab0194dc0d793] passed   4.9s
[040.attest-published-images/attest-ghcr-io-miciav-nanofaas-control-plane-sha256-51cbb2ce926d29c6b538713dc986888e2933db425ebf5bc0e64ab0194dc0d793-0b35b5fd/cosign-verify-ghcr-io-miciav-nanofaas-control-plane-sha256-51cbb2ce926d29c6b538713dc986888e2933db425ebf5bc0e64ab0194dc0d793] running  cosign verify ghcr.io/miciav/nanofaas/control-plane@sha256:51cbb2ce926d29c6b538713dc986888e2933db425ebf5bc0e64ab0194dc0d793
[040.attest-published-images/attest-ghcr-io-miciav-nanofaas-control-plane-sha256-51cbb2ce926d29c6b538713dc986888e2933db425ebf5bc0e64ab0194dc0d793-0b35b5fd/cosign-verify-ghcr-io-miciav-nanofaas-control-plane-sha256-51cbb2ce926d29c6b538713dc986888e2933db425ebf5bc0e64ab0194dc0d793] passed   5.6s
[040.attest-published-images/attest-ghcr-io-miciav-nanofaas-control-plane-sha256-51cbb2ce926d29c6b538713dc986888e2933db425ebf5bc0e64ab0194dc0d793-0b35b5fd/cosign-verify-attestation-ghcr-io-miciav-nanofaas-control-plane-sha256-51cbb2ce926d29c6b538713dc986888e2933db425ebf5bc0e64ab0194dc0d793] running  cosign verify-attestation ghcr.io/miciav/nanofaas/control-plane@sha256:51cbb2ce926d29c6b538713dc986888e2933db425ebf5bc0e64ab0194dc0d793
[040.attest-published-images/attest-ghcr-io-miciav-nanofaas-control-plane-sha256-51cbb2ce926d29c6b538713dc986888e2933db425ebf5bc0e64ab0194dc0d793-0b35b5fd/cosign-verify-attestation-ghcr-io-miciav-nanofaas-control-plane-sha256-51cbb2ce926d29c6b538713dc986888e2933db425ebf5bc0e64ab0194dc0d793] passed   3.8s
[040.attest-published-images/attest-ghcr-io-miciav-nanofaas-control-plane-sha256-51cbb2ce926d29c6b538713dc986888e2933db425ebf5bc0e64ab0194dc0d793-0b35b5fd] passed   37.9s
[040.attest-published-images/attest-ghcr-io-miciav-nanofaas-control-plane-sha256-a120903f37d0995c52cc1d8e7f427bbfec390417a90ce89f38b7477dedef5e2c-515a51fe] running  Attest ghcr.io/miciav/nanofaas/control-plane@sha256:a120903f37d0995c52cc1d8e7f427bbfec390417a90ce89f38b7477dedef5e2c 515a51fe
[040.attest-published-images/attest-ghcr-io-miciav-nanofaas-control-plane-sha256-a120903f37d0995c52cc1d8e7f427bbfec390417a90ce89f38b7477dedef5e2c-515a51fe/syft-sbom-ghcr-io-miciav-nanofaas-control-plane-sha256-a120903f37d0995c52cc1d8e7f427bbfec390417a90ce89f38b7477dedef5e2c] running  Syft SBOM ghcr.io/miciav/nanofaas/control-plane@sha256:a120903f37d0995c52cc1d8e7f427bbfec390417a90ce89f38b7477dedef5e2c
[040.attest-published-images/attest-ghcr-io-miciav-nanofaas-control-plane-sha256-a120903f37d0995c52cc1d8e7f427bbfec390417a90ce89f38b7477dedef5e2c-515a51fe/syft-sbom-ghcr-io-miciav-nanofaas-control-plane-sha256-a120903f37d0995c52cc1d8e7f427bbfec390417a90ce89f38b7477dedef5e2c] passed   18.4s
[040.attest-published-images/attest-ghcr-io-miciav-nanofaas-control-plane-sha256-a120903f37d0995c52cc1d8e7f427bbfec390417a90ce89f38b7477dedef5e2c-515a51fe/cosign-sign-ghcr-io-miciav-nanofaas-control-plane-sha256-a120903f37d0995c52cc1d8e7f427bbfec390417a90ce89f38b7477dedef5e2c] running  cosign sign ghcr.io/miciav/nanofaas/control-plane@sha256:a120903f37d0995c52cc1d8e7f427bbfec390417a90ce89f38b7477dedef5e2c
[040.attest-published-images/attest-ghcr-io-miciav-nanofaas-control-plane-sha256-a120903f37d0995c52cc1d8e7f427bbfec390417a90ce89f38b7477dedef5e2c-515a51fe/cosign-sign-ghcr-io-miciav-nanofaas-control-plane-sha256-a120903f37d0995c52cc1d8e7f427bbfec390417a90ce89f38b7477dedef5e2c] passed   6.1s
[040.attest-published-images/attest-ghcr-io-miciav-nanofaas-control-plane-sha256-a120903f37d0995c52cc1d8e7f427bbfec390417a90ce89f38b7477dedef5e2c-515a51fe/cosign-attest-ghcr-io-miciav-nanofaas-control-plane-sha256-a120903f37d0995c52cc1d8e7f427bbfec390417a90ce89f38b7477dedef5e2c] running  cosign attest ghcr.io/miciav/nanofaas/control-plane@sha256:a120903f37d0995c52cc1d8e7f427bbfec390417a90ce89f38b7477dedef5e2c
[040.attest-published-images/attest-ghcr-io-miciav-nanofaas-control-plane-sha256-a120903f37d0995c52cc1d8e7f427bbfec390417a90ce89f38b7477dedef5e2c-515a51fe/cosign-attest-ghcr-io-miciav-nanofaas-control-plane-sha256-a120903f37d0995c52cc1d8e7f427bbfec390417a90ce89f38b7477dedef5e2c] passed   5.2s
[040.attest-published-images/attest-ghcr-io-miciav-nanofaas-control-plane-sha256-a120903f37d0995c52cc1d8e7f427bbfec390417a90ce89f38b7477dedef5e2c-515a51fe/cosign-attach-sbom-ghcr-io-miciav-nanofaas-control-plane-sha256-a120903f37d0995c52cc1d8e7f427bbfec390417a90ce89f38b7477dedef5e2c] running  cosign attach sbom ghcr.io/miciav/nanofaas/control-plane@sha256:a120903f37d0995c52cc1d8e7f427bbfec390417a90ce89f38b7477dedef5e2c
[040.attest-published-images/attest-ghcr-io-miciav-nanofaas-control-plane-sha256-a120903f37d0995c52cc1d8e7f427bbfec390417a90ce89f38b7477dedef5e2c-515a51fe/cosign-attach-sbom-ghcr-io-miciav-nanofaas-control-plane-sha256-a120903f37d0995c52cc1d8e7f427bbfec390417a90ce89f38b7477dedef5e2c] passed   5.5s
[040.attest-published-images/attest-ghcr-io-miciav-nanofaas-control-plane-sha256-a120903f37d0995c52cc1d8e7f427bbfec390417a90ce89f38b7477dedef5e2c-515a51fe/cosign-verify-ghcr-io-miciav-nanofaas-control-plane-sha256-a120903f37d0995c52cc1d8e7f427bbfec390417a90ce89f38b7477dedef5e2c] running  cosign verify ghcr.io/miciav/nanofaas/control-plane@sha256:a120903f37d0995c52cc1d8e7f427bbfec390417a90ce89f38b7477dedef5e2c
[040.attest-published-images/attest-ghcr-io-miciav-nanofaas-control-plane-sha256-a120903f37d0995c52cc1d8e7f427bbfec390417a90ce89f38b7477dedef5e2c-515a51fe/cosign-verify-ghcr-io-miciav-nanofaas-control-plane-sha256-a120903f37d0995c52cc1d8e7f427bbfec390417a90ce89f38b7477dedef5e2c] passed   3.5s
[040.attest-published-images/attest-ghcr-io-miciav-nanofaas-control-plane-sha256-a120903f37d0995c52cc1d8e7f427bbfec390417a90ce89f38b7477dedef5e2c-515a51fe/cosign-verify-attestation-ghcr-io-miciav-nanofaas-control-plane-sha256-a120903f37d0995c52cc1d8e7f427bbfec390417a90ce89f38b7477dedef5e2c] running  cosign verify-attestation ghcr.io/miciav/nanofaas/control-plane@sha256:a120903f37d0995c52cc1d8e7f427bbfec390417a90ce89f38b7477dedef5e2c
[040.attest-published-images/attest-ghcr-io-miciav-nanofaas-control-plane-sha256-a120903f37d0995c52cc1d8e7f427bbfec390417a90ce89f38b7477dedef5e2c-515a51fe/cosign-verify-attestation-ghcr-io-miciav-nanofaas-control-plane-sha256-a120903f37d0995c52cc1d8e7f427bbfec390417a90ce89f38b7477dedef5e2c] passed   3.7s
[040.attest-published-images/attest-ghcr-io-miciav-nanofaas-control-plane-sha256-a120903f37d0995c52cc1d8e7f427bbfec390417a90ce89f38b7477dedef5e2c-515a51fe] passed   42.4s
[040.attest-published-images/attest-ghcr-io-miciav-nanofaas-control-plane-sha256-767d5c0d7537f52388ddcb96feea21844e56e0f65a15878a052916bf25b6e6ad-fdab28f8] running  Attest ghcr.io/miciav/nanofaas/control-plane@sha256:767d5c0d7537f52388ddcb96feea21844e56e0f65a15878a052916bf25b6e6ad fdab28f8
[040.attest-published-images/attest-ghcr-io-miciav-nanofaas-control-plane-sha256-767d5c0d7537f52388ddcb96feea21844e56e0f65a15878a052916bf25b6e6ad-fdab28f8/syft-sbom-ghcr-io-miciav-nanofaas-control-plane-sha256-767d5c0d7537f52388ddcb96feea21844e56e0f65a15878a052916bf25b6e6ad] running  Syft SBOM ghcr.io/miciav/nanofaas/control-plane@sha256:767d5c0d7537f52388ddcb96feea21844e56e0f65a15878a052916bf25b6e6ad
[040.attest-published-images/attest-ghcr-io-miciav-nanofaas-control-plane-sha256-767d5c0d7537f52388ddcb96feea21844e56e0f65a15878a052916bf25b6e6ad-fdab28f8/syft-sbom-ghcr-io-miciav-nanofaas-control-plane-sha256-767d5c0d7537f52388ddcb96feea21844e56e0f65a15878a052916bf25b6e6ad] passed   8.9s
[040.attest-published-images/attest-ghcr-io-miciav-nanofaas-control-plane-sha256-767d5c0d7537f52388ddcb96feea21844e56e0f65a15878a052916bf25b6e6ad-fdab28f8/cosign-sign-ghcr-io-miciav-nanofaas-control-plane-sha256-767d5c0d7537f52388ddcb96feea21844e56e0f65a15878a052916bf25b6e6ad] running  cosign sign ghcr.io/miciav/nanofaas/control-plane@sha256:767d5c0d7537f52388ddcb96feea21844e56e0f65a15878a052916bf25b6e6ad
[040.attest-published-images/attest-ghcr-io-miciav-nanofaas-control-plane-sha256-767d5c0d7537f52388ddcb96feea21844e56e0f65a15878a052916bf25b6e6ad-fdab28f8/cosign-sign-ghcr-io-miciav-nanofaas-control-plane-sha256-767d5c0d7537f52388ddcb96feea21844e56e0f65a15878a052916bf25b6e6ad] passed   5.7s
[040.attest-published-images/attest-ghcr-io-miciav-nanofaas-control-plane-sha256-767d5c0d7537f52388ddcb96feea21844e56e0f65a15878a052916bf25b6e6ad-fdab28f8/cosign-attest-ghcr-io-miciav-nanofaas-control-plane-sha256-767d5c0d7537f52388ddcb96feea21844e56e0f65a15878a052916bf25b6e6ad] running  cosign attest ghcr.io/miciav/nanofaas/control-plane@sha256:767d5c0d7537f52388ddcb96feea21844e56e0f65a15878a052916bf25b6e6ad
[040.attest-published-images/attest-ghcr-io-miciav-nanofaas-control-plane-sha256-767d5c0d7537f52388ddcb96feea21844e56e0f65a15878a052916bf25b6e6ad-fdab28f8/cosign-attest-ghcr-io-miciav-nanofaas-control-plane-sha256-767d5c0d7537f52388ddcb96feea21844e56e0f65a15878a052916bf25b6e6ad] passed   6.3s
[040.attest-published-images/attest-ghcr-io-miciav-nanofaas-control-plane-sha256-767d5c0d7537f52388ddcb96feea21844e56e0f65a15878a052916bf25b6e6ad-fdab28f8/cosign-attach-sbom-ghcr-io-miciav-nanofaas-control-plane-sha256-767d5c0d7537f52388ddcb96feea21844e56e0f65a15878a052916bf25b6e6ad] running  cosign attach sbom ghcr.io/miciav/nanofaas/control-plane@sha256:767d5c0d7537f52388ddcb96feea21844e56e0f65a15878a052916bf25b6e6ad
[040.attest-published-images/attest-ghcr-io-miciav-nanofaas-control-plane-sha256-767d5c0d7537f52388ddcb96feea21844e56e0f65a15878a052916bf25b6e6ad-fdab28f8/cosign-attach-sbom-ghcr-io-miciav-nanofaas-control-plane-sha256-767d5c0d7537f52388ddcb96feea21844e56e0f65a15878a052916bf25b6e6ad] passed   4.9s
[040.attest-published-images/attest-ghcr-io-miciav-nanofaas-control-plane-sha256-767d5c0d7537f52388ddcb96feea21844e56e0f65a15878a052916bf25b6e6ad-fdab28f8/cosign-verify-ghcr-io-miciav-nanofaas-control-plane-sha256-767d5c0d7537f52388ddcb96feea21844e56e0f65a15878a052916bf25b6e6ad] running  cosign verify ghcr.io/miciav/nanofaas/control-plane@sha256:767d5c0d7537f52388ddcb96feea21844e56e0f65a15878a052916bf25b6e6ad
[040.attest-published-images/attest-ghcr-io-miciav-nanofaas-control-plane-sha256-767d5c0d7537f52388ddcb96feea21844e56e0f65a15878a052916bf25b6e6ad-fdab28f8/cosign-verify-ghcr-io-miciav-nanofaas-control-plane-sha256-767d5c0d7537f52388ddcb96feea21844e56e0f65a15878a052916bf25b6e6ad] passed   3.3s
[040.attest-published-images/attest-ghcr-io-miciav-nanofaas-control-plane-sha256-767d5c0d7537f52388ddcb96feea21844e56e0f65a15878a052916bf25b6e6ad-fdab28f8/cosign-verify-attestation-ghcr-io-miciav-nanofaas-control-plane-sha256-767d5c0d7537f52388ddcb96feea21844e56e0f65a15878a052916bf25b6e6ad] running  cosign verify-attestation ghcr.io/miciav/nanofaas/control-plane@sha256:767d5c0d7537f52388ddcb96feea21844e56e0f65a15878a052916bf25b6e6ad
[040.attest-published-images/attest-ghcr-io-miciav-nanofaas-control-plane-sha256-767d5c0d7537f52388ddcb96feea21844e56e0f65a15878a052916bf25b6e6ad-fdab28f8/cosign-verify-attestation-ghcr-io-miciav-nanofaas-control-plane-sha256-767d5c0d7537f52388ddcb96feea21844e56e0f65a15878a052916bf25b6e6ad] passed   3.6s
[040.attest-published-images/attest-ghcr-io-miciav-nanofaas-control-plane-sha256-767d5c0d7537f52388ddcb96feea21844e56e0f65a15878a052916bf25b6e6ad-fdab28f8] passed   32.7s
[040.attest-published-images/attest-ghcr-io-miciav-nanofaas-control-plane-sha256-881df6f470b45a1bd19049bfdc351efb5d62cdde22fc8b81566acf0447076376-27436e7b] running  Attest ghcr.io/miciav/nanofaas/control-plane@sha256:881df6f470b45a1bd19049bfdc351efb5d62cdde22fc8b81566acf0447076376 27436e7b
[040.attest-published-images/attest-ghcr-io-miciav-nanofaas-control-plane-sha256-881df6f470b45a1bd19049bfdc351efb5d62cdde22fc8b81566acf0447076376-27436e7b/syft-sbom-ghcr-io-miciav-nanofaas-control-plane-sha256-881df6f470b45a1bd19049bfdc351efb5d62cdde22fc8b81566acf0447076376] running  Syft SBOM ghcr.io/miciav/nanofaas/control-plane@sha256:881df6f470b45a1bd19049bfdc351efb5d62cdde22fc8b81566acf0447076376
[040.attest-published-images/attest-ghcr-io-miciav-nanofaas-control-plane-sha256-881df6f470b45a1bd19049bfdc351efb5d62cdde22fc8b81566acf0447076376-27436e7b/syft-sbom-ghcr-io-miciav-nanofaas-control-plane-sha256-881df6f470b45a1bd19049bfdc351efb5d62cdde22fc8b81566acf0447076376] passed   18.2s
[040.attest-published-images/attest-ghcr-io-miciav-nanofaas-control-plane-sha256-881df6f470b45a1bd19049bfdc351efb5d62cdde22fc8b81566acf0447076376-27436e7b/cosign-sign-ghcr-io-miciav-nanofaas-control-plane-sha256-881df6f470b45a1bd19049bfdc351efb5d62cdde22fc8b81566acf0447076376] running  cosign sign ghcr.io/miciav/nanofaas/control-plane@sha256:881df6f470b45a1bd19049bfdc351efb5d62cdde22fc8b81566acf0447076376
[040.attest-published-images/attest-ghcr-io-miciav-nanofaas-control-plane-sha256-881df6f470b45a1bd19049bfdc351efb5d62cdde22fc8b81566acf0447076376-27436e7b/cosign-sign-ghcr-io-miciav-nanofaas-control-plane-sha256-881df6f470b45a1bd19049bfdc351efb5d62cdde22fc8b81566acf0447076376] passed   6.0s
[040.attest-published-images/attest-ghcr-io-miciav-nanofaas-control-plane-sha256-881df6f470b45a1bd19049bfdc351efb5d62cdde22fc8b81566acf0447076376-27436e7b/cosign-attest-ghcr-io-miciav-nanofaas-control-plane-sha256-881df6f470b45a1bd19049bfdc351efb5d62cdde22fc8b81566acf0447076376] running  cosign attest ghcr.io/miciav/nanofaas/control-plane@sha256:881df6f470b45a1bd19049bfdc351efb5d62cdde22fc8b81566acf0447076376
[040.attest-published-images/attest-ghcr-io-miciav-nanofaas-control-plane-sha256-881df6f470b45a1bd19049bfdc351efb5d62cdde22fc8b81566acf0447076376-27436e7b/cosign-attest-ghcr-io-miciav-nanofaas-control-plane-sha256-881df6f470b45a1bd19049bfdc351efb5d62cdde22fc8b81566acf0447076376] passed   5.5s
[040.attest-published-images/attest-ghcr-io-miciav-nanofaas-control-plane-sha256-881df6f470b45a1bd19049bfdc351efb5d62cdde22fc8b81566acf0447076376-27436e7b/cosign-attach-sbom-ghcr-io-miciav-nanofaas-control-plane-sha256-881df6f470b45a1bd19049bfdc351efb5d62cdde22fc8b81566acf0447076376] running  cosign attach sbom ghcr.io/miciav/nanofaas/control-plane@sha256:881df6f470b45a1bd19049bfdc351efb5d62cdde22fc8b81566acf0447076376
[040.attest-published-images/attest-ghcr-io-miciav-nanofaas-control-plane-sha256-881df6f470b45a1bd19049bfdc351efb5d62cdde22fc8b81566acf0447076376-27436e7b/cosign-attach-sbom-ghcr-io-miciav-nanofaas-control-plane-sha256-881df6f470b45a1bd19049bfdc351efb5d62cdde22fc8b81566acf0447076376] passed   3.9s
[040.attest-published-images/attest-ghcr-io-miciav-nanofaas-control-plane-sha256-881df6f470b45a1bd19049bfdc351efb5d62cdde22fc8b81566acf0447076376-27436e7b/cosign-verify-ghcr-io-miciav-nanofaas-control-plane-sha256-881df6f470b45a1bd19049bfdc351efb5d62cdde22fc8b81566acf0447076376] running  cosign verify ghcr.io/miciav/nanofaas/control-plane@sha256:881df6f470b45a1bd19049bfdc351efb5d62cdde22fc8b81566acf0447076376
[040.attest-published-images/attest-ghcr-io-miciav-nanofaas-control-plane-sha256-881df6f470b45a1bd19049bfdc351efb5d62cdde22fc8b81566acf0447076376-27436e7b/cosign-verify-ghcr-io-miciav-nanofaas-control-plane-sha256-881df6f470b45a1bd19049bfdc351efb5d62cdde22fc8b81566acf0447076376] passed   2.8s
[040.attest-published-images/attest-ghcr-io-miciav-nanofaas-control-plane-sha256-881df6f470b45a1bd19049bfdc351efb5d62cdde22fc8b81566acf0447076376-27436e7b/cosign-verify-attestation-ghcr-io-miciav-nanofaas-control-plane-sha256-881df6f470b45a1bd19049bfdc351efb5d62cdde22fc8b81566acf0447076376] running  cosign verify-attestation ghcr.io/miciav/nanofaas/control-plane@sha256:881df6f470b45a1bd19049bfdc351efb5d62cdde22fc8b81566acf0447076376
[040.attest-published-images/attest-ghcr-io-miciav-nanofaas-control-plane-sha256-881df6f470b45a1bd19049bfdc351efb5d62cdde22fc8b81566acf0447076376-27436e7b/cosign-verify-attestation-ghcr-io-miciav-nanofaas-control-plane-sha256-881df6f470b45a1bd19049bfdc351efb5d62cdde22fc8b81566acf0447076376] passed   3.3s
[040.attest-published-images/attest-ghcr-io-miciav-nanofaas-control-plane-sha256-881df6f470b45a1bd19049bfdc351efb5d62cdde22fc8b81566acf0447076376-27436e7b] passed   39.6s
[040.attest-published-images/attest-ghcr-io-miciav-nanofaas-control-plane-sha256-608db212a3cf1cac04066bb85343f6517c1867dac21bf31f44b4920ff9bb84aa-d3b7cf98] running  Attest ghcr.io/miciav/nanofaas/control-plane@sha256:608db212a3cf1cac04066bb85343f6517c1867dac21bf31f44b4920ff9bb84aa d3b7cf98
[040.attest-published-images/attest-ghcr-io-miciav-nanofaas-control-plane-sha256-608db212a3cf1cac04066bb85343f6517c1867dac21bf31f44b4920ff9bb84aa-d3b7cf98/syft-sbom-ghcr-io-miciav-nanofaas-control-plane-sha256-608db212a3cf1cac04066bb85343f6517c1867dac21bf31f44b4920ff9bb84aa] running  Syft SBOM ghcr.io/miciav/nanofaas/control-plane@sha256:608db212a3cf1cac04066bb85343f6517c1867dac21bf31f44b4920ff9bb84aa
[040.attest-published-images/attest-ghcr-io-miciav-nanofaas-control-plane-sha256-608db212a3cf1cac04066bb85343f6517c1867dac21bf31f44b4920ff9bb84aa-d3b7cf98/syft-sbom-ghcr-io-miciav-nanofaas-control-plane-sha256-608db212a3cf1cac04066bb85343f6517c1867dac21bf31f44b4920ff9bb84aa] passed   9.5s
[040.attest-published-images/attest-ghcr-io-miciav-nanofaas-control-plane-sha256-608db212a3cf1cac04066bb85343f6517c1867dac21bf31f44b4920ff9bb84aa-d3b7cf98/cosign-sign-ghcr-io-miciav-nanofaas-control-plane-sha256-608db212a3cf1cac04066bb85343f6517c1867dac21bf31f44b4920ff9bb84aa] running  cosign sign ghcr.io/miciav/nanofaas/control-plane@sha256:608db212a3cf1cac04066bb85343f6517c1867dac21bf31f44b4920ff9bb84aa
[040.attest-published-images/attest-ghcr-io-miciav-nanofaas-control-plane-sha256-608db212a3cf1cac04066bb85343f6517c1867dac21bf31f44b4920ff9bb84aa-d3b7cf98/cosign-sign-ghcr-io-miciav-nanofaas-control-plane-sha256-608db212a3cf1cac04066bb85343f6517c1867dac21bf31f44b4920ff9bb84aa] passed   5.2s
[040.attest-published-images/attest-ghcr-io-miciav-nanofaas-control-plane-sha256-608db212a3cf1cac04066bb85343f6517c1867dac21bf31f44b4920ff9bb84aa-d3b7cf98/cosign-attest-ghcr-io-miciav-nanofaas-control-plane-sha256-608db212a3cf1cac04066bb85343f6517c1867dac21bf31f44b4920ff9bb84aa] running  cosign attest ghcr.io/miciav/nanofaas/control-plane@sha256:608db212a3cf1cac04066bb85343f6517c1867dac21bf31f44b4920ff9bb84aa
[040.attest-published-images/attest-ghcr-io-miciav-nanofaas-control-plane-sha256-608db212a3cf1cac04066bb85343f6517c1867dac21bf31f44b4920ff9bb84aa-d3b7cf98/cosign-attest-ghcr-io-miciav-nanofaas-control-plane-sha256-608db212a3cf1cac04066bb85343f6517c1867dac21bf31f44b4920ff9bb84aa] passed   4.9s
[040.attest-published-images/attest-ghcr-io-miciav-nanofaas-control-plane-sha256-608db212a3cf1cac04066bb85343f6517c1867dac21bf31f44b4920ff9bb84aa-d3b7cf98/cosign-attach-sbom-ghcr-io-miciav-nanofaas-control-plane-sha256-608db212a3cf1cac04066bb85343f6517c1867dac21bf31f44b4920ff9bb84aa] running  cosign attach sbom ghcr.io/miciav/nanofaas/control-plane@sha256:608db212a3cf1cac04066bb85343f6517c1867dac21bf31f44b4920ff9bb84aa
[040.attest-published-images/attest-ghcr-io-miciav-nanofaas-control-plane-sha256-608db212a3cf1cac04066bb85343f6517c1867dac21bf31f44b4920ff9bb84aa-d3b7cf98/cosign-attach-sbom-ghcr-io-miciav-nanofaas-control-plane-sha256-608db212a3cf1cac04066bb85343f6517c1867dac21bf31f44b4920ff9bb84aa] passed   4.6s
[040.attest-published-images/attest-ghcr-io-miciav-nanofaas-control-plane-sha256-608db212a3cf1cac04066bb85343f6517c1867dac21bf31f44b4920ff9bb84aa-d3b7cf98/cosign-verify-ghcr-io-miciav-nanofaas-control-plane-sha256-608db212a3cf1cac04066bb85343f6517c1867dac21bf31f44b4920ff9bb84aa] running  cosign verify ghcr.io/miciav/nanofaas/control-plane@sha256:608db212a3cf1cac04066bb85343f6517c1867dac21bf31f44b4920ff9bb84aa
[040.attest-published-images/attest-ghcr-io-miciav-nanofaas-control-plane-sha256-608db212a3cf1cac04066bb85343f6517c1867dac21bf31f44b4920ff9bb84aa-d3b7cf98/cosign-verify-ghcr-io-miciav-nanofaas-control-plane-sha256-608db212a3cf1cac04066bb85343f6517c1867dac21bf31f44b4920ff9bb84aa] passed   2.8s
[040.attest-published-images/attest-ghcr-io-miciav-nanofaas-control-plane-sha256-608db212a3cf1cac04066bb85343f6517c1867dac21bf31f44b4920ff9bb84aa-d3b7cf98/cosign-verify-attestation-ghcr-io-miciav-nanofaas-control-plane-sha256-608db212a3cf1cac04066bb85343f6517c1867dac21bf31f44b4920ff9bb84aa] running  cosign verify-attestation ghcr.io/miciav/nanofaas/control-plane@sha256:608db212a3cf1cac04066bb85343f6517c1867dac21bf31f44b4920ff9bb84aa
[040.attest-published-images/attest-ghcr-io-miciav-nanofaas-control-plane-sha256-608db212a3cf1cac04066bb85343f6517c1867dac21bf31f44b4920ff9bb84aa-d3b7cf98/cosign-verify-attestation-ghcr-io-miciav-nanofaas-control-plane-sha256-608db212a3cf1cac04066bb85343f6517c1867dac21bf31f44b4920ff9bb84aa] passed   3.1s
[040.attest-published-images/attest-ghcr-io-miciav-nanofaas-control-plane-sha256-608db212a3cf1cac04066bb85343f6517c1867dac21bf31f44b4920ff9bb84aa-d3b7cf98] passed   30.0s
[040.attest-published-images/attest-ghcr-io-miciav-nanofaas-control-plane-sha256-06b577d173981a7616c8747a7ce50b29216dde6e946158ec6b3ccf44e31b05ef-2086511e] running  Attest ghcr.io/miciav/nanofaas/control-plane@sha256:06b577d173981a7616c8747a7ce50b29216dde6e946158ec6b3ccf44e31b05ef 2086511e
[040.attest-published-images/attest-ghcr-io-miciav-nanofaas-control-plane-sha256-06b577d173981a7616c8747a7ce50b29216dde6e946158ec6b3ccf44e31b05ef-2086511e/syft-sbom-ghcr-io-miciav-nanofaas-control-plane-sha256-06b577d173981a7616c8747a7ce50b29216dde6e946158ec6b3ccf44e31b05ef] running  Syft SBOM ghcr.io/miciav/nanofaas/control-plane@sha256:06b577d173981a7616c8747a7ce50b29216dde6e946158ec6b3ccf44e31b05ef
[040.attest-published-images/attest-ghcr-io-miciav-nanofaas-control-plane-sha256-06b577d173981a7616c8747a7ce50b29216dde6e946158ec6b3ccf44e31b05ef-2086511e/syft-sbom-ghcr-io-miciav-nanofaas-control-plane-sha256-06b577d173981a7616c8747a7ce50b29216dde6e946158ec6b3ccf44e31b05ef] passed   12.9s
[040.attest-published-images/attest-ghcr-io-miciav-nanofaas-control-plane-sha256-06b577d173981a7616c8747a7ce50b29216dde6e946158ec6b3ccf44e31b05ef-2086511e/cosign-sign-ghcr-io-miciav-nanofaas-control-plane-sha256-06b577d173981a7616c8747a7ce50b29216dde6e946158ec6b3ccf44e31b05ef] running  cosign sign ghcr.io/miciav/nanofaas/control-plane@sha256:06b577d173981a7616c8747a7ce50b29216dde6e946158ec6b3ccf44e31b05ef
[040.attest-published-images/attest-ghcr-io-miciav-nanofaas-control-plane-sha256-06b577d173981a7616c8747a7ce50b29216dde6e946158ec6b3ccf44e31b05ef-2086511e/cosign-sign-ghcr-io-miciav-nanofaas-control-plane-sha256-06b577d173981a7616c8747a7ce50b29216dde6e946158ec6b3ccf44e31b05ef] passed   5.2s
[040.attest-published-images/attest-ghcr-io-miciav-nanofaas-control-plane-sha256-06b577d173981a7616c8747a7ce50b29216dde6e946158ec6b3ccf44e31b05ef-2086511e/cosign-attest-ghcr-io-miciav-nanofaas-control-plane-sha256-06b577d173981a7616c8747a7ce50b29216dde6e946158ec6b3ccf44e31b05ef] running  cosign attest ghcr.io/miciav/nanofaas/control-plane@sha256:06b577d173981a7616c8747a7ce50b29216dde6e946158ec6b3ccf44e31b05ef
[040.attest-published-images/attest-ghcr-io-miciav-nanofaas-control-plane-sha256-06b577d173981a7616c8747a7ce50b29216dde6e946158ec6b3ccf44e31b05ef-2086511e/cosign-attest-ghcr-io-miciav-nanofaas-control-plane-sha256-06b577d173981a7616c8747a7ce50b29216dde6e946158ec6b3ccf44e31b05ef] passed   5.4s
[040.attest-published-images/attest-ghcr-io-miciav-nanofaas-control-plane-sha256-06b577d173981a7616c8747a7ce50b29216dde6e946158ec6b3ccf44e31b05ef-2086511e/cosign-attach-sbom-ghcr-io-miciav-nanofaas-control-plane-sha256-06b577d173981a7616c8747a7ce50b29216dde6e946158ec6b3ccf44e31b05ef] running  cosign attach sbom ghcr.io/miciav/nanofaas/control-plane@sha256:06b577d173981a7616c8747a7ce50b29216dde6e946158ec6b3ccf44e31b05ef
[040.attest-published-images/attest-ghcr-io-miciav-nanofaas-control-plane-sha256-06b577d173981a7616c8747a7ce50b29216dde6e946158ec6b3ccf44e31b05ef-2086511e/cosign-attach-sbom-ghcr-io-miciav-nanofaas-control-plane-sha256-06b577d173981a7616c8747a7ce50b29216dde6e946158ec6b3ccf44e31b05ef] passed   4.5s
[040.attest-published-images/attest-ghcr-io-miciav-nanofaas-control-plane-sha256-06b577d173981a7616c8747a7ce50b29216dde6e946158ec6b3ccf44e31b05ef-2086511e/cosign-verify-ghcr-io-miciav-nanofaas-control-plane-sha256-06b577d173981a7616c8747a7ce50b29216dde6e946158ec6b3ccf44e31b05ef] running  cosign verify ghcr.io/miciav/nanofaas/control-plane@sha256:06b577d173981a7616c8747a7ce50b29216dde6e946158ec6b3ccf44e31b05ef
[040.attest-published-images/attest-ghcr-io-miciav-nanofaas-control-plane-sha256-06b577d173981a7616c8747a7ce50b29216dde6e946158ec6b3ccf44e31b05ef-2086511e/cosign-verify-ghcr-io-miciav-nanofaas-control-plane-sha256-06b577d173981a7616c8747a7ce50b29216dde6e946158ec6b3ccf44e31b05ef] passed   2.8s
[040.attest-published-images/attest-ghcr-io-miciav-nanofaas-control-plane-sha256-06b577d173981a7616c8747a7ce50b29216dde6e946158ec6b3ccf44e31b05ef-2086511e/cosign-verify-attestation-ghcr-io-miciav-nanofaas-control-plane-sha256-06b577d173981a7616c8747a7ce50b29216dde6e946158ec6b3ccf44e31b05ef] running  cosign verify-attestation ghcr.io/miciav/nanofaas/control-plane@sha256:06b577d173981a7616c8747a7ce50b29216dde6e946158ec6b3ccf44e31b05ef
[040.attest-published-images/attest-ghcr-io-miciav-nanofaas-control-plane-sha256-06b577d173981a7616c8747a7ce50b29216dde6e946158ec6b3ccf44e31b05ef-2086511e/cosign-verify-attestation-ghcr-io-miciav-nanofaas-control-plane-sha256-06b577d173981a7616c8747a7ce50b29216dde6e946158ec6b3ccf44e31b05ef] passed   3.0s
[040.attest-published-images/attest-ghcr-io-miciav-nanofaas-control-plane-sha256-06b577d173981a7616c8747a7ce50b29216dde6e946158ec6b3ccf44e31b05ef-2086511e] passed   33.8s
[040.attest-published-images/attest-ghcr-io-miciav-nanofaas-go-json-transform-sha256-37025de90123ff7026fb656bb0c206ec8ea59edb56a398a0899a586323ee6cde-216fe421] running  Attest ghcr.io/miciav/nanofaas/go-json-transform@sha256:37025de90123ff7026fb656bb0c206ec8ea59edb56a398a0899a586323ee6cde 216fe421
[040.attest-published-images/attest-ghcr-io-miciav-nanofaas-go-json-transform-sha256-37025de90123ff7026fb656bb0c206ec8ea59edb56a398a0899a586323ee6cde-216fe421/syft-sbom-ghcr-io-miciav-nanofaas-go-json-transform-sha256-37025de90123ff7026fb656bb0c206ec8ea59edb56a398a0899a586323ee6cde] running  Syft SBOM ghcr.io/miciav/nanofaas/go-json-transform@sha256:37025de90123ff7026fb656bb0c206ec8ea59edb56a398a0899a586323ee6cde
[040.attest-published-images/attest-ghcr-io-miciav-nanofaas-go-json-transform-sha256-37025de90123ff7026fb656bb0c206ec8ea59edb56a398a0899a586323ee6cde-216fe421/syft-sbom-ghcr-io-miciav-nanofaas-go-json-transform-sha256-37025de90123ff7026fb656bb0c206ec8ea59edb56a398a0899a586323ee6cde] passed   7.1s
[040.attest-published-images/attest-ghcr-io-miciav-nanofaas-go-json-transform-sha256-37025de90123ff7026fb656bb0c206ec8ea59edb56a398a0899a586323ee6cde-216fe421/cosign-sign-ghcr-io-miciav-nanofaas-go-json-transform-sha256-37025de90123ff7026fb656bb0c206ec8ea59edb56a398a0899a586323ee6cde] running  cosign sign ghcr.io/miciav/nanofaas/go-json-transform@sha256:37025de90123ff7026fb656bb0c206ec8ea59edb56a398a0899a586323ee6cde
[040.attest-published-images/attest-ghcr-io-miciav-nanofaas-go-json-transform-sha256-37025de90123ff7026fb656bb0c206ec8ea59edb56a398a0899a586323ee6cde-216fe421/cosign-sign-ghcr-io-miciav-nanofaas-go-json-transform-sha256-37025de90123ff7026fb656bb0c206ec8ea59edb56a398a0899a586323ee6cde] passed   5.4s
[040.attest-published-images/attest-ghcr-io-miciav-nanofaas-go-json-transform-sha256-37025de90123ff7026fb656bb0c206ec8ea59edb56a398a0899a586323ee6cde-216fe421/cosign-attest-ghcr-io-miciav-nanofaas-go-json-transform-sha256-37025de90123ff7026fb656bb0c206ec8ea59edb56a398a0899a586323ee6cde] running  cosign attest ghcr.io/miciav/nanofaas/go-json-transform@sha256:37025de90123ff7026fb656bb0c206ec8ea59edb56a398a0899a586323ee6cde
[040.attest-published-images/attest-ghcr-io-miciav-nanofaas-go-json-transform-sha256-37025de90123ff7026fb656bb0c206ec8ea59edb56a398a0899a586323ee6cde-216fe421/cosign-attest-ghcr-io-miciav-nanofaas-go-json-transform-sha256-37025de90123ff7026fb656bb0c206ec8ea59edb56a398a0899a586323ee6cde] passed   5.2s
[040.attest-published-images/attest-ghcr-io-miciav-nanofaas-go-json-transform-sha256-37025de90123ff7026fb656bb0c206ec8ea59edb56a398a0899a586323ee6cde-216fe421/cosign-attach-sbom-ghcr-io-miciav-nanofaas-go-json-transform-sha256-37025de90123ff7026fb656bb0c206ec8ea59edb56a398a0899a586323ee6cde] running  cosign attach sbom ghcr.io/miciav/nanofaas/go-json-transform@sha256:37025de90123ff7026fb656bb0c206ec8ea59edb56a398a0899a586323ee6cde
[040.attest-published-images/attest-ghcr-io-miciav-nanofaas-go-json-transform-sha256-37025de90123ff7026fb656bb0c206ec8ea59edb56a398a0899a586323ee6cde-216fe421/cosign-attach-sbom-ghcr-io-miciav-nanofaas-go-json-transform-sha256-37025de90123ff7026fb656bb0c206ec8ea59edb56a398a0899a586323ee6cde] passed   4.6s
[040.attest-published-images/attest-ghcr-io-miciav-nanofaas-go-json-transform-sha256-37025de90123ff7026fb656bb0c206ec8ea59edb56a398a0899a586323ee6cde-216fe421/cosign-verify-ghcr-io-miciav-nanofaas-go-json-transform-sha256-37025de90123ff7026fb656bb0c206ec8ea59edb56a398a0899a586323ee6cde] running  cosign verify ghcr.io/miciav/nanofaas/go-json-transform@sha256:37025de90123ff7026fb656bb0c206ec8ea59edb56a398a0899a586323ee6cde
[040.attest-published-images/attest-ghcr-io-miciav-nanofaas-go-json-transform-sha256-37025de90123ff7026fb656bb0c206ec8ea59edb56a398a0899a586323ee6cde-216fe421/cosign-verify-ghcr-io-miciav-nanofaas-go-json-transform-sha256-37025de90123ff7026fb656bb0c206ec8ea59edb56a398a0899a586323ee6cde] passed   3.0s
[040.attest-published-images/attest-ghcr-io-miciav-nanofaas-go-json-transform-sha256-37025de90123ff7026fb656bb0c206ec8ea59edb56a398a0899a586323ee6cde-216fe421/cosign-verify-attestation-ghcr-io-miciav-nanofaas-go-json-transform-sha256-37025de90123ff7026fb656bb0c206ec8ea59edb56a398a0899a586323ee6cde] running  cosign verify-attestation ghcr.io/miciav/nanofaas/go-json-transform@sha256:37025de90123ff7026fb656bb0c206ec8ea59edb56a398a0899a586323ee6cde
[040.attest-published-images/attest-ghcr-io-miciav-nanofaas-go-json-transform-sha256-37025de90123ff7026fb656bb0c206ec8ea59edb56a398a0899a586323ee6cde-216fe421/cosign-verify-attestation-ghcr-io-miciav-nanofaas-go-json-transform-sha256-37025de90123ff7026fb656bb0c206ec8ea59edb56a398a0899a586323ee6cde] passed   3.7s
[040.attest-published-images/attest-ghcr-io-miciav-nanofaas-go-json-transform-sha256-37025de90123ff7026fb656bb0c206ec8ea59edb56a398a0899a586323ee6cde-216fe421] passed   29.0s
[040.attest-published-images/attest-ghcr-io-miciav-nanofaas-go-json-transform-sha256-6d4656ed7d2e24bfc1c2a224ce1d843882a7ea9f0302c03a6cd3ce4be4bab628-9174a2fa] running  Attest ghcr.io/miciav/nanofaas/go-json-transform@sha256:6d4656ed7d2e24bfc1c2a224ce1d843882a7ea9f0302c03a6cd3ce4be4bab628 9174a2fa
[040.attest-published-images/attest-ghcr-io-miciav-nanofaas-go-json-transform-sha256-6d4656ed7d2e24bfc1c2a224ce1d843882a7ea9f0302c03a6cd3ce4be4bab628-9174a2fa/syft-sbom-ghcr-io-miciav-nanofaas-go-json-transform-sha256-6d4656ed7d2e24bfc1c2a224ce1d843882a7ea9f0302c03a6cd3ce4be4bab628] running  Syft SBOM ghcr.io/miciav/nanofaas/go-json-transform@sha256:6d4656ed7d2e24bfc1c2a224ce1d843882a7ea9f0302c03a6cd3ce4be4bab628
[040.attest-published-images/attest-ghcr-io-miciav-nanofaas-go-json-transform-sha256-6d4656ed7d2e24bfc1c2a224ce1d843882a7ea9f0302c03a6cd3ce4be4bab628-9174a2fa/syft-sbom-ghcr-io-miciav-nanofaas-go-json-transform-sha256-6d4656ed7d2e24bfc1c2a224ce1d843882a7ea9f0302c03a6cd3ce4be4bab628] passed   4.8s
[040.attest-published-images/attest-ghcr-io-miciav-nanofaas-go-json-transform-sha256-6d4656ed7d2e24bfc1c2a224ce1d843882a7ea9f0302c03a6cd3ce4be4bab628-9174a2fa/cosign-sign-ghcr-io-miciav-nanofaas-go-json-transform-sha256-6d4656ed7d2e24bfc1c2a224ce1d843882a7ea9f0302c03a6cd3ce4be4bab628] running  cosign sign ghcr.io/miciav/nanofaas/go-json-transform@sha256:6d4656ed7d2e24bfc1c2a224ce1d843882a7ea9f0302c03a6cd3ce4be4bab628
[040.attest-published-images/attest-ghcr-io-miciav-nanofaas-go-json-transform-sha256-6d4656ed7d2e24bfc1c2a224ce1d843882a7ea9f0302c03a6cd3ce4be4bab628-9174a2fa/cosign-sign-ghcr-io-miciav-nanofaas-go-json-transform-sha256-6d4656ed7d2e24bfc1c2a224ce1d843882a7ea9f0302c03a6cd3ce4be4bab628] passed   16.4s
[040.attest-published-images/attest-ghcr-io-miciav-nanofaas-go-json-transform-sha256-6d4656ed7d2e24bfc1c2a224ce1d843882a7ea9f0302c03a6cd3ce4be4bab628-9174a2fa/cosign-attest-ghcr-io-miciav-nanofaas-go-json-transform-sha256-6d4656ed7d2e24bfc1c2a224ce1d843882a7ea9f0302c03a6cd3ce4be4bab628] running  cosign attest ghcr.io/miciav/nanofaas/go-json-transform@sha256:6d4656ed7d2e24bfc1c2a224ce1d843882a7ea9f0302c03a6cd3ce4be4bab628
[040.attest-published-images/attest-ghcr-io-miciav-nanofaas-go-json-transform-sha256-6d4656ed7d2e24bfc1c2a224ce1d843882a7ea9f0302c03a6cd3ce4be4bab628-9174a2fa/cosign-attest-ghcr-io-miciav-nanofaas-go-json-transform-sha256-6d4656ed7d2e24bfc1c2a224ce1d843882a7ea9f0302c03a6cd3ce4be4bab628] passed   8.2s
[040.attest-published-images/attest-ghcr-io-miciav-nanofaas-go-json-transform-sha256-6d4656ed7d2e24bfc1c2a224ce1d843882a7ea9f0302c03a6cd3ce4be4bab628-9174a2fa/cosign-attach-sbom-ghcr-io-miciav-nanofaas-go-json-transform-sha256-6d4656ed7d2e24bfc1c2a224ce1d843882a7ea9f0302c03a6cd3ce4be4bab628] running  cosign attach sbom ghcr.io/miciav/nanofaas/go-json-transform@sha256:6d4656ed7d2e24bfc1c2a224ce1d843882a7ea9f0302c03a6cd3ce4be4bab628
[040.attest-published-images/attest-ghcr-io-miciav-nanofaas-go-json-transform-sha256-6d4656ed7d2e24bfc1c2a224ce1d843882a7ea9f0302c03a6cd3ce4be4bab628-9174a2fa/cosign-attach-sbom-ghcr-io-miciav-nanofaas-go-json-transform-sha256-6d4656ed7d2e24bfc1c2a224ce1d843882a7ea9f0302c03a6cd3ce4be4bab628] passed   5.1s
[040.attest-published-images/attest-ghcr-io-miciav-nanofaas-go-json-transform-sha256-6d4656ed7d2e24bfc1c2a224ce1d843882a7ea9f0302c03a6cd3ce4be4bab628-9174a2fa/cosign-verify-ghcr-io-miciav-nanofaas-go-json-transform-sha256-6d4656ed7d2e24bfc1c2a224ce1d843882a7ea9f0302c03a6cd3ce4be4bab628] running  cosign verify ghcr.io/miciav/nanofaas/go-json-transform@sha256:6d4656ed7d2e24bfc1c2a224ce1d843882a7ea9f0302c03a6cd3ce4be4bab628
[040.attest-published-images/attest-ghcr-io-miciav-nanofaas-go-json-transform-sha256-6d4656ed7d2e24bfc1c2a224ce1d843882a7ea9f0302c03a6cd3ce4be4bab628-9174a2fa/cosign-verify-ghcr-io-miciav-nanofaas-go-json-transform-sha256-6d4656ed7d2e24bfc1c2a224ce1d843882a7ea9f0302c03a6cd3ce4be4bab628] passed   3.5s
[040.attest-published-images/attest-ghcr-io-miciav-nanofaas-go-json-transform-sha256-6d4656ed7d2e24bfc1c2a224ce1d843882a7ea9f0302c03a6cd3ce4be4bab628-9174a2fa/cosign-verify-attestation-ghcr-io-miciav-nanofaas-go-json-transform-sha256-6d4656ed7d2e24bfc1c2a224ce1d843882a7ea9f0302c03a6cd3ce4be4bab628] running  cosign verify-attestation ghcr.io/miciav/nanofaas/go-json-transform@sha256:6d4656ed7d2e24bfc1c2a224ce1d843882a7ea9f0302c03a6cd3ce4be4bab628
[040.attest-published-images/attest-ghcr-io-miciav-nanofaas-go-json-transform-sha256-6d4656ed7d2e24bfc1c2a224ce1d843882a7ea9f0302c03a6cd3ce4be4bab628-9174a2fa/cosign-verify-attestation-ghcr-io-miciav-nanofaas-go-json-transform-sha256-6d4656ed7d2e24bfc1c2a224ce1d843882a7ea9f0302c03a6cd3ce4be4bab628] passed   3.5s
[040.attest-published-images/attest-ghcr-io-miciav-nanofaas-go-json-transform-sha256-6d4656ed7d2e24bfc1c2a224ce1d843882a7ea9f0302c03a6cd3ce4be4bab628-9174a2fa] passed   41.5s
[040.attest-published-images/attest-ghcr-io-miciav-nanofaas-go-json-transform-sha256-45f46024d0f8219e84d5e00d2df7e63376447aa42ecd3528b85c252730896852-782f988c] running  Attest ghcr.io/miciav/nanofaas/go-json-transform@sha256:45f46024d0f8219e84d5e00d2df7e63376447aa42ecd3528b85c252730896852 782f988c
[040.attest-published-images/attest-ghcr-io-miciav-nanofaas-go-json-transform-sha256-45f46024d0f8219e84d5e00d2df7e63376447aa42ecd3528b85c252730896852-782f988c/syft-sbom-ghcr-io-miciav-nanofaas-go-json-transform-sha256-45f46024d0f8219e84d5e00d2df7e63376447aa42ecd3528b85c252730896852] running  Syft SBOM ghcr.io/miciav/nanofaas/go-json-transform@sha256:45f46024d0f8219e84d5e00d2df7e63376447aa42ecd3528b85c252730896852
[040.attest-published-images/attest-ghcr-io-miciav-nanofaas-go-json-transform-sha256-45f46024d0f8219e84d5e00d2df7e63376447aa42ecd3528b85c252730896852-782f988c/syft-sbom-ghcr-io-miciav-nanofaas-go-json-transform-sha256-45f46024d0f8219e84d5e00d2df7e63376447aa42ecd3528b85c252730896852] passed   8.0s
[040.attest-published-images/attest-ghcr-io-miciav-nanofaas-go-json-transform-sha256-45f46024d0f8219e84d5e00d2df7e63376447aa42ecd3528b85c252730896852-782f988c/cosign-sign-ghcr-io-miciav-nanofaas-go-json-transform-sha256-45f46024d0f8219e84d5e00d2df7e63376447aa42ecd3528b85c252730896852] running  cosign sign ghcr.io/miciav/nanofaas/go-json-transform@sha256:45f46024d0f8219e84d5e00d2df7e63376447aa42ecd3528b85c252730896852
[040.attest-published-images/attest-ghcr-io-miciav-nanofaas-go-json-transform-sha256-45f46024d0f8219e84d5e00d2df7e63376447aa42ecd3528b85c252730896852-782f988c/cosign-sign-ghcr-io-miciav-nanofaas-go-json-transform-sha256-45f46024d0f8219e84d5e00d2df7e63376447aa42ecd3528b85c252730896852] passed   5.6s
[040.attest-published-images/attest-ghcr-io-miciav-nanofaas-go-json-transform-sha256-45f46024d0f8219e84d5e00d2df7e63376447aa42ecd3528b85c252730896852-782f988c/cosign-attest-ghcr-io-miciav-nanofaas-go-json-transform-sha256-45f46024d0f8219e84d5e00d2df7e63376447aa42ecd3528b85c252730896852] running  cosign attest ghcr.io/miciav/nanofaas/go-json-transform@sha256:45f46024d0f8219e84d5e00d2df7e63376447aa42ecd3528b85c252730896852
[040.attest-published-images/attest-ghcr-io-miciav-nanofaas-go-json-transform-sha256-45f46024d0f8219e84d5e00d2df7e63376447aa42ecd3528b85c252730896852-782f988c/cosign-attest-ghcr-io-miciav-nanofaas-go-json-transform-sha256-45f46024d0f8219e84d5e00d2df7e63376447aa42ecd3528b85c252730896852] passed   6.3s
[040.attest-published-images/attest-ghcr-io-miciav-nanofaas-go-json-transform-sha256-45f46024d0f8219e84d5e00d2df7e63376447aa42ecd3528b85c252730896852-782f988c/cosign-attach-sbom-ghcr-io-miciav-nanofaas-go-json-transform-sha256-45f46024d0f8219e84d5e00d2df7e63376447aa42ecd3528b85c252730896852] running  cosign attach sbom ghcr.io/miciav/nanofaas/go-json-transform@sha256:45f46024d0f8219e84d5e00d2df7e63376447aa42ecd3528b85c252730896852
[040.attest-published-images/attest-ghcr-io-miciav-nanofaas-go-json-transform-sha256-45f46024d0f8219e84d5e00d2df7e63376447aa42ecd3528b85c252730896852-782f988c/cosign-attach-sbom-ghcr-io-miciav-nanofaas-go-json-transform-sha256-45f46024d0f8219e84d5e00d2df7e63376447aa42ecd3528b85c252730896852] passed   4.3s
[040.attest-published-images/attest-ghcr-io-miciav-nanofaas-go-json-transform-sha256-45f46024d0f8219e84d5e00d2df7e63376447aa42ecd3528b85c252730896852-782f988c/cosign-verify-ghcr-io-miciav-nanofaas-go-json-transform-sha256-45f46024d0f8219e84d5e00d2df7e63376447aa42ecd3528b85c252730896852] running  cosign verify ghcr.io/miciav/nanofaas/go-json-transform@sha256:45f46024d0f8219e84d5e00d2df7e63376447aa42ecd3528b85c252730896852
[040.attest-published-images/attest-ghcr-io-miciav-nanofaas-go-json-transform-sha256-45f46024d0f8219e84d5e00d2df7e63376447aa42ecd3528b85c252730896852-782f988c/cosign-verify-ghcr-io-miciav-nanofaas-go-json-transform-sha256-45f46024d0f8219e84d5e00d2df7e63376447aa42ecd3528b85c252730896852] passed   3.0s
[040.attest-published-images/attest-ghcr-io-miciav-nanofaas-go-json-transform-sha256-45f46024d0f8219e84d5e00d2df7e63376447aa42ecd3528b85c252730896852-782f988c/cosign-verify-attestation-ghcr-io-miciav-nanofaas-go-json-transform-sha256-45f46024d0f8219e84d5e00d2df7e63376447aa42ecd3528b85c252730896852] running  cosign verify-attestation ghcr.io/miciav/nanofaas/go-json-transform@sha256:45f46024d0f8219e84d5e00d2df7e63376447aa42ecd3528b85c252730896852
[040.attest-published-images/attest-ghcr-io-miciav-nanofaas-go-json-transform-sha256-45f46024d0f8219e84d5e00d2df7e63376447aa42ecd3528b85c252730896852-782f988c/cosign-verify-attestation-ghcr-io-miciav-nanofaas-go-json-transform-sha256-45f46024d0f8219e84d5e00d2df7e63376447aa42ecd3528b85c252730896852] passed   3.3s
[040.attest-published-images/attest-ghcr-io-miciav-nanofaas-go-json-transform-sha256-45f46024d0f8219e84d5e00d2df7e63376447aa42ecd3528b85c252730896852-782f988c] passed   30.6s
[040.attest-published-images/attest-ghcr-io-miciav-nanofaas-go-roman-numeral-sha256-23693670b5a92c19b4a908c67192b16d1c1e461980a4a69e37510c27aa0e81ad-b4254d3c] running  Attest ghcr.io/miciav/nanofaas/go-roman-numeral@sha256:23693670b5a92c19b4a908c67192b16d1c1e461980a4a69e37510c27aa0e81ad b4254d3c
[040.attest-published-images/attest-ghcr-io-miciav-nanofaas-go-roman-numeral-sha256-23693670b5a92c19b4a908c67192b16d1c1e461980a4a69e37510c27aa0e81ad-b4254d3c/syft-sbom-ghcr-io-miciav-nanofaas-go-roman-numeral-sha256-23693670b5a92c19b4a908c67192b16d1c1e461980a4a69e37510c27aa0e81ad] running  Syft SBOM ghcr.io/miciav/nanofaas/go-roman-numeral@sha256:23693670b5a92c19b4a908c67192b16d1c1e461980a4a69e37510c27aa0e81ad
[040.attest-published-images/attest-ghcr-io-miciav-nanofaas-go-roman-numeral-sha256-23693670b5a92c19b4a908c67192b16d1c1e461980a4a69e37510c27aa0e81ad-b4254d3c/syft-sbom-ghcr-io-miciav-nanofaas-go-roman-numeral-sha256-23693670b5a92c19b4a908c67192b16d1c1e461980a4a69e37510c27aa0e81ad] passed   5.6s
[040.attest-published-images/attest-ghcr-io-miciav-nanofaas-go-roman-numeral-sha256-23693670b5a92c19b4a908c67192b16d1c1e461980a4a69e37510c27aa0e81ad-b4254d3c/cosign-sign-ghcr-io-miciav-nanofaas-go-roman-numeral-sha256-23693670b5a92c19b4a908c67192b16d1c1e461980a4a69e37510c27aa0e81ad] running  cosign sign ghcr.io/miciav/nanofaas/go-roman-numeral@sha256:23693670b5a92c19b4a908c67192b16d1c1e461980a4a69e37510c27aa0e81ad
[040.attest-published-images/attest-ghcr-io-miciav-nanofaas-go-roman-numeral-sha256-23693670b5a92c19b4a908c67192b16d1c1e461980a4a69e37510c27aa0e81ad-b4254d3c/cosign-sign-ghcr-io-miciav-nanofaas-go-roman-numeral-sha256-23693670b5a92c19b4a908c67192b16d1c1e461980a4a69e37510c27aa0e81ad] passed   5.4s
[040.attest-published-images/attest-ghcr-io-miciav-nanofaas-go-roman-numeral-sha256-23693670b5a92c19b4a908c67192b16d1c1e461980a4a69e37510c27aa0e81ad-b4254d3c/cosign-attest-ghcr-io-miciav-nanofaas-go-roman-numeral-sha256-23693670b5a92c19b4a908c67192b16d1c1e461980a4a69e37510c27aa0e81ad] running  cosign attest ghcr.io/miciav/nanofaas/go-roman-numeral@sha256:23693670b5a92c19b4a908c67192b16d1c1e461980a4a69e37510c27aa0e81ad
[040.attest-published-images/attest-ghcr-io-miciav-nanofaas-go-roman-numeral-sha256-23693670b5a92c19b4a908c67192b16d1c1e461980a4a69e37510c27aa0e81ad-b4254d3c/cosign-attest-ghcr-io-miciav-nanofaas-go-roman-numeral-sha256-23693670b5a92c19b4a908c67192b16d1c1e461980a4a69e37510c27aa0e81ad] passed   5.4s
[040.attest-published-images/attest-ghcr-io-miciav-nanofaas-go-roman-numeral-sha256-23693670b5a92c19b4a908c67192b16d1c1e461980a4a69e37510c27aa0e81ad-b4254d3c/cosign-attach-sbom-ghcr-io-miciav-nanofaas-go-roman-numeral-sha256-23693670b5a92c19b4a908c67192b16d1c1e461980a4a69e37510c27aa0e81ad] running  cosign attach sbom ghcr.io/miciav/nanofaas/go-roman-numeral@sha256:23693670b5a92c19b4a908c67192b16d1c1e461980a4a69e37510c27aa0e81ad
[040.attest-published-images/attest-ghcr-io-miciav-nanofaas-go-roman-numeral-sha256-23693670b5a92c19b4a908c67192b16d1c1e461980a4a69e37510c27aa0e81ad-b4254d3c/cosign-attach-sbom-ghcr-io-miciav-nanofaas-go-roman-numeral-sha256-23693670b5a92c19b4a908c67192b16d1c1e461980a4a69e37510c27aa0e81ad] passed   4.6s
[040.attest-published-images/attest-ghcr-io-miciav-nanofaas-go-roman-numeral-sha256-23693670b5a92c19b4a908c67192b16d1c1e461980a4a69e37510c27aa0e81ad-b4254d3c/cosign-verify-ghcr-io-miciav-nanofaas-go-roman-numeral-sha256-23693670b5a92c19b4a908c67192b16d1c1e461980a4a69e37510c27aa0e81ad] running  cosign verify ghcr.io/miciav/nanofaas/go-roman-numeral@sha256:23693670b5a92c19b4a908c67192b16d1c1e461980a4a69e37510c27aa0e81ad
[040.attest-published-images/attest-ghcr-io-miciav-nanofaas-go-roman-numeral-sha256-23693670b5a92c19b4a908c67192b16d1c1e461980a4a69e37510c27aa0e81ad-b4254d3c/cosign-verify-ghcr-io-miciav-nanofaas-go-roman-numeral-sha256-23693670b5a92c19b4a908c67192b16d1c1e461980a4a69e37510c27aa0e81ad] passed   3.1s
[040.attest-published-images/attest-ghcr-io-miciav-nanofaas-go-roman-numeral-sha256-23693670b5a92c19b4a908c67192b16d1c1e461980a4a69e37510c27aa0e81ad-b4254d3c/cosign-verify-attestation-ghcr-io-miciav-nanofaas-go-roman-numeral-sha256-23693670b5a92c19b4a908c67192b16d1c1e461980a4a69e37510c27aa0e81ad] running  cosign verify-attestation ghcr.io/miciav/nanofaas/go-roman-numeral@sha256:23693670b5a92c19b4a908c67192b16d1c1e461980a4a69e37510c27aa0e81ad
[040.attest-published-images/attest-ghcr-io-miciav-nanofaas-go-roman-numeral-sha256-23693670b5a92c19b4a908c67192b16d1c1e461980a4a69e37510c27aa0e81ad-b4254d3c/cosign-verify-attestation-ghcr-io-miciav-nanofaas-go-roman-numeral-sha256-23693670b5a92c19b4a908c67192b16d1c1e461980a4a69e37510c27aa0e81ad] passed   3.5s
[040.attest-published-images/attest-ghcr-io-miciav-nanofaas-go-roman-numeral-sha256-23693670b5a92c19b4a908c67192b16d1c1e461980a4a69e37510c27aa0e81ad-b4254d3c] passed   27.7s
[040.attest-published-images/attest-ghcr-io-miciav-nanofaas-go-roman-numeral-sha256-5cc2a5c35a168105df9a480ee423fdb4964654d3587bbae004b3268139856502-8a690edb] running  Attest ghcr.io/miciav/nanofaas/go-roman-numeral@sha256:5cc2a5c35a168105df9a480ee423fdb4964654d3587bbae004b3268139856502 8a690edb
[040.attest-published-images/attest-ghcr-io-miciav-nanofaas-go-roman-numeral-sha256-5cc2a5c35a168105df9a480ee423fdb4964654d3587bbae004b3268139856502-8a690edb/syft-sbom-ghcr-io-miciav-nanofaas-go-roman-numeral-sha256-5cc2a5c35a168105df9a480ee423fdb4964654d3587bbae004b3268139856502] running  Syft SBOM ghcr.io/miciav/nanofaas/go-roman-numeral@sha256:5cc2a5c35a168105df9a480ee423fdb4964654d3587bbae004b3268139856502
[040.attest-published-images/attest-ghcr-io-miciav-nanofaas-go-roman-numeral-sha256-5cc2a5c35a168105df9a480ee423fdb4964654d3587bbae004b3268139856502-8a690edb/syft-sbom-ghcr-io-miciav-nanofaas-go-roman-numeral-sha256-5cc2a5c35a168105df9a480ee423fdb4964654d3587bbae004b3268139856502] passed   4.7s
[040.attest-published-images/attest-ghcr-io-miciav-nanofaas-go-roman-numeral-sha256-5cc2a5c35a168105df9a480ee423fdb4964654d3587bbae004b3268139856502-8a690edb/cosign-sign-ghcr-io-miciav-nanofaas-go-roman-numeral-sha256-5cc2a5c35a168105df9a480ee423fdb4964654d3587bbae004b3268139856502] running  cosign sign ghcr.io/miciav/nanofaas/go-roman-numeral@sha256:5cc2a5c35a168105df9a480ee423fdb4964654d3587bbae004b3268139856502
[040.attest-published-images/attest-ghcr-io-miciav-nanofaas-go-roman-numeral-sha256-5cc2a5c35a168105df9a480ee423fdb4964654d3587bbae004b3268139856502-8a690edb/cosign-sign-ghcr-io-miciav-nanofaas-go-roman-numeral-sha256-5cc2a5c35a168105df9a480ee423fdb4964654d3587bbae004b3268139856502] passed   5.5s
[040.attest-published-images/attest-ghcr-io-miciav-nanofaas-go-roman-numeral-sha256-5cc2a5c35a168105df9a480ee423fdb4964654d3587bbae004b3268139856502-8a690edb/cosign-attest-ghcr-io-miciav-nanofaas-go-roman-numeral-sha256-5cc2a5c35a168105df9a480ee423fdb4964654d3587bbae004b3268139856502] running  cosign attest ghcr.io/miciav/nanofaas/go-roman-numeral@sha256:5cc2a5c35a168105df9a480ee423fdb4964654d3587bbae004b3268139856502
[040.attest-published-images/attest-ghcr-io-miciav-nanofaas-go-roman-numeral-sha256-5cc2a5c35a168105df9a480ee423fdb4964654d3587bbae004b3268139856502-8a690edb/cosign-attest-ghcr-io-miciav-nanofaas-go-roman-numeral-sha256-5cc2a5c35a168105df9a480ee423fdb4964654d3587bbae004b3268139856502] passed   5.8s
[040.attest-published-images/attest-ghcr-io-miciav-nanofaas-go-roman-numeral-sha256-5cc2a5c35a168105df9a480ee423fdb4964654d3587bbae004b3268139856502-8a690edb/cosign-attach-sbom-ghcr-io-miciav-nanofaas-go-roman-numeral-sha256-5cc2a5c35a168105df9a480ee423fdb4964654d3587bbae004b3268139856502] running  cosign attach sbom ghcr.io/miciav/nanofaas/go-roman-numeral@sha256:5cc2a5c35a168105df9a480ee423fdb4964654d3587bbae004b3268139856502
[040.attest-published-images/attest-ghcr-io-miciav-nanofaas-go-roman-numeral-sha256-5cc2a5c35a168105df9a480ee423fdb4964654d3587bbae004b3268139856502-8a690edb/cosign-attach-sbom-ghcr-io-miciav-nanofaas-go-roman-numeral-sha256-5cc2a5c35a168105df9a480ee423fdb4964654d3587bbae004b3268139856502] passed   4.6s
[040.attest-published-images/attest-ghcr-io-miciav-nanofaas-go-roman-numeral-sha256-5cc2a5c35a168105df9a480ee423fdb4964654d3587bbae004b3268139856502-8a690edb/cosign-verify-ghcr-io-miciav-nanofaas-go-roman-numeral-sha256-5cc2a5c35a168105df9a480ee423fdb4964654d3587bbae004b3268139856502] running  cosign verify ghcr.io/miciav/nanofaas/go-roman-numeral@sha256:5cc2a5c35a168105df9a480ee423fdb4964654d3587bbae004b3268139856502
[040.attest-published-images/attest-ghcr-io-miciav-nanofaas-go-roman-numeral-sha256-5cc2a5c35a168105df9a480ee423fdb4964654d3587bbae004b3268139856502-8a690edb/cosign-verify-ghcr-io-miciav-nanofaas-go-roman-numeral-sha256-5cc2a5c35a168105df9a480ee423fdb4964654d3587bbae004b3268139856502] passed   3.6s
[040.attest-published-images/attest-ghcr-io-miciav-nanofaas-go-roman-numeral-sha256-5cc2a5c35a168105df9a480ee423fdb4964654d3587bbae004b3268139856502-8a690edb/cosign-verify-attestation-ghcr-io-miciav-nanofaas-go-roman-numeral-sha256-5cc2a5c35a168105df9a480ee423fdb4964654d3587bbae004b3268139856502] running  cosign verify-attestation ghcr.io/miciav/nanofaas/go-roman-numeral@sha256:5cc2a5c35a168105df9a480ee423fdb4964654d3587bbae004b3268139856502
[040.attest-published-images/attest-ghcr-io-miciav-nanofaas-go-roman-numeral-sha256-5cc2a5c35a168105df9a480ee423fdb4964654d3587bbae004b3268139856502-8a690edb/cosign-verify-attestation-ghcr-io-miciav-nanofaas-go-roman-numeral-sha256-5cc2a5c35a168105df9a480ee423fdb4964654d3587bbae004b3268139856502] passed   3.7s
[040.attest-published-images/attest-ghcr-io-miciav-nanofaas-go-roman-numeral-sha256-5cc2a5c35a168105df9a480ee423fdb4964654d3587bbae004b3268139856502-8a690edb] passed   28.0s
[040.attest-published-images/attest-ghcr-io-miciav-nanofaas-go-roman-numeral-sha256-b9839058a318b01994bb100f2feba097bf9a800cbd04083e793713010c307170-60f6c2e0] running  Attest ghcr.io/miciav/nanofaas/go-roman-numeral@sha256:b9839058a318b01994bb100f2feba097bf9a800cbd04083e793713010c307170 60f6c2e0
[040.attest-published-images/attest-ghcr-io-miciav-nanofaas-go-roman-numeral-sha256-b9839058a318b01994bb100f2feba097bf9a800cbd04083e793713010c307170-60f6c2e0/syft-sbom-ghcr-io-miciav-nanofaas-go-roman-numeral-sha256-b9839058a318b01994bb100f2feba097bf9a800cbd04083e793713010c307170] running  Syft SBOM ghcr.io/miciav/nanofaas/go-roman-numeral@sha256:b9839058a318b01994bb100f2feba097bf9a800cbd04083e793713010c307170
[040.attest-published-images/attest-ghcr-io-miciav-nanofaas-go-roman-numeral-sha256-b9839058a318b01994bb100f2feba097bf9a800cbd04083e793713010c307170-60f6c2e0/syft-sbom-ghcr-io-miciav-nanofaas-go-roman-numeral-sha256-b9839058a318b01994bb100f2feba097bf9a800cbd04083e793713010c307170] passed   5.5s
[040.attest-published-images/attest-ghcr-io-miciav-nanofaas-go-roman-numeral-sha256-b9839058a318b01994bb100f2feba097bf9a800cbd04083e793713010c307170-60f6c2e0/cosign-sign-ghcr-io-miciav-nanofaas-go-roman-numeral-sha256-b9839058a318b01994bb100f2feba097bf9a800cbd04083e793713010c307170] running  cosign sign ghcr.io/miciav/nanofaas/go-roman-numeral@sha256:b9839058a318b01994bb100f2feba097bf9a800cbd04083e793713010c307170
[040.attest-published-images/attest-ghcr-io-miciav-nanofaas-go-roman-numeral-sha256-b9839058a318b01994bb100f2feba097bf9a800cbd04083e793713010c307170-60f6c2e0/cosign-sign-ghcr-io-miciav-nanofaas-go-roman-numeral-sha256-b9839058a318b01994bb100f2feba097bf9a800cbd04083e793713010c307170] passed   6.0s
[040.attest-published-images/attest-ghcr-io-miciav-nanofaas-go-roman-numeral-sha256-b9839058a318b01994bb100f2feba097bf9a800cbd04083e793713010c307170-60f6c2e0/cosign-attest-ghcr-io-miciav-nanofaas-go-roman-numeral-sha256-b9839058a318b01994bb100f2feba097bf9a800cbd04083e793713010c307170] running  cosign attest ghcr.io/miciav/nanofaas/go-roman-numeral@sha256:b9839058a318b01994bb100f2feba097bf9a800cbd04083e793713010c307170
[040.attest-published-images/attest-ghcr-io-miciav-nanofaas-go-roman-numeral-sha256-b9839058a318b01994bb100f2feba097bf9a800cbd04083e793713010c307170-60f6c2e0/cosign-attest-ghcr-io-miciav-nanofaas-go-roman-numeral-sha256-b9839058a318b01994bb100f2feba097bf9a800cbd04083e793713010c307170] passed   5.2s
[040.attest-published-images/attest-ghcr-io-miciav-nanofaas-go-roman-numeral-sha256-b9839058a318b01994bb100f2feba097bf9a800cbd04083e793713010c307170-60f6c2e0/cosign-attach-sbom-ghcr-io-miciav-nanofaas-go-roman-numeral-sha256-b9839058a318b01994bb100f2feba097bf9a800cbd04083e793713010c307170] running  cosign attach sbom ghcr.io/miciav/nanofaas/go-roman-numeral@sha256:b9839058a318b01994bb100f2feba097bf9a800cbd04083e793713010c307170
[040.attest-published-images/attest-ghcr-io-miciav-nanofaas-go-roman-numeral-sha256-b9839058a318b01994bb100f2feba097bf9a800cbd04083e793713010c307170-60f6c2e0/cosign-attach-sbom-ghcr-io-miciav-nanofaas-go-roman-numeral-sha256-b9839058a318b01994bb100f2feba097bf9a800cbd04083e793713010c307170] passed   4.8s
[040.attest-published-images/attest-ghcr-io-miciav-nanofaas-go-roman-numeral-sha256-b9839058a318b01994bb100f2feba097bf9a800cbd04083e793713010c307170-60f6c2e0/cosign-verify-ghcr-io-miciav-nanofaas-go-roman-numeral-sha256-b9839058a318b01994bb100f2feba097bf9a800cbd04083e793713010c307170] running  cosign verify ghcr.io/miciav/nanofaas/go-roman-numeral@sha256:b9839058a318b01994bb100f2feba097bf9a800cbd04083e793713010c307170
[040.attest-published-images/attest-ghcr-io-miciav-nanofaas-go-roman-numeral-sha256-b9839058a318b01994bb100f2feba097bf9a800cbd04083e793713010c307170-60f6c2e0/cosign-verify-ghcr-io-miciav-nanofaas-go-roman-numeral-sha256-b9839058a318b01994bb100f2feba097bf9a800cbd04083e793713010c307170] passed   3.5s
[040.attest-published-images/attest-ghcr-io-miciav-nanofaas-go-roman-numeral-sha256-b9839058a318b01994bb100f2feba097bf9a800cbd04083e793713010c307170-60f6c2e0/cosign-verify-attestation-ghcr-io-miciav-nanofaas-go-roman-numeral-sha256-b9839058a318b01994bb100f2feba097bf9a800cbd04083e793713010c307170] running  cosign verify-attestation ghcr.io/miciav/nanofaas/go-roman-numeral@sha256:b9839058a318b01994bb100f2feba097bf9a800cbd04083e793713010c307170
[040.attest-published-images/attest-ghcr-io-miciav-nanofaas-go-roman-numeral-sha256-b9839058a318b01994bb100f2feba097bf9a800cbd04083e793713010c307170-60f6c2e0/cosign-verify-attestation-ghcr-io-miciav-nanofaas-go-roman-numeral-sha256-b9839058a318b01994bb100f2feba097bf9a800cbd04083e793713010c307170] passed   3.4s
[040.attest-published-images/attest-ghcr-io-miciav-nanofaas-go-roman-numeral-sha256-b9839058a318b01994bb100f2feba097bf9a800cbd04083e793713010c307170-60f6c2e0] passed   28.5s
[040.attest-published-images/attest-ghcr-io-miciav-nanofaas-go-word-stats-sha256-93a8d3eb861534ec6b45dff9e3cdf3481d460080c748d8558e0c5e9a29066725-e8b95b0c] running  Attest ghcr.io/miciav/nanofaas/go-word-stats@sha256:93a8d3eb861534ec6b45dff9e3cdf3481d460080c748d8558e0c5e9a29066725 e8b95b0c
[040.attest-published-images/attest-ghcr-io-miciav-nanofaas-go-word-stats-sha256-93a8d3eb861534ec6b45dff9e3cdf3481d460080c748d8558e0c5e9a29066725-e8b95b0c/syft-sbom-ghcr-io-miciav-nanofaas-go-word-stats-sha256-93a8d3eb861534ec6b45dff9e3cdf3481d460080c748d8558e0c5e9a29066725] running  Syft SBOM ghcr.io/miciav/nanofaas/go-word-stats@sha256:93a8d3eb861534ec6b45dff9e3cdf3481d460080c748d8558e0c5e9a29066725
[040.attest-published-images/attest-ghcr-io-miciav-nanofaas-go-word-stats-sha256-93a8d3eb861534ec6b45dff9e3cdf3481d460080c748d8558e0c5e9a29066725-e8b95b0c/syft-sbom-ghcr-io-miciav-nanofaas-go-word-stats-sha256-93a8d3eb861534ec6b45dff9e3cdf3481d460080c748d8558e0c5e9a29066725] passed   5.3s
[040.attest-published-images/attest-ghcr-io-miciav-nanofaas-go-word-stats-sha256-93a8d3eb861534ec6b45dff9e3cdf3481d460080c748d8558e0c5e9a29066725-e8b95b0c/cosign-sign-ghcr-io-miciav-nanofaas-go-word-stats-sha256-93a8d3eb861534ec6b45dff9e3cdf3481d460080c748d8558e0c5e9a29066725] running  cosign sign ghcr.io/miciav/nanofaas/go-word-stats@sha256:93a8d3eb861534ec6b45dff9e3cdf3481d460080c748d8558e0c5e9a29066725
[040.attest-published-images/attest-ghcr-io-miciav-nanofaas-go-word-stats-sha256-93a8d3eb861534ec6b45dff9e3cdf3481d460080c748d8558e0c5e9a29066725-e8b95b0c/cosign-sign-ghcr-io-miciav-nanofaas-go-word-stats-sha256-93a8d3eb861534ec6b45dff9e3cdf3481d460080c748d8558e0c5e9a29066725] passed   5.4s
[040.attest-published-images/attest-ghcr-io-miciav-nanofaas-go-word-stats-sha256-93a8d3eb861534ec6b45dff9e3cdf3481d460080c748d8558e0c5e9a29066725-e8b95b0c/cosign-attest-ghcr-io-miciav-nanofaas-go-word-stats-sha256-93a8d3eb861534ec6b45dff9e3cdf3481d460080c748d8558e0c5e9a29066725] running  cosign attest ghcr.io/miciav/nanofaas/go-word-stats@sha256:93a8d3eb861534ec6b45dff9e3cdf3481d460080c748d8558e0c5e9a29066725
[040.attest-published-images/attest-ghcr-io-miciav-nanofaas-go-word-stats-sha256-93a8d3eb861534ec6b45dff9e3cdf3481d460080c748d8558e0c5e9a29066725-e8b95b0c/cosign-attest-ghcr-io-miciav-nanofaas-go-word-stats-sha256-93a8d3eb861534ec6b45dff9e3cdf3481d460080c748d8558e0c5e9a29066725] passed   5.2s
[040.attest-published-images/attest-ghcr-io-miciav-nanofaas-go-word-stats-sha256-93a8d3eb861534ec6b45dff9e3cdf3481d460080c748d8558e0c5e9a29066725-e8b95b0c/cosign-attach-sbom-ghcr-io-miciav-nanofaas-go-word-stats-sha256-93a8d3eb861534ec6b45dff9e3cdf3481d460080c748d8558e0c5e9a29066725] running  cosign attach sbom ghcr.io/miciav/nanofaas/go-word-stats@sha256:93a8d3eb861534ec6b45dff9e3cdf3481d460080c748d8558e0c5e9a29066725
[040.attest-published-images/attest-ghcr-io-miciav-nanofaas-go-word-stats-sha256-93a8d3eb861534ec6b45dff9e3cdf3481d460080c748d8558e0c5e9a29066725-e8b95b0c/cosign-attach-sbom-ghcr-io-miciav-nanofaas-go-word-stats-sha256-93a8d3eb861534ec6b45dff9e3cdf3481d460080c748d8558e0c5e9a29066725] passed   4.6s
[040.attest-published-images/attest-ghcr-io-miciav-nanofaas-go-word-stats-sha256-93a8d3eb861534ec6b45dff9e3cdf3481d460080c748d8558e0c5e9a29066725-e8b95b0c/cosign-verify-ghcr-io-miciav-nanofaas-go-word-stats-sha256-93a8d3eb861534ec6b45dff9e3cdf3481d460080c748d8558e0c5e9a29066725] running  cosign verify ghcr.io/miciav/nanofaas/go-word-stats@sha256:93a8d3eb861534ec6b45dff9e3cdf3481d460080c748d8558e0c5e9a29066725
[040.attest-published-images/attest-ghcr-io-miciav-nanofaas-go-word-stats-sha256-93a8d3eb861534ec6b45dff9e3cdf3481d460080c748d8558e0c5e9a29066725-e8b95b0c/cosign-verify-ghcr-io-miciav-nanofaas-go-word-stats-sha256-93a8d3eb861534ec6b45dff9e3cdf3481d460080c748d8558e0c5e9a29066725] passed   3.1s
[040.attest-published-images/attest-ghcr-io-miciav-nanofaas-go-word-stats-sha256-93a8d3eb861534ec6b45dff9e3cdf3481d460080c748d8558e0c5e9a29066725-e8b95b0c/cosign-verify-attestation-ghcr-io-miciav-nanofaas-go-word-stats-sha256-93a8d3eb861534ec6b45dff9e3cdf3481d460080c748d8558e0c5e9a29066725] running  cosign verify-attestation ghcr.io/miciav/nanofaas/go-word-stats@sha256:93a8d3eb861534ec6b45dff9e3cdf3481d460080c748d8558e0c5e9a29066725
[040.attest-published-images/attest-ghcr-io-miciav-nanofaas-go-word-stats-sha256-93a8d3eb861534ec6b45dff9e3cdf3481d460080c748d8558e0c5e9a29066725-e8b95b0c/cosign-verify-attestation-ghcr-io-miciav-nanofaas-go-word-stats-sha256-93a8d3eb861534ec6b45dff9e3cdf3481d460080c748d8558e0c5e9a29066725] passed   3.4s
[040.attest-published-images/attest-ghcr-io-miciav-nanofaas-go-word-stats-sha256-93a8d3eb861534ec6b45dff9e3cdf3481d460080c748d8558e0c5e9a29066725-e8b95b0c] passed   27.0s
[040.attest-published-images/attest-ghcr-io-miciav-nanofaas-go-word-stats-sha256-d47fd4d9c8fc7bcfdbaaa6037c8c0d4c24bccd7d7dbc87218ca66a48a095acca-376204ae] running  Attest ghcr.io/miciav/nanofaas/go-word-stats@sha256:d47fd4d9c8fc7bcfdbaaa6037c8c0d4c24bccd7d7dbc87218ca66a48a095acca 376204ae
[040.attest-published-images/attest-ghcr-io-miciav-nanofaas-go-word-stats-sha256-d47fd4d9c8fc7bcfdbaaa6037c8c0d4c24bccd7d7dbc87218ca66a48a095acca-376204ae/syft-sbom-ghcr-io-miciav-nanofaas-go-word-stats-sha256-d47fd4d9c8fc7bcfdbaaa6037c8c0d4c24bccd7d7dbc87218ca66a48a095acca] running  Syft SBOM ghcr.io/miciav/nanofaas/go-word-stats@sha256:d47fd4d9c8fc7bcfdbaaa6037c8c0d4c24bccd7d7dbc87218ca66a48a095acca
[040.attest-published-images/attest-ghcr-io-miciav-nanofaas-go-word-stats-sha256-d47fd4d9c8fc7bcfdbaaa6037c8c0d4c24bccd7d7dbc87218ca66a48a095acca-376204ae/syft-sbom-ghcr-io-miciav-nanofaas-go-word-stats-sha256-d47fd4d9c8fc7bcfdbaaa6037c8c0d4c24bccd7d7dbc87218ca66a48a095acca] passed   4.7s
[040.attest-published-images/attest-ghcr-io-miciav-nanofaas-go-word-stats-sha256-d47fd4d9c8fc7bcfdbaaa6037c8c0d4c24bccd7d7dbc87218ca66a48a095acca-376204ae/cosign-sign-ghcr-io-miciav-nanofaas-go-word-stats-sha256-d47fd4d9c8fc7bcfdbaaa6037c8c0d4c24bccd7d7dbc87218ca66a48a095acca] running  cosign sign ghcr.io/miciav/nanofaas/go-word-stats@sha256:d47fd4d9c8fc7bcfdbaaa6037c8c0d4c24bccd7d7dbc87218ca66a48a095acca
[040.attest-published-images/attest-ghcr-io-miciav-nanofaas-go-word-stats-sha256-d47fd4d9c8fc7bcfdbaaa6037c8c0d4c24bccd7d7dbc87218ca66a48a095acca-376204ae/cosign-sign-ghcr-io-miciav-nanofaas-go-word-stats-sha256-d47fd4d9c8fc7bcfdbaaa6037c8c0d4c24bccd7d7dbc87218ca66a48a095acca] passed   5.4s
[040.attest-published-images/attest-ghcr-io-miciav-nanofaas-go-word-stats-sha256-d47fd4d9c8fc7bcfdbaaa6037c8c0d4c24bccd7d7dbc87218ca66a48a095acca-376204ae/cosign-attest-ghcr-io-miciav-nanofaas-go-word-stats-sha256-d47fd4d9c8fc7bcfdbaaa6037c8c0d4c24bccd7d7dbc87218ca66a48a095acca] running  cosign attest ghcr.io/miciav/nanofaas/go-word-stats@sha256:d47fd4d9c8fc7bcfdbaaa6037c8c0d4c24bccd7d7dbc87218ca66a48a095acca
[040.attest-published-images/attest-ghcr-io-miciav-nanofaas-go-word-stats-sha256-d47fd4d9c8fc7bcfdbaaa6037c8c0d4c24bccd7d7dbc87218ca66a48a095acca-376204ae/cosign-attest-ghcr-io-miciav-nanofaas-go-word-stats-sha256-d47fd4d9c8fc7bcfdbaaa6037c8c0d4c24bccd7d7dbc87218ca66a48a095acca] passed   5.5s
[040.attest-published-images/attest-ghcr-io-miciav-nanofaas-go-word-stats-sha256-d47fd4d9c8fc7bcfdbaaa6037c8c0d4c24bccd7d7dbc87218ca66a48a095acca-376204ae/cosign-attach-sbom-ghcr-io-miciav-nanofaas-go-word-stats-sha256-d47fd4d9c8fc7bcfdbaaa6037c8c0d4c24bccd7d7dbc87218ca66a48a095acca] running  cosign attach sbom ghcr.io/miciav/nanofaas/go-word-stats@sha256:d47fd4d9c8fc7bcfdbaaa6037c8c0d4c24bccd7d7dbc87218ca66a48a095acca
[040.attest-published-images/attest-ghcr-io-miciav-nanofaas-go-word-stats-sha256-d47fd4d9c8fc7bcfdbaaa6037c8c0d4c24bccd7d7dbc87218ca66a48a095acca-376204ae/cosign-attach-sbom-ghcr-io-miciav-nanofaas-go-word-stats-sha256-d47fd4d9c8fc7bcfdbaaa6037c8c0d4c24bccd7d7dbc87218ca66a48a095acca] passed   4.5s
[040.attest-published-images/attest-ghcr-io-miciav-nanofaas-go-word-stats-sha256-d47fd4d9c8fc7bcfdbaaa6037c8c0d4c24bccd7d7dbc87218ca66a48a095acca-376204ae/cosign-verify-ghcr-io-miciav-nanofaas-go-word-stats-sha256-d47fd4d9c8fc7bcfdbaaa6037c8c0d4c24bccd7d7dbc87218ca66a48a095acca] running  cosign verify ghcr.io/miciav/nanofaas/go-word-stats@sha256:d47fd4d9c8fc7bcfdbaaa6037c8c0d4c24bccd7d7dbc87218ca66a48a095acca
[040.attest-published-images/attest-ghcr-io-miciav-nanofaas-go-word-stats-sha256-d47fd4d9c8fc7bcfdbaaa6037c8c0d4c24bccd7d7dbc87218ca66a48a095acca-376204ae/cosign-verify-ghcr-io-miciav-nanofaas-go-word-stats-sha256-d47fd4d9c8fc7bcfdbaaa6037c8c0d4c24bccd7d7dbc87218ca66a48a095acca] passed   3.3s
[040.attest-published-images/attest-ghcr-io-miciav-nanofaas-go-word-stats-sha256-d47fd4d9c8fc7bcfdbaaa6037c8c0d4c24bccd7d7dbc87218ca66a48a095acca-376204ae/cosign-verify-attestation-ghcr-io-miciav-nanofaas-go-word-stats-sha256-d47fd4d9c8fc7bcfdbaaa6037c8c0d4c24bccd7d7dbc87218ca66a48a095acca] running  cosign verify-attestation ghcr.io/miciav/nanofaas/go-word-stats@sha256:d47fd4d9c8fc7bcfdbaaa6037c8c0d4c24bccd7d7dbc87218ca66a48a095acca
[040.attest-published-images/attest-ghcr-io-miciav-nanofaas-go-word-stats-sha256-d47fd4d9c8fc7bcfdbaaa6037c8c0d4c24bccd7d7dbc87218ca66a48a095acca-376204ae/cosign-verify-attestation-ghcr-io-miciav-nanofaas-go-word-stats-sha256-d47fd4d9c8fc7bcfdbaaa6037c8c0d4c24bccd7d7dbc87218ca66a48a095acca] passed   3.5s
[040.attest-published-images/attest-ghcr-io-miciav-nanofaas-go-word-stats-sha256-d47fd4d9c8fc7bcfdbaaa6037c8c0d4c24bccd7d7dbc87218ca66a48a095acca-376204ae] passed   26.9s
[040.attest-published-images/attest-ghcr-io-miciav-nanofaas-go-word-stats-sha256-f90e2ffaf917549c8130f55ec6f8cff7ef20d2306f47aded82588d34f8254fa4-6e078dc4] running  Attest ghcr.io/miciav/nanofaas/go-word-stats@sha256:f90e2ffaf917549c8130f55ec6f8cff7ef20d2306f47aded82588d34f8254fa4 6e078dc4
[040.attest-published-images/attest-ghcr-io-miciav-nanofaas-go-word-stats-sha256-f90e2ffaf917549c8130f55ec6f8cff7ef20d2306f47aded82588d34f8254fa4-6e078dc4/syft-sbom-ghcr-io-miciav-nanofaas-go-word-stats-sha256-f90e2ffaf917549c8130f55ec6f8cff7ef20d2306f47aded82588d34f8254fa4] running  Syft SBOM ghcr.io/miciav/nanofaas/go-word-stats@sha256:f90e2ffaf917549c8130f55ec6f8cff7ef20d2306f47aded82588d34f8254fa4
[040.attest-published-images/attest-ghcr-io-miciav-nanofaas-go-word-stats-sha256-f90e2ffaf917549c8130f55ec6f8cff7ef20d2306f47aded82588d34f8254fa4-6e078dc4/syft-sbom-ghcr-io-miciav-nanofaas-go-word-stats-sha256-f90e2ffaf917549c8130f55ec6f8cff7ef20d2306f47aded82588d34f8254fa4] passed   5.5s
[040.attest-published-images/attest-ghcr-io-miciav-nanofaas-go-word-stats-sha256-f90e2ffaf917549c8130f55ec6f8cff7ef20d2306f47aded82588d34f8254fa4-6e078dc4/cosign-sign-ghcr-io-miciav-nanofaas-go-word-stats-sha256-f90e2ffaf917549c8130f55ec6f8cff7ef20d2306f47aded82588d34f8254fa4] running  cosign sign ghcr.io/miciav/nanofaas/go-word-stats@sha256:f90e2ffaf917549c8130f55ec6f8cff7ef20d2306f47aded82588d34f8254fa4
[040.attest-published-images/attest-ghcr-io-miciav-nanofaas-go-word-stats-sha256-f90e2ffaf917549c8130f55ec6f8cff7ef20d2306f47aded82588d34f8254fa4-6e078dc4/cosign-sign-ghcr-io-miciav-nanofaas-go-word-stats-sha256-f90e2ffaf917549c8130f55ec6f8cff7ef20d2306f47aded82588d34f8254fa4] passed   5.6s
[040.attest-published-images/attest-ghcr-io-miciav-nanofaas-go-word-stats-sha256-f90e2ffaf917549c8130f55ec6f8cff7ef20d2306f47aded82588d34f8254fa4-6e078dc4/cosign-attest-ghcr-io-miciav-nanofaas-go-word-stats-sha256-f90e2ffaf917549c8130f55ec6f8cff7ef20d2306f47aded82588d34f8254fa4] running  cosign attest ghcr.io/miciav/nanofaas/go-word-stats@sha256:f90e2ffaf917549c8130f55ec6f8cff7ef20d2306f47aded82588d34f8254fa4
[040.attest-published-images/attest-ghcr-io-miciav-nanofaas-go-word-stats-sha256-f90e2ffaf917549c8130f55ec6f8cff7ef20d2306f47aded82588d34f8254fa4-6e078dc4/cosign-attest-ghcr-io-miciav-nanofaas-go-word-stats-sha256-f90e2ffaf917549c8130f55ec6f8cff7ef20d2306f47aded82588d34f8254fa4] passed   5.3s
[040.attest-published-images/attest-ghcr-io-miciav-nanofaas-go-word-stats-sha256-f90e2ffaf917549c8130f55ec6f8cff7ef20d2306f47aded82588d34f8254fa4-6e078dc4/cosign-attach-sbom-ghcr-io-miciav-nanofaas-go-word-stats-sha256-f90e2ffaf917549c8130f55ec6f8cff7ef20d2306f47aded82588d34f8254fa4] running  cosign attach sbom ghcr.io/miciav/nanofaas/go-word-stats@sha256:f90e2ffaf917549c8130f55ec6f8cff7ef20d2306f47aded82588d34f8254fa4
[040.attest-published-images/attest-ghcr-io-miciav-nanofaas-go-word-stats-sha256-f90e2ffaf917549c8130f55ec6f8cff7ef20d2306f47aded82588d34f8254fa4-6e078dc4/cosign-attach-sbom-ghcr-io-miciav-nanofaas-go-word-stats-sha256-f90e2ffaf917549c8130f55ec6f8cff7ef20d2306f47aded82588d34f8254fa4] passed   4.5s
[040.attest-published-images/attest-ghcr-io-miciav-nanofaas-go-word-stats-sha256-f90e2ffaf917549c8130f55ec6f8cff7ef20d2306f47aded82588d34f8254fa4-6e078dc4/cosign-verify-ghcr-io-miciav-nanofaas-go-word-stats-sha256-f90e2ffaf917549c8130f55ec6f8cff7ef20d2306f47aded82588d34f8254fa4] running  cosign verify ghcr.io/miciav/nanofaas/go-word-stats@sha256:f90e2ffaf917549c8130f55ec6f8cff7ef20d2306f47aded82588d34f8254fa4
[040.attest-published-images/attest-ghcr-io-miciav-nanofaas-go-word-stats-sha256-f90e2ffaf917549c8130f55ec6f8cff7ef20d2306f47aded82588d34f8254fa4-6e078dc4/cosign-verify-ghcr-io-miciav-nanofaas-go-word-stats-sha256-f90e2ffaf917549c8130f55ec6f8cff7ef20d2306f47aded82588d34f8254fa4] passed   3.0s
[040.attest-published-images/attest-ghcr-io-miciav-nanofaas-go-word-stats-sha256-f90e2ffaf917549c8130f55ec6f8cff7ef20d2306f47aded82588d34f8254fa4-6e078dc4/cosign-verify-attestation-ghcr-io-miciav-nanofaas-go-word-stats-sha256-f90e2ffaf917549c8130f55ec6f8cff7ef20d2306f47aded82588d34f8254fa4] running  cosign verify-attestation ghcr.io/miciav/nanofaas/go-word-stats@sha256:f90e2ffaf917549c8130f55ec6f8cff7ef20d2306f47aded82588d34f8254fa4
[040.attest-published-images/attest-ghcr-io-miciav-nanofaas-go-word-stats-sha256-f90e2ffaf917549c8130f55ec6f8cff7ef20d2306f47aded82588d34f8254fa4-6e078dc4/cosign-verify-attestation-ghcr-io-miciav-nanofaas-go-word-stats-sha256-f90e2ffaf917549c8130f55ec6f8cff7ef20d2306f47aded82588d34f8254fa4] passed   3.6s
[040.attest-published-images/attest-ghcr-io-miciav-nanofaas-go-word-stats-sha256-f90e2ffaf917549c8130f55ec6f8cff7ef20d2306f47aded82588d34f8254fa4-6e078dc4] passed   27.6s
[040.attest-published-images/attest-ghcr-io-miciav-nanofaas-java-figlet-sha256-21aed329c44c850a989c23fb1732e15192cc98b7a712b44b3c79f8e892a06aab-53b59938] running  Attest ghcr.io/miciav/nanofaas/java-figlet@sha256:21aed329c44c850a989c23fb1732e15192cc98b7a712b44b3c79f8e892a06aab 53b59938
[040.attest-published-images/attest-ghcr-io-miciav-nanofaas-java-figlet-sha256-21aed329c44c850a989c23fb1732e15192cc98b7a712b44b3c79f8e892a06aab-53b59938/syft-sbom-ghcr-io-miciav-nanofaas-java-figlet-sha256-21aed329c44c850a989c23fb1732e15192cc98b7a712b44b3c79f8e892a06aab] running  Syft SBOM ghcr.io/miciav/nanofaas/java-figlet@sha256:21aed329c44c850a989c23fb1732e15192cc98b7a712b44b3c79f8e892a06aab
[040.attest-published-images/attest-ghcr-io-miciav-nanofaas-java-figlet-sha256-21aed329c44c850a989c23fb1732e15192cc98b7a712b44b3c79f8e892a06aab-53b59938/syft-sbom-ghcr-io-miciav-nanofaas-java-figlet-sha256-21aed329c44c850a989c23fb1732e15192cc98b7a712b44b3c79f8e892a06aab] passed   11.2s
[040.attest-published-images/attest-ghcr-io-miciav-nanofaas-java-figlet-sha256-21aed329c44c850a989c23fb1732e15192cc98b7a712b44b3c79f8e892a06aab-53b59938/cosign-sign-ghcr-io-miciav-nanofaas-java-figlet-sha256-21aed329c44c850a989c23fb1732e15192cc98b7a712b44b3c79f8e892a06aab] running  cosign sign ghcr.io/miciav/nanofaas/java-figlet@sha256:21aed329c44c850a989c23fb1732e15192cc98b7a712b44b3c79f8e892a06aab
[040.attest-published-images/attest-ghcr-io-miciav-nanofaas-java-figlet-sha256-21aed329c44c850a989c23fb1732e15192cc98b7a712b44b3c79f8e892a06aab-53b59938/cosign-sign-ghcr-io-miciav-nanofaas-java-figlet-sha256-21aed329c44c850a989c23fb1732e15192cc98b7a712b44b3c79f8e892a06aab] passed   5.5s
[040.attest-published-images/attest-ghcr-io-miciav-nanofaas-java-figlet-sha256-21aed329c44c850a989c23fb1732e15192cc98b7a712b44b3c79f8e892a06aab-53b59938/cosign-attest-ghcr-io-miciav-nanofaas-java-figlet-sha256-21aed329c44c850a989c23fb1732e15192cc98b7a712b44b3c79f8e892a06aab] running  cosign attest ghcr.io/miciav/nanofaas/java-figlet@sha256:21aed329c44c850a989c23fb1732e15192cc98b7a712b44b3c79f8e892a06aab
[040.attest-published-images/attest-ghcr-io-miciav-nanofaas-java-figlet-sha256-21aed329c44c850a989c23fb1732e15192cc98b7a712b44b3c79f8e892a06aab-53b59938/cosign-attest-ghcr-io-miciav-nanofaas-java-figlet-sha256-21aed329c44c850a989c23fb1732e15192cc98b7a712b44b3c79f8e892a06aab] passed   5.5s
[040.attest-published-images/attest-ghcr-io-miciav-nanofaas-java-figlet-sha256-21aed329c44c850a989c23fb1732e15192cc98b7a712b44b3c79f8e892a06aab-53b59938/cosign-attach-sbom-ghcr-io-miciav-nanofaas-java-figlet-sha256-21aed329c44c850a989c23fb1732e15192cc98b7a712b44b3c79f8e892a06aab] running  cosign attach sbom ghcr.io/miciav/nanofaas/java-figlet@sha256:21aed329c44c850a989c23fb1732e15192cc98b7a712b44b3c79f8e892a06aab
[040.attest-published-images/attest-ghcr-io-miciav-nanofaas-java-figlet-sha256-21aed329c44c850a989c23fb1732e15192cc98b7a712b44b3c79f8e892a06aab-53b59938/cosign-attach-sbom-ghcr-io-miciav-nanofaas-java-figlet-sha256-21aed329c44c850a989c23fb1732e15192cc98b7a712b44b3c79f8e892a06aab] passed   4.6s
[040.attest-published-images/attest-ghcr-io-miciav-nanofaas-java-figlet-sha256-21aed329c44c850a989c23fb1732e15192cc98b7a712b44b3c79f8e892a06aab-53b59938/cosign-verify-ghcr-io-miciav-nanofaas-java-figlet-sha256-21aed329c44c850a989c23fb1732e15192cc98b7a712b44b3c79f8e892a06aab] running  cosign verify ghcr.io/miciav/nanofaas/java-figlet@sha256:21aed329c44c850a989c23fb1732e15192cc98b7a712b44b3c79f8e892a06aab
[040.attest-published-images/attest-ghcr-io-miciav-nanofaas-java-figlet-sha256-21aed329c44c850a989c23fb1732e15192cc98b7a712b44b3c79f8e892a06aab-53b59938/cosign-verify-ghcr-io-miciav-nanofaas-java-figlet-sha256-21aed329c44c850a989c23fb1732e15192cc98b7a712b44b3c79f8e892a06aab] passed   3.0s
[040.attest-published-images/attest-ghcr-io-miciav-nanofaas-java-figlet-sha256-21aed329c44c850a989c23fb1732e15192cc98b7a712b44b3c79f8e892a06aab-53b59938/cosign-verify-attestation-ghcr-io-miciav-nanofaas-java-figlet-sha256-21aed329c44c850a989c23fb1732e15192cc98b7a712b44b3c79f8e892a06aab] running  cosign verify-attestation ghcr.io/miciav/nanofaas/java-figlet@sha256:21aed329c44c850a989c23fb1732e15192cc98b7a712b44b3c79f8e892a06aab
[040.attest-published-images/attest-ghcr-io-miciav-nanofaas-java-figlet-sha256-21aed329c44c850a989c23fb1732e15192cc98b7a712b44b3c79f8e892a06aab-53b59938/cosign-verify-attestation-ghcr-io-miciav-nanofaas-java-figlet-sha256-21aed329c44c850a989c23fb1732e15192cc98b7a712b44b3c79f8e892a06aab] passed   4.0s
[040.attest-published-images/attest-ghcr-io-miciav-nanofaas-java-figlet-sha256-21aed329c44c850a989c23fb1732e15192cc98b7a712b44b3c79f8e892a06aab-53b59938] passed   33.8s
[040.attest-published-images/attest-ghcr-io-miciav-nanofaas-java-figlet-sha256-6cf01b79f8ce56e18e84b285cf14dcf1d7f750859b6c97b903fb1c2ad634ef04-7a5f7c8b] running  Attest ghcr.io/miciav/nanofaas/java-figlet@sha256:6cf01b79f8ce56e18e84b285cf14dcf1d7f750859b6c97b903fb1c2ad634ef04 7a5f7c8b
[040.attest-published-images/attest-ghcr-io-miciav-nanofaas-java-figlet-sha256-6cf01b79f8ce56e18e84b285cf14dcf1d7f750859b6c97b903fb1c2ad634ef04-7a5f7c8b/syft-sbom-ghcr-io-miciav-nanofaas-java-figlet-sha256-6cf01b79f8ce56e18e84b285cf14dcf1d7f750859b6c97b903fb1c2ad634ef04] running  Syft SBOM ghcr.io/miciav/nanofaas/java-figlet@sha256:6cf01b79f8ce56e18e84b285cf14dcf1d7f750859b6c97b903fb1c2ad634ef04
[040.attest-published-images/attest-ghcr-io-miciav-nanofaas-java-figlet-sha256-6cf01b79f8ce56e18e84b285cf14dcf1d7f750859b6c97b903fb1c2ad634ef04-7a5f7c8b/syft-sbom-ghcr-io-miciav-nanofaas-java-figlet-sha256-6cf01b79f8ce56e18e84b285cf14dcf1d7f750859b6c97b903fb1c2ad634ef04] passed   18.4s
[040.attest-published-images/attest-ghcr-io-miciav-nanofaas-java-figlet-sha256-6cf01b79f8ce56e18e84b285cf14dcf1d7f750859b6c97b903fb1c2ad634ef04-7a5f7c8b/cosign-sign-ghcr-io-miciav-nanofaas-java-figlet-sha256-6cf01b79f8ce56e18e84b285cf14dcf1d7f750859b6c97b903fb1c2ad634ef04] running  cosign sign ghcr.io/miciav/nanofaas/java-figlet@sha256:6cf01b79f8ce56e18e84b285cf14dcf1d7f750859b6c97b903fb1c2ad634ef04
[040.attest-published-images/attest-ghcr-io-miciav-nanofaas-java-figlet-sha256-6cf01b79f8ce56e18e84b285cf14dcf1d7f750859b6c97b903fb1c2ad634ef04-7a5f7c8b/cosign-sign-ghcr-io-miciav-nanofaas-java-figlet-sha256-6cf01b79f8ce56e18e84b285cf14dcf1d7f750859b6c97b903fb1c2ad634ef04] passed   5.6s
[040.attest-published-images/attest-ghcr-io-miciav-nanofaas-java-figlet-sha256-6cf01b79f8ce56e18e84b285cf14dcf1d7f750859b6c97b903fb1c2ad634ef04-7a5f7c8b/cosign-attest-ghcr-io-miciav-nanofaas-java-figlet-sha256-6cf01b79f8ce56e18e84b285cf14dcf1d7f750859b6c97b903fb1c2ad634ef04] running  cosign attest ghcr.io/miciav/nanofaas/java-figlet@sha256:6cf01b79f8ce56e18e84b285cf14dcf1d7f750859b6c97b903fb1c2ad634ef04
[040.attest-published-images/attest-ghcr-io-miciav-nanofaas-java-figlet-sha256-6cf01b79f8ce56e18e84b285cf14dcf1d7f750859b6c97b903fb1c2ad634ef04-7a5f7c8b/cosign-attest-ghcr-io-miciav-nanofaas-java-figlet-sha256-6cf01b79f8ce56e18e84b285cf14dcf1d7f750859b6c97b903fb1c2ad634ef04] passed   5.3s
[040.attest-published-images/attest-ghcr-io-miciav-nanofaas-java-figlet-sha256-6cf01b79f8ce56e18e84b285cf14dcf1d7f750859b6c97b903fb1c2ad634ef04-7a5f7c8b/cosign-attach-sbom-ghcr-io-miciav-nanofaas-java-figlet-sha256-6cf01b79f8ce56e18e84b285cf14dcf1d7f750859b6c97b903fb1c2ad634ef04] running  cosign attach sbom ghcr.io/miciav/nanofaas/java-figlet@sha256:6cf01b79f8ce56e18e84b285cf14dcf1d7f750859b6c97b903fb1c2ad634ef04
[040.attest-published-images/attest-ghcr-io-miciav-nanofaas-java-figlet-sha256-6cf01b79f8ce56e18e84b285cf14dcf1d7f750859b6c97b903fb1c2ad634ef04-7a5f7c8b/cosign-attach-sbom-ghcr-io-miciav-nanofaas-java-figlet-sha256-6cf01b79f8ce56e18e84b285cf14dcf1d7f750859b6c97b903fb1c2ad634ef04] passed   10.0s
[040.attest-published-images/attest-ghcr-io-miciav-nanofaas-java-figlet-sha256-6cf01b79f8ce56e18e84b285cf14dcf1d7f750859b6c97b903fb1c2ad634ef04-7a5f7c8b/cosign-verify-ghcr-io-miciav-nanofaas-java-figlet-sha256-6cf01b79f8ce56e18e84b285cf14dcf1d7f750859b6c97b903fb1c2ad634ef04] running  cosign verify ghcr.io/miciav/nanofaas/java-figlet@sha256:6cf01b79f8ce56e18e84b285cf14dcf1d7f750859b6c97b903fb1c2ad634ef04
[040.attest-published-images/attest-ghcr-io-miciav-nanofaas-java-figlet-sha256-6cf01b79f8ce56e18e84b285cf14dcf1d7f750859b6c97b903fb1c2ad634ef04-7a5f7c8b/cosign-verify-ghcr-io-miciav-nanofaas-java-figlet-sha256-6cf01b79f8ce56e18e84b285cf14dcf1d7f750859b6c97b903fb1c2ad634ef04] passed   3.1s
[040.attest-published-images/attest-ghcr-io-miciav-nanofaas-java-figlet-sha256-6cf01b79f8ce56e18e84b285cf14dcf1d7f750859b6c97b903fb1c2ad634ef04-7a5f7c8b/cosign-verify-attestation-ghcr-io-miciav-nanofaas-java-figlet-sha256-6cf01b79f8ce56e18e84b285cf14dcf1d7f750859b6c97b903fb1c2ad634ef04] running  cosign verify-attestation ghcr.io/miciav/nanofaas/java-figlet@sha256:6cf01b79f8ce56e18e84b285cf14dcf1d7f750859b6c97b903fb1c2ad634ef04
[040.attest-published-images/attest-ghcr-io-miciav-nanofaas-java-figlet-sha256-6cf01b79f8ce56e18e84b285cf14dcf1d7f750859b6c97b903fb1c2ad634ef04-7a5f7c8b/cosign-verify-attestation-ghcr-io-miciav-nanofaas-java-figlet-sha256-6cf01b79f8ce56e18e84b285cf14dcf1d7f750859b6c97b903fb1c2ad634ef04] passed   3.4s
[040.attest-published-images/attest-ghcr-io-miciav-nanofaas-java-figlet-sha256-6cf01b79f8ce56e18e84b285cf14dcf1d7f750859b6c97b903fb1c2ad634ef04-7a5f7c8b] passed   46.0s
[040.attest-published-images/attest-ghcr-io-miciav-nanofaas-java-figlet-sha256-3e857595eb56b1a215ba82686f135bb090ef815831e4861e1d3848591e36ce00-7fdf94a2] running  Attest ghcr.io/miciav/nanofaas/java-figlet@sha256:3e857595eb56b1a215ba82686f135bb090ef815831e4861e1d3848591e36ce00 7fdf94a2
[040.attest-published-images/attest-ghcr-io-miciav-nanofaas-java-figlet-sha256-3e857595eb56b1a215ba82686f135bb090ef815831e4861e1d3848591e36ce00-7fdf94a2/syft-sbom-ghcr-io-miciav-nanofaas-java-figlet-sha256-3e857595eb56b1a215ba82686f135bb090ef815831e4861e1d3848591e36ce00] running  Syft SBOM ghcr.io/miciav/nanofaas/java-figlet@sha256:3e857595eb56b1a215ba82686f135bb090ef815831e4861e1d3848591e36ce00
[040.attest-published-images/attest-ghcr-io-miciav-nanofaas-java-figlet-sha256-3e857595eb56b1a215ba82686f135bb090ef815831e4861e1d3848591e36ce00-7fdf94a2/syft-sbom-ghcr-io-miciav-nanofaas-java-figlet-sha256-3e857595eb56b1a215ba82686f135bb090ef815831e4861e1d3848591e36ce00] passed   11.0s
[040.attest-published-images/attest-ghcr-io-miciav-nanofaas-java-figlet-sha256-3e857595eb56b1a215ba82686f135bb090ef815831e4861e1d3848591e36ce00-7fdf94a2/cosign-sign-ghcr-io-miciav-nanofaas-java-figlet-sha256-3e857595eb56b1a215ba82686f135bb090ef815831e4861e1d3848591e36ce00] running  cosign sign ghcr.io/miciav/nanofaas/java-figlet@sha256:3e857595eb56b1a215ba82686f135bb090ef815831e4861e1d3848591e36ce00
[040.attest-published-images/attest-ghcr-io-miciav-nanofaas-java-figlet-sha256-3e857595eb56b1a215ba82686f135bb090ef815831e4861e1d3848591e36ce00-7fdf94a2/cosign-sign-ghcr-io-miciav-nanofaas-java-figlet-sha256-3e857595eb56b1a215ba82686f135bb090ef815831e4861e1d3848591e36ce00] passed   6.0s
[040.attest-published-images/attest-ghcr-io-miciav-nanofaas-java-figlet-sha256-3e857595eb56b1a215ba82686f135bb090ef815831e4861e1d3848591e36ce00-7fdf94a2/cosign-attest-ghcr-io-miciav-nanofaas-java-figlet-sha256-3e857595eb56b1a215ba82686f135bb090ef815831e4861e1d3848591e36ce00] running  cosign attest ghcr.io/miciav/nanofaas/java-figlet@sha256:3e857595eb56b1a215ba82686f135bb090ef815831e4861e1d3848591e36ce00
[040.attest-published-images/attest-ghcr-io-miciav-nanofaas-java-figlet-sha256-3e857595eb56b1a215ba82686f135bb090ef815831e4861e1d3848591e36ce00-7fdf94a2/cosign-attest-ghcr-io-miciav-nanofaas-java-figlet-sha256-3e857595eb56b1a215ba82686f135bb090ef815831e4861e1d3848591e36ce00] passed   5.4s
[040.attest-published-images/attest-ghcr-io-miciav-nanofaas-java-figlet-sha256-3e857595eb56b1a215ba82686f135bb090ef815831e4861e1d3848591e36ce00-7fdf94a2/cosign-attach-sbom-ghcr-io-miciav-nanofaas-java-figlet-sha256-3e857595eb56b1a215ba82686f135bb090ef815831e4861e1d3848591e36ce00] running  cosign attach sbom ghcr.io/miciav/nanofaas/java-figlet@sha256:3e857595eb56b1a215ba82686f135bb090ef815831e4861e1d3848591e36ce00
[040.attest-published-images/attest-ghcr-io-miciav-nanofaas-java-figlet-sha256-3e857595eb56b1a215ba82686f135bb090ef815831e4861e1d3848591e36ce00-7fdf94a2/cosign-attach-sbom-ghcr-io-miciav-nanofaas-java-figlet-sha256-3e857595eb56b1a215ba82686f135bb090ef815831e4861e1d3848591e36ce00] passed   4.6s
[040.attest-published-images/attest-ghcr-io-miciav-nanofaas-java-figlet-sha256-3e857595eb56b1a215ba82686f135bb090ef815831e4861e1d3848591e36ce00-7fdf94a2/cosign-verify-ghcr-io-miciav-nanofaas-java-figlet-sha256-3e857595eb56b1a215ba82686f135bb090ef815831e4861e1d3848591e36ce00] running  cosign verify ghcr.io/miciav/nanofaas/java-figlet@sha256:3e857595eb56b1a215ba82686f135bb090ef815831e4861e1d3848591e36ce00
[040.attest-published-images/attest-ghcr-io-miciav-nanofaas-java-figlet-sha256-3e857595eb56b1a215ba82686f135bb090ef815831e4861e1d3848591e36ce00-7fdf94a2/cosign-verify-ghcr-io-miciav-nanofaas-java-figlet-sha256-3e857595eb56b1a215ba82686f135bb090ef815831e4861e1d3848591e36ce00] passed   3.1s
[040.attest-published-images/attest-ghcr-io-miciav-nanofaas-java-figlet-sha256-3e857595eb56b1a215ba82686f135bb090ef815831e4861e1d3848591e36ce00-7fdf94a2/cosign-verify-attestation-ghcr-io-miciav-nanofaas-java-figlet-sha256-3e857595eb56b1a215ba82686f135bb090ef815831e4861e1d3848591e36ce00] running  cosign verify-attestation ghcr.io/miciav/nanofaas/java-figlet@sha256:3e857595eb56b1a215ba82686f135bb090ef815831e4861e1d3848591e36ce00
[040.attest-published-images/attest-ghcr-io-miciav-nanofaas-java-figlet-sha256-3e857595eb56b1a215ba82686f135bb090ef815831e4861e1d3848591e36ce00-7fdf94a2/cosign-verify-attestation-ghcr-io-miciav-nanofaas-java-figlet-sha256-3e857595eb56b1a215ba82686f135bb090ef815831e4861e1d3848591e36ce00] passed   3.4s
[040.attest-published-images/attest-ghcr-io-miciav-nanofaas-java-figlet-sha256-3e857595eb56b1a215ba82686f135bb090ef815831e4861e1d3848591e36ce00-7fdf94a2] passed   33.6s
[040.attest-published-images/attest-ghcr-io-miciav-nanofaas-java-figlet-sha256-79c2ea757e55ca2e1d8e3444e6a0d19615b89fd7338bd83dda338d755bd4e65f-0f3b27f1] running  Attest ghcr.io/miciav/nanofaas/java-figlet@sha256:79c2ea757e55ca2e1d8e3444e6a0d19615b89fd7338bd83dda338d755bd4e65f 0f3b27f1
[040.attest-published-images/attest-ghcr-io-miciav-nanofaas-java-figlet-sha256-79c2ea757e55ca2e1d8e3444e6a0d19615b89fd7338bd83dda338d755bd4e65f-0f3b27f1/syft-sbom-ghcr-io-miciav-nanofaas-java-figlet-sha256-79c2ea757e55ca2e1d8e3444e6a0d19615b89fd7338bd83dda338d755bd4e65f] running  Syft SBOM ghcr.io/miciav/nanofaas/java-figlet@sha256:79c2ea757e55ca2e1d8e3444e6a0d19615b89fd7338bd83dda338d755bd4e65f
[040.attest-published-images/attest-ghcr-io-miciav-nanofaas-java-figlet-sha256-79c2ea757e55ca2e1d8e3444e6a0d19615b89fd7338bd83dda338d755bd4e65f-0f3b27f1/syft-sbom-ghcr-io-miciav-nanofaas-java-figlet-sha256-79c2ea757e55ca2e1d8e3444e6a0d19615b89fd7338bd83dda338d755bd4e65f] passed   21.3s
[040.attest-published-images/attest-ghcr-io-miciav-nanofaas-java-figlet-sha256-79c2ea757e55ca2e1d8e3444e6a0d19615b89fd7338bd83dda338d755bd4e65f-0f3b27f1/cosign-sign-ghcr-io-miciav-nanofaas-java-figlet-sha256-79c2ea757e55ca2e1d8e3444e6a0d19615b89fd7338bd83dda338d755bd4e65f] running  cosign sign ghcr.io/miciav/nanofaas/java-figlet@sha256:79c2ea757e55ca2e1d8e3444e6a0d19615b89fd7338bd83dda338d755bd4e65f
[040.attest-published-images/attest-ghcr-io-miciav-nanofaas-java-figlet-sha256-79c2ea757e55ca2e1d8e3444e6a0d19615b89fd7338bd83dda338d755bd4e65f-0f3b27f1/cosign-sign-ghcr-io-miciav-nanofaas-java-figlet-sha256-79c2ea757e55ca2e1d8e3444e6a0d19615b89fd7338bd83dda338d755bd4e65f] passed   10.6s
[040.attest-published-images/attest-ghcr-io-miciav-nanofaas-java-figlet-sha256-79c2ea757e55ca2e1d8e3444e6a0d19615b89fd7338bd83dda338d755bd4e65f-0f3b27f1/cosign-attest-ghcr-io-miciav-nanofaas-java-figlet-sha256-79c2ea757e55ca2e1d8e3444e6a0d19615b89fd7338bd83dda338d755bd4e65f] running  cosign attest ghcr.io/miciav/nanofaas/java-figlet@sha256:79c2ea757e55ca2e1d8e3444e6a0d19615b89fd7338bd83dda338d755bd4e65f
[040.attest-published-images/attest-ghcr-io-miciav-nanofaas-java-figlet-sha256-79c2ea757e55ca2e1d8e3444e6a0d19615b89fd7338bd83dda338d755bd4e65f-0f3b27f1/cosign-attest-ghcr-io-miciav-nanofaas-java-figlet-sha256-79c2ea757e55ca2e1d8e3444e6a0d19615b89fd7338bd83dda338d755bd4e65f] passed   5.4s
[040.attest-published-images/attest-ghcr-io-miciav-nanofaas-java-figlet-sha256-79c2ea757e55ca2e1d8e3444e6a0d19615b89fd7338bd83dda338d755bd4e65f-0f3b27f1/cosign-attach-sbom-ghcr-io-miciav-nanofaas-java-figlet-sha256-79c2ea757e55ca2e1d8e3444e6a0d19615b89fd7338bd83dda338d755bd4e65f] running  cosign attach sbom ghcr.io/miciav/nanofaas/java-figlet@sha256:79c2ea757e55ca2e1d8e3444e6a0d19615b89fd7338bd83dda338d755bd4e65f
[040.attest-published-images/attest-ghcr-io-miciav-nanofaas-java-figlet-sha256-79c2ea757e55ca2e1d8e3444e6a0d19615b89fd7338bd83dda338d755bd4e65f-0f3b27f1/cosign-attach-sbom-ghcr-io-miciav-nanofaas-java-figlet-sha256-79c2ea757e55ca2e1d8e3444e6a0d19615b89fd7338bd83dda338d755bd4e65f] passed   4.7s
[040.attest-published-images/attest-ghcr-io-miciav-nanofaas-java-figlet-sha256-79c2ea757e55ca2e1d8e3444e6a0d19615b89fd7338bd83dda338d755bd4e65f-0f3b27f1/cosign-verify-ghcr-io-miciav-nanofaas-java-figlet-sha256-79c2ea757e55ca2e1d8e3444e6a0d19615b89fd7338bd83dda338d755bd4e65f] running  cosign verify ghcr.io/miciav/nanofaas/java-figlet@sha256:79c2ea757e55ca2e1d8e3444e6a0d19615b89fd7338bd83dda338d755bd4e65f
[040.attest-published-images/attest-ghcr-io-miciav-nanofaas-java-figlet-sha256-79c2ea757e55ca2e1d8e3444e6a0d19615b89fd7338bd83dda338d755bd4e65f-0f3b27f1/cosign-verify-ghcr-io-miciav-nanofaas-java-figlet-sha256-79c2ea757e55ca2e1d8e3444e6a0d19615b89fd7338bd83dda338d755bd4e65f] passed   3.5s
[040.attest-published-images/attest-ghcr-io-miciav-nanofaas-java-figlet-sha256-79c2ea757e55ca2e1d8e3444e6a0d19615b89fd7338bd83dda338d755bd4e65f-0f3b27f1/cosign-verify-attestation-ghcr-io-miciav-nanofaas-java-figlet-sha256-79c2ea757e55ca2e1d8e3444e6a0d19615b89fd7338bd83dda338d755bd4e65f] running  cosign verify-attestation ghcr.io/miciav/nanofaas/java-figlet@sha256:79c2ea757e55ca2e1d8e3444e6a0d19615b89fd7338bd83dda338d755bd4e65f
[040.attest-published-images/attest-ghcr-io-miciav-nanofaas-java-figlet-sha256-79c2ea757e55ca2e1d8e3444e6a0d19615b89fd7338bd83dda338d755bd4e65f-0f3b27f1/cosign-verify-attestation-ghcr-io-miciav-nanofaas-java-figlet-sha256-79c2ea757e55ca2e1d8e3444e6a0d19615b89fd7338bd83dda338d755bd4e65f] passed   3.4s
[040.attest-published-images/attest-ghcr-io-miciav-nanofaas-java-figlet-sha256-79c2ea757e55ca2e1d8e3444e6a0d19615b89fd7338bd83dda338d755bd4e65f-0f3b27f1] passed   48.9s
[040.attest-published-images/attest-ghcr-io-miciav-nanofaas-java-figlet-sha256-18d7fbc2ed7d4c0d9a2b577879a138d668ca786eb425c6a78f1a22a64bd033dc-ceb523d2] running  Attest ghcr.io/miciav/nanofaas/java-figlet@sha256:18d7fbc2ed7d4c0d9a2b577879a138d668ca786eb425c6a78f1a22a64bd033dc ceb523d2
[040.attest-published-images/attest-ghcr-io-miciav-nanofaas-java-figlet-sha256-18d7fbc2ed7d4c0d9a2b577879a138d668ca786eb425c6a78f1a22a64bd033dc-ceb523d2/syft-sbom-ghcr-io-miciav-nanofaas-java-figlet-sha256-18d7fbc2ed7d4c0d9a2b577879a138d668ca786eb425c6a78f1a22a64bd033dc] running  Syft SBOM ghcr.io/miciav/nanofaas/java-figlet@sha256:18d7fbc2ed7d4c0d9a2b577879a138d668ca786eb425c6a78f1a22a64bd033dc
[040.attest-published-images/attest-ghcr-io-miciav-nanofaas-java-figlet-sha256-18d7fbc2ed7d4c0d9a2b577879a138d668ca786eb425c6a78f1a22a64bd033dc-ceb523d2/syft-sbom-ghcr-io-miciav-nanofaas-java-figlet-sha256-18d7fbc2ed7d4c0d9a2b577879a138d668ca786eb425c6a78f1a22a64bd033dc] passed   10.2s
[040.attest-published-images/attest-ghcr-io-miciav-nanofaas-java-figlet-sha256-18d7fbc2ed7d4c0d9a2b577879a138d668ca786eb425c6a78f1a22a64bd033dc-ceb523d2/cosign-sign-ghcr-io-miciav-nanofaas-java-figlet-sha256-18d7fbc2ed7d4c0d9a2b577879a138d668ca786eb425c6a78f1a22a64bd033dc] running  cosign sign ghcr.io/miciav/nanofaas/java-figlet@sha256:18d7fbc2ed7d4c0d9a2b577879a138d668ca786eb425c6a78f1a22a64bd033dc
[040.attest-published-images/attest-ghcr-io-miciav-nanofaas-java-figlet-sha256-18d7fbc2ed7d4c0d9a2b577879a138d668ca786eb425c6a78f1a22a64bd033dc-ceb523d2/cosign-sign-ghcr-io-miciav-nanofaas-java-figlet-sha256-18d7fbc2ed7d4c0d9a2b577879a138d668ca786eb425c6a78f1a22a64bd033dc] passed   5.5s
[040.attest-published-images/attest-ghcr-io-miciav-nanofaas-java-figlet-sha256-18d7fbc2ed7d4c0d9a2b577879a138d668ca786eb425c6a78f1a22a64bd033dc-ceb523d2/cosign-attest-ghcr-io-miciav-nanofaas-java-figlet-sha256-18d7fbc2ed7d4c0d9a2b577879a138d668ca786eb425c6a78f1a22a64bd033dc] running  cosign attest ghcr.io/miciav/nanofaas/java-figlet@sha256:18d7fbc2ed7d4c0d9a2b577879a138d668ca786eb425c6a78f1a22a64bd033dc
[040.attest-published-images/attest-ghcr-io-miciav-nanofaas-java-figlet-sha256-18d7fbc2ed7d4c0d9a2b577879a138d668ca786eb425c6a78f1a22a64bd033dc-ceb523d2/cosign-attest-ghcr-io-miciav-nanofaas-java-figlet-sha256-18d7fbc2ed7d4c0d9a2b577879a138d668ca786eb425c6a78f1a22a64bd033dc] passed   5.4s
[040.attest-published-images/attest-ghcr-io-miciav-nanofaas-java-figlet-sha256-18d7fbc2ed7d4c0d9a2b577879a138d668ca786eb425c6a78f1a22a64bd033dc-ceb523d2/cosign-attach-sbom-ghcr-io-miciav-nanofaas-java-figlet-sha256-18d7fbc2ed7d4c0d9a2b577879a138d668ca786eb425c6a78f1a22a64bd033dc] running  cosign attach sbom ghcr.io/miciav/nanofaas/java-figlet@sha256:18d7fbc2ed7d4c0d9a2b577879a138d668ca786eb425c6a78f1a22a64bd033dc
[040.attest-published-images/attest-ghcr-io-miciav-nanofaas-java-figlet-sha256-18d7fbc2ed7d4c0d9a2b577879a138d668ca786eb425c6a78f1a22a64bd033dc-ceb523d2/cosign-attach-sbom-ghcr-io-miciav-nanofaas-java-figlet-sha256-18d7fbc2ed7d4c0d9a2b577879a138d668ca786eb425c6a78f1a22a64bd033dc] passed   4.7s
[040.attest-published-images/attest-ghcr-io-miciav-nanofaas-java-figlet-sha256-18d7fbc2ed7d4c0d9a2b577879a138d668ca786eb425c6a78f1a22a64bd033dc-ceb523d2/cosign-verify-ghcr-io-miciav-nanofaas-java-figlet-sha256-18d7fbc2ed7d4c0d9a2b577879a138d668ca786eb425c6a78f1a22a64bd033dc] running  cosign verify ghcr.io/miciav/nanofaas/java-figlet@sha256:18d7fbc2ed7d4c0d9a2b577879a138d668ca786eb425c6a78f1a22a64bd033dc
[040.attest-published-images/attest-ghcr-io-miciav-nanofaas-java-figlet-sha256-18d7fbc2ed7d4c0d9a2b577879a138d668ca786eb425c6a78f1a22a64bd033dc-ceb523d2/cosign-verify-ghcr-io-miciav-nanofaas-java-figlet-sha256-18d7fbc2ed7d4c0d9a2b577879a138d668ca786eb425c6a78f1a22a64bd033dc] passed   3.5s
[040.attest-published-images/attest-ghcr-io-miciav-nanofaas-java-figlet-sha256-18d7fbc2ed7d4c0d9a2b577879a138d668ca786eb425c6a78f1a22a64bd033dc-ceb523d2/cosign-verify-attestation-ghcr-io-miciav-nanofaas-java-figlet-sha256-18d7fbc2ed7d4c0d9a2b577879a138d668ca786eb425c6a78f1a22a64bd033dc] running  cosign verify-attestation ghcr.io/miciav/nanofaas/java-figlet@sha256:18d7fbc2ed7d4c0d9a2b577879a138d668ca786eb425c6a78f1a22a64bd033dc
[040.attest-published-images/attest-ghcr-io-miciav-nanofaas-java-figlet-sha256-18d7fbc2ed7d4c0d9a2b577879a138d668ca786eb425c6a78f1a22a64bd033dc-ceb523d2/cosign-verify-attestation-ghcr-io-miciav-nanofaas-java-figlet-sha256-18d7fbc2ed7d4c0d9a2b577879a138d668ca786eb425c6a78f1a22a64bd033dc] passed   3.4s
[040.attest-published-images/attest-ghcr-io-miciav-nanofaas-java-figlet-sha256-18d7fbc2ed7d4c0d9a2b577879a138d668ca786eb425c6a78f1a22a64bd033dc-ceb523d2] passed   32.7s
[040.attest-published-images/attest-ghcr-io-miciav-nanofaas-java-figlet-sha256-fce9a08d717d16b4a765b083b2f8f9d462c5d6d2edf29241b095764a13859265-54fffdb7] running  Attest ghcr.io/miciav/nanofaas/java-figlet@sha256:fce9a08d717d16b4a765b083b2f8f9d462c5d6d2edf29241b095764a13859265 54fffdb7
[040.attest-published-images/attest-ghcr-io-miciav-nanofaas-java-figlet-sha256-fce9a08d717d16b4a765b083b2f8f9d462c5d6d2edf29241b095764a13859265-54fffdb7/syft-sbom-ghcr-io-miciav-nanofaas-java-figlet-sha256-fce9a08d717d16b4a765b083b2f8f9d462c5d6d2edf29241b095764a13859265] running  Syft SBOM ghcr.io/miciav/nanofaas/java-figlet@sha256:fce9a08d717d16b4a765b083b2f8f9d462c5d6d2edf29241b095764a13859265
[040.attest-published-images/attest-ghcr-io-miciav-nanofaas-java-figlet-sha256-fce9a08d717d16b4a765b083b2f8f9d462c5d6d2edf29241b095764a13859265-54fffdb7/syft-sbom-ghcr-io-miciav-nanofaas-java-figlet-sha256-fce9a08d717d16b4a765b083b2f8f9d462c5d6d2edf29241b095764a13859265] passed   19.0s
[040.attest-published-images/attest-ghcr-io-miciav-nanofaas-java-figlet-sha256-fce9a08d717d16b4a765b083b2f8f9d462c5d6d2edf29241b095764a13859265-54fffdb7/cosign-sign-ghcr-io-miciav-nanofaas-java-figlet-sha256-fce9a08d717d16b4a765b083b2f8f9d462c5d6d2edf29241b095764a13859265] running  cosign sign ghcr.io/miciav/nanofaas/java-figlet@sha256:fce9a08d717d16b4a765b083b2f8f9d462c5d6d2edf29241b095764a13859265
[040.attest-published-images/attest-ghcr-io-miciav-nanofaas-java-figlet-sha256-fce9a08d717d16b4a765b083b2f8f9d462c5d6d2edf29241b095764a13859265-54fffdb7/cosign-sign-ghcr-io-miciav-nanofaas-java-figlet-sha256-fce9a08d717d16b4a765b083b2f8f9d462c5d6d2edf29241b095764a13859265] passed   5.4s
[040.attest-published-images/attest-ghcr-io-miciav-nanofaas-java-figlet-sha256-fce9a08d717d16b4a765b083b2f8f9d462c5d6d2edf29241b095764a13859265-54fffdb7/cosign-attest-ghcr-io-miciav-nanofaas-java-figlet-sha256-fce9a08d717d16b4a765b083b2f8f9d462c5d6d2edf29241b095764a13859265] running  cosign attest ghcr.io/miciav/nanofaas/java-figlet@sha256:fce9a08d717d16b4a765b083b2f8f9d462c5d6d2edf29241b095764a13859265
[040.attest-published-images/attest-ghcr-io-miciav-nanofaas-java-figlet-sha256-fce9a08d717d16b4a765b083b2f8f9d462c5d6d2edf29241b095764a13859265-54fffdb7/cosign-attest-ghcr-io-miciav-nanofaas-java-figlet-sha256-fce9a08d717d16b4a765b083b2f8f9d462c5d6d2edf29241b095764a13859265] passed   5.3s
[040.attest-published-images/attest-ghcr-io-miciav-nanofaas-java-figlet-sha256-fce9a08d717d16b4a765b083b2f8f9d462c5d6d2edf29241b095764a13859265-54fffdb7/cosign-attach-sbom-ghcr-io-miciav-nanofaas-java-figlet-sha256-fce9a08d717d16b4a765b083b2f8f9d462c5d6d2edf29241b095764a13859265] running  cosign attach sbom ghcr.io/miciav/nanofaas/java-figlet@sha256:fce9a08d717d16b4a765b083b2f8f9d462c5d6d2edf29241b095764a13859265
[040.attest-published-images/attest-ghcr-io-miciav-nanofaas-java-figlet-sha256-fce9a08d717d16b4a765b083b2f8f9d462c5d6d2edf29241b095764a13859265-54fffdb7/cosign-attach-sbom-ghcr-io-miciav-nanofaas-java-figlet-sha256-fce9a08d717d16b4a765b083b2f8f9d462c5d6d2edf29241b095764a13859265] passed   4.7s
[040.attest-published-images/attest-ghcr-io-miciav-nanofaas-java-figlet-sha256-fce9a08d717d16b4a765b083b2f8f9d462c5d6d2edf29241b095764a13859265-54fffdb7/cosign-verify-ghcr-io-miciav-nanofaas-java-figlet-sha256-fce9a08d717d16b4a765b083b2f8f9d462c5d6d2edf29241b095764a13859265] running  cosign verify ghcr.io/miciav/nanofaas/java-figlet@sha256:fce9a08d717d16b4a765b083b2f8f9d462c5d6d2edf29241b095764a13859265
[040.attest-published-images/attest-ghcr-io-miciav-nanofaas-java-figlet-sha256-fce9a08d717d16b4a765b083b2f8f9d462c5d6d2edf29241b095764a13859265-54fffdb7/cosign-verify-ghcr-io-miciav-nanofaas-java-figlet-sha256-fce9a08d717d16b4a765b083b2f8f9d462c5d6d2edf29241b095764a13859265] passed   3.2s
[040.attest-published-images/attest-ghcr-io-miciav-nanofaas-java-figlet-sha256-fce9a08d717d16b4a765b083b2f8f9d462c5d6d2edf29241b095764a13859265-54fffdb7/cosign-verify-attestation-ghcr-io-miciav-nanofaas-java-figlet-sha256-fce9a08d717d16b4a765b083b2f8f9d462c5d6d2edf29241b095764a13859265] running  cosign verify-attestation ghcr.io/miciav/nanofaas/java-figlet@sha256:fce9a08d717d16b4a765b083b2f8f9d462c5d6d2edf29241b095764a13859265
[040.attest-published-images/attest-ghcr-io-miciav-nanofaas-java-figlet-sha256-fce9a08d717d16b4a765b083b2f8f9d462c5d6d2edf29241b095764a13859265-54fffdb7/cosign-verify-attestation-ghcr-io-miciav-nanofaas-java-figlet-sha256-fce9a08d717d16b4a765b083b2f8f9d462c5d6d2edf29241b095764a13859265] passed   3.6s
[040.attest-published-images/attest-ghcr-io-miciav-nanofaas-java-figlet-sha256-fce9a08d717d16b4a765b083b2f8f9d462c5d6d2edf29241b095764a13859265-54fffdb7] passed   41.2s
[040.attest-published-images/attest-ghcr-io-miciav-nanofaas-java-json-transform-sha256-ed874d318c4fa36d839fb4744bc0d84a45ad7abd807664939dc022dd06180b27-dec99ea4] running  Attest ghcr.io/miciav/nanofaas/java-json-transform@sha256:ed874d318c4fa36d839fb4744bc0d84a45ad7abd807664939dc022dd06180b27 dec99ea4
[040.attest-published-images/attest-ghcr-io-miciav-nanofaas-java-json-transform-sha256-ed874d318c4fa36d839fb4744bc0d84a45ad7abd807664939dc022dd06180b27-dec99ea4/syft-sbom-ghcr-io-miciav-nanofaas-java-json-transform-sha256-ed874d318c4fa36d839fb4744bc0d84a45ad7abd807664939dc022dd06180b27] running  Syft SBOM ghcr.io/miciav/nanofaas/java-json-transform@sha256:ed874d318c4fa36d839fb4744bc0d84a45ad7abd807664939dc022dd06180b27
[040.attest-published-images/attest-ghcr-io-miciav-nanofaas-java-json-transform-sha256-ed874d318c4fa36d839fb4744bc0d84a45ad7abd807664939dc022dd06180b27-dec99ea4/syft-sbom-ghcr-io-miciav-nanofaas-java-json-transform-sha256-ed874d318c4fa36d839fb4744bc0d84a45ad7abd807664939dc022dd06180b27] passed   7.8s
[040.attest-published-images/attest-ghcr-io-miciav-nanofaas-java-json-transform-sha256-ed874d318c4fa36d839fb4744bc0d84a45ad7abd807664939dc022dd06180b27-dec99ea4/cosign-sign-ghcr-io-miciav-nanofaas-java-json-transform-sha256-ed874d318c4fa36d839fb4744bc0d84a45ad7abd807664939dc022dd06180b27] running  cosign sign ghcr.io/miciav/nanofaas/java-json-transform@sha256:ed874d318c4fa36d839fb4744bc0d84a45ad7abd807664939dc022dd06180b27
[040.attest-published-images/attest-ghcr-io-miciav-nanofaas-java-json-transform-sha256-ed874d318c4fa36d839fb4744bc0d84a45ad7abd807664939dc022dd06180b27-dec99ea4/cosign-sign-ghcr-io-miciav-nanofaas-java-json-transform-sha256-ed874d318c4fa36d839fb4744bc0d84a45ad7abd807664939dc022dd06180b27] passed   5.6s
[040.attest-published-images/attest-ghcr-io-miciav-nanofaas-java-json-transform-sha256-ed874d318c4fa36d839fb4744bc0d84a45ad7abd807664939dc022dd06180b27-dec99ea4/cosign-attest-ghcr-io-miciav-nanofaas-java-json-transform-sha256-ed874d318c4fa36d839fb4744bc0d84a45ad7abd807664939dc022dd06180b27] running  cosign attest ghcr.io/miciav/nanofaas/java-json-transform@sha256:ed874d318c4fa36d839fb4744bc0d84a45ad7abd807664939dc022dd06180b27
[040.attest-published-images/attest-ghcr-io-miciav-nanofaas-java-json-transform-sha256-ed874d318c4fa36d839fb4744bc0d84a45ad7abd807664939dc022dd06180b27-dec99ea4/cosign-attest-ghcr-io-miciav-nanofaas-java-json-transform-sha256-ed874d318c4fa36d839fb4744bc0d84a45ad7abd807664939dc022dd06180b27] passed   5.1s
[040.attest-published-images/attest-ghcr-io-miciav-nanofaas-java-json-transform-sha256-ed874d318c4fa36d839fb4744bc0d84a45ad7abd807664939dc022dd06180b27-dec99ea4/cosign-attach-sbom-ghcr-io-miciav-nanofaas-java-json-transform-sha256-ed874d318c4fa36d839fb4744bc0d84a45ad7abd807664939dc022dd06180b27] running  cosign attach sbom ghcr.io/miciav/nanofaas/java-json-transform@sha256:ed874d318c4fa36d839fb4744bc0d84a45ad7abd807664939dc022dd06180b27
[040.attest-published-images/attest-ghcr-io-miciav-nanofaas-java-json-transform-sha256-ed874d318c4fa36d839fb4744bc0d84a45ad7abd807664939dc022dd06180b27-dec99ea4/cosign-attach-sbom-ghcr-io-miciav-nanofaas-java-json-transform-sha256-ed874d318c4fa36d839fb4744bc0d84a45ad7abd807664939dc022dd06180b27] passed   4.8s
[040.attest-published-images/attest-ghcr-io-miciav-nanofaas-java-json-transform-sha256-ed874d318c4fa36d839fb4744bc0d84a45ad7abd807664939dc022dd06180b27-dec99ea4/cosign-verify-ghcr-io-miciav-nanofaas-java-json-transform-sha256-ed874d318c4fa36d839fb4744bc0d84a45ad7abd807664939dc022dd06180b27] running  cosign verify ghcr.io/miciav/nanofaas/java-json-transform@sha256:ed874d318c4fa36d839fb4744bc0d84a45ad7abd807664939dc022dd06180b27
[040.attest-published-images/attest-ghcr-io-miciav-nanofaas-java-json-transform-sha256-ed874d318c4fa36d839fb4744bc0d84a45ad7abd807664939dc022dd06180b27-dec99ea4/cosign-verify-ghcr-io-miciav-nanofaas-java-json-transform-sha256-ed874d318c4fa36d839fb4744bc0d84a45ad7abd807664939dc022dd06180b27] passed   3.4s
[040.attest-published-images/attest-ghcr-io-miciav-nanofaas-java-json-transform-sha256-ed874d318c4fa36d839fb4744bc0d84a45ad7abd807664939dc022dd06180b27-dec99ea4/cosign-verify-attestation-ghcr-io-miciav-nanofaas-java-json-transform-sha256-ed874d318c4fa36d839fb4744bc0d84a45ad7abd807664939dc022dd06180b27] running  cosign verify-attestation ghcr.io/miciav/nanofaas/java-json-transform@sha256:ed874d318c4fa36d839fb4744bc0d84a45ad7abd807664939dc022dd06180b27
[040.attest-published-images/attest-ghcr-io-miciav-nanofaas-java-json-transform-sha256-ed874d318c4fa36d839fb4744bc0d84a45ad7abd807664939dc022dd06180b27-dec99ea4/cosign-verify-attestation-ghcr-io-miciav-nanofaas-java-json-transform-sha256-ed874d318c4fa36d839fb4744bc0d84a45ad7abd807664939dc022dd06180b27] passed   3.7s
[040.attest-published-images/attest-ghcr-io-miciav-nanofaas-java-json-transform-sha256-ed874d318c4fa36d839fb4744bc0d84a45ad7abd807664939dc022dd06180b27-dec99ea4] passed   30.4s
[040.attest-published-images/attest-ghcr-io-miciav-nanofaas-java-json-transform-sha256-db7441ed742489230caf07d1daf839a1427c440b78579fdc7fed28015fdf416a-4bd6e929] running  Attest ghcr.io/miciav/nanofaas/java-json-transform@sha256:db7441ed742489230caf07d1daf839a1427c440b78579fdc7fed28015fdf416a 4bd6e929
[040.attest-published-images/attest-ghcr-io-miciav-nanofaas-java-json-transform-sha256-db7441ed742489230caf07d1daf839a1427c440b78579fdc7fed28015fdf416a-4bd6e929/syft-sbom-ghcr-io-miciav-nanofaas-java-json-transform-sha256-db7441ed742489230caf07d1daf839a1427c440b78579fdc7fed28015fdf416a] running  Syft SBOM ghcr.io/miciav/nanofaas/java-json-transform@sha256:db7441ed742489230caf07d1daf839a1427c440b78579fdc7fed28015fdf416a
[040.attest-published-images/attest-ghcr-io-miciav-nanofaas-java-json-transform-sha256-db7441ed742489230caf07d1daf839a1427c440b78579fdc7fed28015fdf416a-4bd6e929/syft-sbom-ghcr-io-miciav-nanofaas-java-json-transform-sha256-db7441ed742489230caf07d1daf839a1427c440b78579fdc7fed28015fdf416a] passed   12.0s
[040.attest-published-images/attest-ghcr-io-miciav-nanofaas-java-json-transform-sha256-db7441ed742489230caf07d1daf839a1427c440b78579fdc7fed28015fdf416a-4bd6e929/cosign-sign-ghcr-io-miciav-nanofaas-java-json-transform-sha256-db7441ed742489230caf07d1daf839a1427c440b78579fdc7fed28015fdf416a] running  cosign sign ghcr.io/miciav/nanofaas/java-json-transform@sha256:db7441ed742489230caf07d1daf839a1427c440b78579fdc7fed28015fdf416a
[040.attest-published-images/attest-ghcr-io-miciav-nanofaas-java-json-transform-sha256-db7441ed742489230caf07d1daf839a1427c440b78579fdc7fed28015fdf416a-4bd6e929/cosign-sign-ghcr-io-miciav-nanofaas-java-json-transform-sha256-db7441ed742489230caf07d1daf839a1427c440b78579fdc7fed28015fdf416a] passed   5.3s
[040.attest-published-images/attest-ghcr-io-miciav-nanofaas-java-json-transform-sha256-db7441ed742489230caf07d1daf839a1427c440b78579fdc7fed28015fdf416a-4bd6e929/cosign-attest-ghcr-io-miciav-nanofaas-java-json-transform-sha256-db7441ed742489230caf07d1daf839a1427c440b78579fdc7fed28015fdf416a] running  cosign attest ghcr.io/miciav/nanofaas/java-json-transform@sha256:db7441ed742489230caf07d1daf839a1427c440b78579fdc7fed28015fdf416a
[040.attest-published-images/attest-ghcr-io-miciav-nanofaas-java-json-transform-sha256-db7441ed742489230caf07d1daf839a1427c440b78579fdc7fed28015fdf416a-4bd6e929/cosign-attest-ghcr-io-miciav-nanofaas-java-json-transform-sha256-db7441ed742489230caf07d1daf839a1427c440b78579fdc7fed28015fdf416a] passed   5.4s
[040.attest-published-images/attest-ghcr-io-miciav-nanofaas-java-json-transform-sha256-db7441ed742489230caf07d1daf839a1427c440b78579fdc7fed28015fdf416a-4bd6e929/cosign-attach-sbom-ghcr-io-miciav-nanofaas-java-json-transform-sha256-db7441ed742489230caf07d1daf839a1427c440b78579fdc7fed28015fdf416a] running  cosign attach sbom ghcr.io/miciav/nanofaas/java-json-transform@sha256:db7441ed742489230caf07d1daf839a1427c440b78579fdc7fed28015fdf416a
[040.attest-published-images/attest-ghcr-io-miciav-nanofaas-java-json-transform-sha256-db7441ed742489230caf07d1daf839a1427c440b78579fdc7fed28015fdf416a-4bd6e929/cosign-attach-sbom-ghcr-io-miciav-nanofaas-java-json-transform-sha256-db7441ed742489230caf07d1daf839a1427c440b78579fdc7fed28015fdf416a] passed   4.3s
[040.attest-published-images/attest-ghcr-io-miciav-nanofaas-java-json-transform-sha256-db7441ed742489230caf07d1daf839a1427c440b78579fdc7fed28015fdf416a-4bd6e929/cosign-verify-ghcr-io-miciav-nanofaas-java-json-transform-sha256-db7441ed742489230caf07d1daf839a1427c440b78579fdc7fed28015fdf416a] running  cosign verify ghcr.io/miciav/nanofaas/java-json-transform@sha256:db7441ed742489230caf07d1daf839a1427c440b78579fdc7fed28015fdf416a
[040.attest-published-images/attest-ghcr-io-miciav-nanofaas-java-json-transform-sha256-db7441ed742489230caf07d1daf839a1427c440b78579fdc7fed28015fdf416a-4bd6e929/cosign-verify-ghcr-io-miciav-nanofaas-java-json-transform-sha256-db7441ed742489230caf07d1daf839a1427c440b78579fdc7fed28015fdf416a] passed   3.0s
[040.attest-published-images/attest-ghcr-io-miciav-nanofaas-java-json-transform-sha256-db7441ed742489230caf07d1daf839a1427c440b78579fdc7fed28015fdf416a-4bd6e929/cosign-verify-attestation-ghcr-io-miciav-nanofaas-java-json-transform-sha256-db7441ed742489230caf07d1daf839a1427c440b78579fdc7fed28015fdf416a] running  cosign verify-attestation ghcr.io/miciav/nanofaas/java-json-transform@sha256:db7441ed742489230caf07d1daf839a1427c440b78579fdc7fed28015fdf416a
[040.attest-published-images/attest-ghcr-io-miciav-nanofaas-java-json-transform-sha256-db7441ed742489230caf07d1daf839a1427c440b78579fdc7fed28015fdf416a-4bd6e929/cosign-verify-attestation-ghcr-io-miciav-nanofaas-java-json-transform-sha256-db7441ed742489230caf07d1daf839a1427c440b78579fdc7fed28015fdf416a] passed   3.2s
[040.attest-published-images/attest-ghcr-io-miciav-nanofaas-java-json-transform-sha256-db7441ed742489230caf07d1daf839a1427c440b78579fdc7fed28015fdf416a-4bd6e929] passed   33.1s
[040.attest-published-images/attest-ghcr-io-miciav-nanofaas-java-json-transform-sha256-c5e96015d0e52b4412a5d0c8cd8fb1ad168767a773a946cba170659d607ec178-506a71e7] running  Attest ghcr.io/miciav/nanofaas/java-json-transform@sha256:c5e96015d0e52b4412a5d0c8cd8fb1ad168767a773a946cba170659d607ec178 506a71e7
[040.attest-published-images/attest-ghcr-io-miciav-nanofaas-java-json-transform-sha256-c5e96015d0e52b4412a5d0c8cd8fb1ad168767a773a946cba170659d607ec178-506a71e7/syft-sbom-ghcr-io-miciav-nanofaas-java-json-transform-sha256-c5e96015d0e52b4412a5d0c8cd8fb1ad168767a773a946cba170659d607ec178] running  Syft SBOM ghcr.io/miciav/nanofaas/java-json-transform@sha256:c5e96015d0e52b4412a5d0c8cd8fb1ad168767a773a946cba170659d607ec178
[040.attest-published-images/attest-ghcr-io-miciav-nanofaas-java-json-transform-sha256-c5e96015d0e52b4412a5d0c8cd8fb1ad168767a773a946cba170659d607ec178-506a71e7/syft-sbom-ghcr-io-miciav-nanofaas-java-json-transform-sha256-c5e96015d0e52b4412a5d0c8cd8fb1ad168767a773a946cba170659d607ec178] passed   7.0s
[040.attest-published-images/attest-ghcr-io-miciav-nanofaas-java-json-transform-sha256-c5e96015d0e52b4412a5d0c8cd8fb1ad168767a773a946cba170659d607ec178-506a71e7/cosign-sign-ghcr-io-miciav-nanofaas-java-json-transform-sha256-c5e96015d0e52b4412a5d0c8cd8fb1ad168767a773a946cba170659d607ec178] running  cosign sign ghcr.io/miciav/nanofaas/java-json-transform@sha256:c5e96015d0e52b4412a5d0c8cd8fb1ad168767a773a946cba170659d607ec178
[040.attest-published-images/attest-ghcr-io-miciav-nanofaas-java-json-transform-sha256-c5e96015d0e52b4412a5d0c8cd8fb1ad168767a773a946cba170659d607ec178-506a71e7/cosign-sign-ghcr-io-miciav-nanofaas-java-json-transform-sha256-c5e96015d0e52b4412a5d0c8cd8fb1ad168767a773a946cba170659d607ec178] passed   5.3s
[040.attest-published-images/attest-ghcr-io-miciav-nanofaas-java-json-transform-sha256-c5e96015d0e52b4412a5d0c8cd8fb1ad168767a773a946cba170659d607ec178-506a71e7/cosign-attest-ghcr-io-miciav-nanofaas-java-json-transform-sha256-c5e96015d0e52b4412a5d0c8cd8fb1ad168767a773a946cba170659d607ec178] running  cosign attest ghcr.io/miciav/nanofaas/java-json-transform@sha256:c5e96015d0e52b4412a5d0c8cd8fb1ad168767a773a946cba170659d607ec178
[040.attest-published-images/attest-ghcr-io-miciav-nanofaas-java-json-transform-sha256-c5e96015d0e52b4412a5d0c8cd8fb1ad168767a773a946cba170659d607ec178-506a71e7/cosign-attest-ghcr-io-miciav-nanofaas-java-json-transform-sha256-c5e96015d0e52b4412a5d0c8cd8fb1ad168767a773a946cba170659d607ec178] passed   5.2s
[040.attest-published-images/attest-ghcr-io-miciav-nanofaas-java-json-transform-sha256-c5e96015d0e52b4412a5d0c8cd8fb1ad168767a773a946cba170659d607ec178-506a71e7/cosign-attach-sbom-ghcr-io-miciav-nanofaas-java-json-transform-sha256-c5e96015d0e52b4412a5d0c8cd8fb1ad168767a773a946cba170659d607ec178] running  cosign attach sbom ghcr.io/miciav/nanofaas/java-json-transform@sha256:c5e96015d0e52b4412a5d0c8cd8fb1ad168767a773a946cba170659d607ec178
[040.attest-published-images/attest-ghcr-io-miciav-nanofaas-java-json-transform-sha256-c5e96015d0e52b4412a5d0c8cd8fb1ad168767a773a946cba170659d607ec178-506a71e7/cosign-attach-sbom-ghcr-io-miciav-nanofaas-java-json-transform-sha256-c5e96015d0e52b4412a5d0c8cd8fb1ad168767a773a946cba170659d607ec178] passed   4.5s
[040.attest-published-images/attest-ghcr-io-miciav-nanofaas-java-json-transform-sha256-c5e96015d0e52b4412a5d0c8cd8fb1ad168767a773a946cba170659d607ec178-506a71e7/cosign-verify-ghcr-io-miciav-nanofaas-java-json-transform-sha256-c5e96015d0e52b4412a5d0c8cd8fb1ad168767a773a946cba170659d607ec178] running  cosign verify ghcr.io/miciav/nanofaas/java-json-transform@sha256:c5e96015d0e52b4412a5d0c8cd8fb1ad168767a773a946cba170659d607ec178
[040.attest-published-images/attest-ghcr-io-miciav-nanofaas-java-json-transform-sha256-c5e96015d0e52b4412a5d0c8cd8fb1ad168767a773a946cba170659d607ec178-506a71e7/cosign-verify-ghcr-io-miciav-nanofaas-java-json-transform-sha256-c5e96015d0e52b4412a5d0c8cd8fb1ad168767a773a946cba170659d607ec178] passed   2.9s
[040.attest-published-images/attest-ghcr-io-miciav-nanofaas-java-json-transform-sha256-c5e96015d0e52b4412a5d0c8cd8fb1ad168767a773a946cba170659d607ec178-506a71e7/cosign-verify-attestation-ghcr-io-miciav-nanofaas-java-json-transform-sha256-c5e96015d0e52b4412a5d0c8cd8fb1ad168767a773a946cba170659d607ec178] running  cosign verify-attestation ghcr.io/miciav/nanofaas/java-json-transform@sha256:c5e96015d0e52b4412a5d0c8cd8fb1ad168767a773a946cba170659d607ec178
[040.attest-published-images/attest-ghcr-io-miciav-nanofaas-java-json-transform-sha256-c5e96015d0e52b4412a5d0c8cd8fb1ad168767a773a946cba170659d607ec178-506a71e7/cosign-verify-attestation-ghcr-io-miciav-nanofaas-java-json-transform-sha256-c5e96015d0e52b4412a5d0c8cd8fb1ad168767a773a946cba170659d607ec178] passed   3.3s
[040.attest-published-images/attest-ghcr-io-miciav-nanofaas-java-json-transform-sha256-c5e96015d0e52b4412a5d0c8cd8fb1ad168767a773a946cba170659d607ec178-506a71e7] passed   28.3s
[040.attest-published-images/attest-ghcr-io-miciav-nanofaas-java-json-transform-sha256-38e4e26e5b20c5de2cfc6f083a2bb073e9ea5487cdf8db89fc0c8da5b8324412-d05cee39] running  Attest ghcr.io/miciav/nanofaas/java-json-transform@sha256:38e4e26e5b20c5de2cfc6f083a2bb073e9ea5487cdf8db89fc0c8da5b8324412 d05cee39
[040.attest-published-images/attest-ghcr-io-miciav-nanofaas-java-json-transform-sha256-38e4e26e5b20c5de2cfc6f083a2bb073e9ea5487cdf8db89fc0c8da5b8324412-d05cee39/syft-sbom-ghcr-io-miciav-nanofaas-java-json-transform-sha256-38e4e26e5b20c5de2cfc6f083a2bb073e9ea5487cdf8db89fc0c8da5b8324412] running  Syft SBOM ghcr.io/miciav/nanofaas/java-json-transform@sha256:38e4e26e5b20c5de2cfc6f083a2bb073e9ea5487cdf8db89fc0c8da5b8324412
[040.attest-published-images/attest-ghcr-io-miciav-nanofaas-java-json-transform-sha256-38e4e26e5b20c5de2cfc6f083a2bb073e9ea5487cdf8db89fc0c8da5b8324412-d05cee39/syft-sbom-ghcr-io-miciav-nanofaas-java-json-transform-sha256-38e4e26e5b20c5de2cfc6f083a2bb073e9ea5487cdf8db89fc0c8da5b8324412] passed   12.2s
[040.attest-published-images/attest-ghcr-io-miciav-nanofaas-java-json-transform-sha256-38e4e26e5b20c5de2cfc6f083a2bb073e9ea5487cdf8db89fc0c8da5b8324412-d05cee39/cosign-sign-ghcr-io-miciav-nanofaas-java-json-transform-sha256-38e4e26e5b20c5de2cfc6f083a2bb073e9ea5487cdf8db89fc0c8da5b8324412] running  cosign sign ghcr.io/miciav/nanofaas/java-json-transform@sha256:38e4e26e5b20c5de2cfc6f083a2bb073e9ea5487cdf8db89fc0c8da5b8324412
[040.attest-published-images/attest-ghcr-io-miciav-nanofaas-java-json-transform-sha256-38e4e26e5b20c5de2cfc6f083a2bb073e9ea5487cdf8db89fc0c8da5b8324412-d05cee39/cosign-sign-ghcr-io-miciav-nanofaas-java-json-transform-sha256-38e4e26e5b20c5de2cfc6f083a2bb073e9ea5487cdf8db89fc0c8da5b8324412] passed   5.3s
[040.attest-published-images/attest-ghcr-io-miciav-nanofaas-java-json-transform-sha256-38e4e26e5b20c5de2cfc6f083a2bb073e9ea5487cdf8db89fc0c8da5b8324412-d05cee39/cosign-attest-ghcr-io-miciav-nanofaas-java-json-transform-sha256-38e4e26e5b20c5de2cfc6f083a2bb073e9ea5487cdf8db89fc0c8da5b8324412] running  cosign attest ghcr.io/miciav/nanofaas/java-json-transform@sha256:38e4e26e5b20c5de2cfc6f083a2bb073e9ea5487cdf8db89fc0c8da5b8324412
[040.attest-published-images/attest-ghcr-io-miciav-nanofaas-java-json-transform-sha256-38e4e26e5b20c5de2cfc6f083a2bb073e9ea5487cdf8db89fc0c8da5b8324412-d05cee39/cosign-attest-ghcr-io-miciav-nanofaas-java-json-transform-sha256-38e4e26e5b20c5de2cfc6f083a2bb073e9ea5487cdf8db89fc0c8da5b8324412] passed   5.5s
[040.attest-published-images/attest-ghcr-io-miciav-nanofaas-java-json-transform-sha256-38e4e26e5b20c5de2cfc6f083a2bb073e9ea5487cdf8db89fc0c8da5b8324412-d05cee39/cosign-attach-sbom-ghcr-io-miciav-nanofaas-java-json-transform-sha256-38e4e26e5b20c5de2cfc6f083a2bb073e9ea5487cdf8db89fc0c8da5b8324412] running  cosign attach sbom ghcr.io/miciav/nanofaas/java-json-transform@sha256:38e4e26e5b20c5de2cfc6f083a2bb073e9ea5487cdf8db89fc0c8da5b8324412
[040.attest-published-images/attest-ghcr-io-miciav-nanofaas-java-json-transform-sha256-38e4e26e5b20c5de2cfc6f083a2bb073e9ea5487cdf8db89fc0c8da5b8324412-d05cee39/cosign-attach-sbom-ghcr-io-miciav-nanofaas-java-json-transform-sha256-38e4e26e5b20c5de2cfc6f083a2bb073e9ea5487cdf8db89fc0c8da5b8324412] passed   4.5s
[040.attest-published-images/attest-ghcr-io-miciav-nanofaas-java-json-transform-sha256-38e4e26e5b20c5de2cfc6f083a2bb073e9ea5487cdf8db89fc0c8da5b8324412-d05cee39/cosign-verify-ghcr-io-miciav-nanofaas-java-json-transform-sha256-38e4e26e5b20c5de2cfc6f083a2bb073e9ea5487cdf8db89fc0c8da5b8324412] running  cosign verify ghcr.io/miciav/nanofaas/java-json-transform@sha256:38e4e26e5b20c5de2cfc6f083a2bb073e9ea5487cdf8db89fc0c8da5b8324412
[040.attest-published-images/attest-ghcr-io-miciav-nanofaas-java-json-transform-sha256-38e4e26e5b20c5de2cfc6f083a2bb073e9ea5487cdf8db89fc0c8da5b8324412-d05cee39/cosign-verify-ghcr-io-miciav-nanofaas-java-json-transform-sha256-38e4e26e5b20c5de2cfc6f083a2bb073e9ea5487cdf8db89fc0c8da5b8324412] passed   3.1s
[040.attest-published-images/attest-ghcr-io-miciav-nanofaas-java-json-transform-sha256-38e4e26e5b20c5de2cfc6f083a2bb073e9ea5487cdf8db89fc0c8da5b8324412-d05cee39/cosign-verify-attestation-ghcr-io-miciav-nanofaas-java-json-transform-sha256-38e4e26e5b20c5de2cfc6f083a2bb073e9ea5487cdf8db89fc0c8da5b8324412] running  cosign verify-attestation ghcr.io/miciav/nanofaas/java-json-transform@sha256:38e4e26e5b20c5de2cfc6f083a2bb073e9ea5487cdf8db89fc0c8da5b8324412
[040.attest-published-images/attest-ghcr-io-miciav-nanofaas-java-json-transform-sha256-38e4e26e5b20c5de2cfc6f083a2bb073e9ea5487cdf8db89fc0c8da5b8324412-d05cee39/cosign-verify-attestation-ghcr-io-miciav-nanofaas-java-json-transform-sha256-38e4e26e5b20c5de2cfc6f083a2bb073e9ea5487cdf8db89fc0c8da5b8324412] passed   3.2s
[040.attest-published-images/attest-ghcr-io-miciav-nanofaas-java-json-transform-sha256-38e4e26e5b20c5de2cfc6f083a2bb073e9ea5487cdf8db89fc0c8da5b8324412-d05cee39] passed   33.8s
[040.attest-published-images/attest-ghcr-io-miciav-nanofaas-java-json-transform-sha256-701d12cbd48489e85fffa7820a6994dd0fa7612869031ead09c47358a9a8e8af-a3588523] running  Attest ghcr.io/miciav/nanofaas/java-json-transform@sha256:701d12cbd48489e85fffa7820a6994dd0fa7612869031ead09c47358a9a8e8af a3588523
[040.attest-published-images/attest-ghcr-io-miciav-nanofaas-java-json-transform-sha256-701d12cbd48489e85fffa7820a6994dd0fa7612869031ead09c47358a9a8e8af-a3588523/syft-sbom-ghcr-io-miciav-nanofaas-java-json-transform-sha256-701d12cbd48489e85fffa7820a6994dd0fa7612869031ead09c47358a9a8e8af] running  Syft SBOM ghcr.io/miciav/nanofaas/java-json-transform@sha256:701d12cbd48489e85fffa7820a6994dd0fa7612869031ead09c47358a9a8e8af
[040.attest-published-images/attest-ghcr-io-miciav-nanofaas-java-json-transform-sha256-701d12cbd48489e85fffa7820a6994dd0fa7612869031ead09c47358a9a8e8af-a3588523/syft-sbom-ghcr-io-miciav-nanofaas-java-json-transform-sha256-701d12cbd48489e85fffa7820a6994dd0fa7612869031ead09c47358a9a8e8af] passed   7.7s
[040.attest-published-images/attest-ghcr-io-miciav-nanofaas-java-json-transform-sha256-701d12cbd48489e85fffa7820a6994dd0fa7612869031ead09c47358a9a8e8af-a3588523/cosign-sign-ghcr-io-miciav-nanofaas-java-json-transform-sha256-701d12cbd48489e85fffa7820a6994dd0fa7612869031ead09c47358a9a8e8af] running  cosign sign ghcr.io/miciav/nanofaas/java-json-transform@sha256:701d12cbd48489e85fffa7820a6994dd0fa7612869031ead09c47358a9a8e8af
[040.attest-published-images/attest-ghcr-io-miciav-nanofaas-java-json-transform-sha256-701d12cbd48489e85fffa7820a6994dd0fa7612869031ead09c47358a9a8e8af-a3588523/cosign-sign-ghcr-io-miciav-nanofaas-java-json-transform-sha256-701d12cbd48489e85fffa7820a6994dd0fa7612869031ead09c47358a9a8e8af] passed   5.5s
[040.attest-published-images/attest-ghcr-io-miciav-nanofaas-java-json-transform-sha256-701d12cbd48489e85fffa7820a6994dd0fa7612869031ead09c47358a9a8e8af-a3588523/cosign-attest-ghcr-io-miciav-nanofaas-java-json-transform-sha256-701d12cbd48489e85fffa7820a6994dd0fa7612869031ead09c47358a9a8e8af] running  cosign attest ghcr.io/miciav/nanofaas/java-json-transform@sha256:701d12cbd48489e85fffa7820a6994dd0fa7612869031ead09c47358a9a8e8af
[040.attest-published-images/attest-ghcr-io-miciav-nanofaas-java-json-transform-sha256-701d12cbd48489e85fffa7820a6994dd0fa7612869031ead09c47358a9a8e8af-a3588523/cosign-attest-ghcr-io-miciav-nanofaas-java-json-transform-sha256-701d12cbd48489e85fffa7820a6994dd0fa7612869031ead09c47358a9a8e8af] passed   5.1s
[040.attest-published-images/attest-ghcr-io-miciav-nanofaas-java-json-transform-sha256-701d12cbd48489e85fffa7820a6994dd0fa7612869031ead09c47358a9a8e8af-a3588523/cosign-attach-sbom-ghcr-io-miciav-nanofaas-java-json-transform-sha256-701d12cbd48489e85fffa7820a6994dd0fa7612869031ead09c47358a9a8e8af] running  cosign attach sbom ghcr.io/miciav/nanofaas/java-json-transform@sha256:701d12cbd48489e85fffa7820a6994dd0fa7612869031ead09c47358a9a8e8af
[040.attest-published-images/attest-ghcr-io-miciav-nanofaas-java-json-transform-sha256-701d12cbd48489e85fffa7820a6994dd0fa7612869031ead09c47358a9a8e8af-a3588523/cosign-attach-sbom-ghcr-io-miciav-nanofaas-java-json-transform-sha256-701d12cbd48489e85fffa7820a6994dd0fa7612869031ead09c47358a9a8e8af] passed   4.8s
[040.attest-published-images/attest-ghcr-io-miciav-nanofaas-java-json-transform-sha256-701d12cbd48489e85fffa7820a6994dd0fa7612869031ead09c47358a9a8e8af-a3588523/cosign-verify-ghcr-io-miciav-nanofaas-java-json-transform-sha256-701d12cbd48489e85fffa7820a6994dd0fa7612869031ead09c47358a9a8e8af] running  cosign verify ghcr.io/miciav/nanofaas/java-json-transform@sha256:701d12cbd48489e85fffa7820a6994dd0fa7612869031ead09c47358a9a8e8af
[040.attest-published-images/attest-ghcr-io-miciav-nanofaas-java-json-transform-sha256-701d12cbd48489e85fffa7820a6994dd0fa7612869031ead09c47358a9a8e8af-a3588523/cosign-verify-ghcr-io-miciav-nanofaas-java-json-transform-sha256-701d12cbd48489e85fffa7820a6994dd0fa7612869031ead09c47358a9a8e8af] passed   3.0s
[040.attest-published-images/attest-ghcr-io-miciav-nanofaas-java-json-transform-sha256-701d12cbd48489e85fffa7820a6994dd0fa7612869031ead09c47358a9a8e8af-a3588523/cosign-verify-attestation-ghcr-io-miciav-nanofaas-java-json-transform-sha256-701d12cbd48489e85fffa7820a6994dd0fa7612869031ead09c47358a9a8e8af] running  cosign verify-attestation ghcr.io/miciav/nanofaas/java-json-transform@sha256:701d12cbd48489e85fffa7820a6994dd0fa7612869031ead09c47358a9a8e8af
[040.attest-published-images/attest-ghcr-io-miciav-nanofaas-java-json-transform-sha256-701d12cbd48489e85fffa7820a6994dd0fa7612869031ead09c47358a9a8e8af-a3588523/cosign-verify-attestation-ghcr-io-miciav-nanofaas-java-json-transform-sha256-701d12cbd48489e85fffa7820a6994dd0fa7612869031ead09c47358a9a8e8af] passed   3.2s
[040.attest-published-images/attest-ghcr-io-miciav-nanofaas-java-json-transform-sha256-701d12cbd48489e85fffa7820a6994dd0fa7612869031ead09c47358a9a8e8af-a3588523] passed   29.4s
[040.attest-published-images/attest-ghcr-io-miciav-nanofaas-java-json-transform-sha256-ab104fb71b7dfed14378fd07dfd1bcb9d14dddcf331f26807a047b80a855b58c-4c684e22] running  Attest ghcr.io/miciav/nanofaas/java-json-transform@sha256:ab104fb71b7dfed14378fd07dfd1bcb9d14dddcf331f26807a047b80a855b58c 4c684e22
[040.attest-published-images/attest-ghcr-io-miciav-nanofaas-java-json-transform-sha256-ab104fb71b7dfed14378fd07dfd1bcb9d14dddcf331f26807a047b80a855b58c-4c684e22/syft-sbom-ghcr-io-miciav-nanofaas-java-json-transform-sha256-ab104fb71b7dfed14378fd07dfd1bcb9d14dddcf331f26807a047b80a855b58c] running  Syft SBOM ghcr.io/miciav/nanofaas/java-json-transform@sha256:ab104fb71b7dfed14378fd07dfd1bcb9d14dddcf331f26807a047b80a855b58c
[040.attest-published-images/attest-ghcr-io-miciav-nanofaas-java-json-transform-sha256-ab104fb71b7dfed14378fd07dfd1bcb9d14dddcf331f26807a047b80a855b58c-4c684e22/syft-sbom-ghcr-io-miciav-nanofaas-java-json-transform-sha256-ab104fb71b7dfed14378fd07dfd1bcb9d14dddcf331f26807a047b80a855b58c] passed   15.9s
[040.attest-published-images/attest-ghcr-io-miciav-nanofaas-java-json-transform-sha256-ab104fb71b7dfed14378fd07dfd1bcb9d14dddcf331f26807a047b80a855b58c-4c684e22/cosign-sign-ghcr-io-miciav-nanofaas-java-json-transform-sha256-ab104fb71b7dfed14378fd07dfd1bcb9d14dddcf331f26807a047b80a855b58c] running  cosign sign ghcr.io/miciav/nanofaas/java-json-transform@sha256:ab104fb71b7dfed14378fd07dfd1bcb9d14dddcf331f26807a047b80a855b58c
[040.attest-published-images/attest-ghcr-io-miciav-nanofaas-java-json-transform-sha256-ab104fb71b7dfed14378fd07dfd1bcb9d14dddcf331f26807a047b80a855b58c-4c684e22/cosign-sign-ghcr-io-miciav-nanofaas-java-json-transform-sha256-ab104fb71b7dfed14378fd07dfd1bcb9d14dddcf331f26807a047b80a855b58c] passed   5.9s
[040.attest-published-images/attest-ghcr-io-miciav-nanofaas-java-json-transform-sha256-ab104fb71b7dfed14378fd07dfd1bcb9d14dddcf331f26807a047b80a855b58c-4c684e22/cosign-attest-ghcr-io-miciav-nanofaas-java-json-transform-sha256-ab104fb71b7dfed14378fd07dfd1bcb9d14dddcf331f26807a047b80a855b58c] running  cosign attest ghcr.io/miciav/nanofaas/java-json-transform@sha256:ab104fb71b7dfed14378fd07dfd1bcb9d14dddcf331f26807a047b80a855b58c
[040.attest-published-images/attest-ghcr-io-miciav-nanofaas-java-json-transform-sha256-ab104fb71b7dfed14378fd07dfd1bcb9d14dddcf331f26807a047b80a855b58c-4c684e22/cosign-attest-ghcr-io-miciav-nanofaas-java-json-transform-sha256-ab104fb71b7dfed14378fd07dfd1bcb9d14dddcf331f26807a047b80a855b58c] passed   5.2s
[040.attest-published-images/attest-ghcr-io-miciav-nanofaas-java-json-transform-sha256-ab104fb71b7dfed14378fd07dfd1bcb9d14dddcf331f26807a047b80a855b58c-4c684e22/cosign-attach-sbom-ghcr-io-miciav-nanofaas-java-json-transform-sha256-ab104fb71b7dfed14378fd07dfd1bcb9d14dddcf331f26807a047b80a855b58c] running  cosign attach sbom ghcr.io/miciav/nanofaas/java-json-transform@sha256:ab104fb71b7dfed14378fd07dfd1bcb9d14dddcf331f26807a047b80a855b58c
[040.attest-published-images/attest-ghcr-io-miciav-nanofaas-java-json-transform-sha256-ab104fb71b7dfed14378fd07dfd1bcb9d14dddcf331f26807a047b80a855b58c-4c684e22/cosign-attach-sbom-ghcr-io-miciav-nanofaas-java-json-transform-sha256-ab104fb71b7dfed14378fd07dfd1bcb9d14dddcf331f26807a047b80a855b58c] passed   4.6s
[040.attest-published-images/attest-ghcr-io-miciav-nanofaas-java-json-transform-sha256-ab104fb71b7dfed14378fd07dfd1bcb9d14dddcf331f26807a047b80a855b58c-4c684e22/cosign-verify-ghcr-io-miciav-nanofaas-java-json-transform-sha256-ab104fb71b7dfed14378fd07dfd1bcb9d14dddcf331f26807a047b80a855b58c] running  cosign verify ghcr.io/miciav/nanofaas/java-json-transform@sha256:ab104fb71b7dfed14378fd07dfd1bcb9d14dddcf331f26807a047b80a855b58c
[040.attest-published-images/attest-ghcr-io-miciav-nanofaas-java-json-transform-sha256-ab104fb71b7dfed14378fd07dfd1bcb9d14dddcf331f26807a047b80a855b58c-4c684e22/cosign-verify-ghcr-io-miciav-nanofaas-java-json-transform-sha256-ab104fb71b7dfed14378fd07dfd1bcb9d14dddcf331f26807a047b80a855b58c] passed   2.9s
[040.attest-published-images/attest-ghcr-io-miciav-nanofaas-java-json-transform-sha256-ab104fb71b7dfed14378fd07dfd1bcb9d14dddcf331f26807a047b80a855b58c-4c684e22/cosign-verify-attestation-ghcr-io-miciav-nanofaas-java-json-transform-sha256-ab104fb71b7dfed14378fd07dfd1bcb9d14dddcf331f26807a047b80a855b58c] running  cosign verify-attestation ghcr.io/miciav/nanofaas/java-json-transform@sha256:ab104fb71b7dfed14378fd07dfd1bcb9d14dddcf331f26807a047b80a855b58c
[040.attest-published-images/attest-ghcr-io-miciav-nanofaas-java-json-transform-sha256-ab104fb71b7dfed14378fd07dfd1bcb9d14dddcf331f26807a047b80a855b58c-4c684e22/cosign-verify-attestation-ghcr-io-miciav-nanofaas-java-json-transform-sha256-ab104fb71b7dfed14378fd07dfd1bcb9d14dddcf331f26807a047b80a855b58c] passed   3.4s
[040.attest-published-images/attest-ghcr-io-miciav-nanofaas-java-json-transform-sha256-ab104fb71b7dfed14378fd07dfd1bcb9d14dddcf331f26807a047b80a855b58c-4c684e22] passed   37.9s
[040.attest-published-images/attest-ghcr-io-miciav-nanofaas-java-lite-json-transform-sha256-cec5930a0450ca1082544ae1165dda603c0560ee4f97bb40a7836ed4aa38c550-d2de66b6] running  Attest ghcr.io/miciav/nanofaas/java-lite-json-transform@sha256:cec5930a0450ca1082544ae1165dda603c0560ee4f97bb40a7836ed4aa38c550 d2de66b6
[040.attest-published-images/attest-ghcr-io-miciav-nanofaas-java-lite-json-transform-sha256-cec5930a0450ca1082544ae1165dda603c0560ee4f97bb40a7836ed4aa38c550-d2de66b6/syft-sbom-ghcr-io-miciav-nanofaas-java-lite-json-transform-sha256-cec5930a0450ca1082544ae1165dda603c0560ee4f97bb40a7836ed4aa38c550] running  Syft SBOM ghcr.io/miciav/nanofaas/java-lite-json-transform@sha256:cec5930a0450ca1082544ae1165dda603c0560ee4f97bb40a7836ed4aa38c550
[040.attest-published-images/attest-ghcr-io-miciav-nanofaas-java-lite-json-transform-sha256-cec5930a0450ca1082544ae1165dda603c0560ee4f97bb40a7836ed4aa38c550-d2de66b6/syft-sbom-ghcr-io-miciav-nanofaas-java-lite-json-transform-sha256-cec5930a0450ca1082544ae1165dda603c0560ee4f97bb40a7836ed4aa38c550] passed   7.6s
[040.attest-published-images/attest-ghcr-io-miciav-nanofaas-java-lite-json-transform-sha256-cec5930a0450ca1082544ae1165dda603c0560ee4f97bb40a7836ed4aa38c550-d2de66b6/cosign-sign-ghcr-io-miciav-nanofaas-java-lite-json-transform-sha256-cec5930a0450ca1082544ae1165dda603c0560ee4f97bb40a7836ed4aa38c550] running  cosign sign ghcr.io/miciav/nanofaas/java-lite-json-transform@sha256:cec5930a0450ca1082544ae1165dda603c0560ee4f97bb40a7836ed4aa38c550
[040.attest-published-images/attest-ghcr-io-miciav-nanofaas-java-lite-json-transform-sha256-cec5930a0450ca1082544ae1165dda603c0560ee4f97bb40a7836ed4aa38c550-d2de66b6/cosign-sign-ghcr-io-miciav-nanofaas-java-lite-json-transform-sha256-cec5930a0450ca1082544ae1165dda603c0560ee4f97bb40a7836ed4aa38c550] passed   5.4s
[040.attest-published-images/attest-ghcr-io-miciav-nanofaas-java-lite-json-transform-sha256-cec5930a0450ca1082544ae1165dda603c0560ee4f97bb40a7836ed4aa38c550-d2de66b6/cosign-attest-ghcr-io-miciav-nanofaas-java-lite-json-transform-sha256-cec5930a0450ca1082544ae1165dda603c0560ee4f97bb40a7836ed4aa38c550] running  cosign attest ghcr.io/miciav/nanofaas/java-lite-json-transform@sha256:cec5930a0450ca1082544ae1165dda603c0560ee4f97bb40a7836ed4aa38c550
[040.attest-published-images/attest-ghcr-io-miciav-nanofaas-java-lite-json-transform-sha256-cec5930a0450ca1082544ae1165dda603c0560ee4f97bb40a7836ed4aa38c550-d2de66b6/cosign-attest-ghcr-io-miciav-nanofaas-java-lite-json-transform-sha256-cec5930a0450ca1082544ae1165dda603c0560ee4f97bb40a7836ed4aa38c550] passed   5.2s
[040.attest-published-images/attest-ghcr-io-miciav-nanofaas-java-lite-json-transform-sha256-cec5930a0450ca1082544ae1165dda603c0560ee4f97bb40a7836ed4aa38c550-d2de66b6/cosign-attach-sbom-ghcr-io-miciav-nanofaas-java-lite-json-transform-sha256-cec5930a0450ca1082544ae1165dda603c0560ee4f97bb40a7836ed4aa38c550] running  cosign attach sbom ghcr.io/miciav/nanofaas/java-lite-json-transform@sha256:cec5930a0450ca1082544ae1165dda603c0560ee4f97bb40a7836ed4aa38c550
[040.attest-published-images/attest-ghcr-io-miciav-nanofaas-java-lite-json-transform-sha256-cec5930a0450ca1082544ae1165dda603c0560ee4f97bb40a7836ed4aa38c550-d2de66b6/cosign-attach-sbom-ghcr-io-miciav-nanofaas-java-lite-json-transform-sha256-cec5930a0450ca1082544ae1165dda603c0560ee4f97bb40a7836ed4aa38c550] passed   4.7s
[040.attest-published-images/attest-ghcr-io-miciav-nanofaas-java-lite-json-transform-sha256-cec5930a0450ca1082544ae1165dda603c0560ee4f97bb40a7836ed4aa38c550-d2de66b6/cosign-verify-ghcr-io-miciav-nanofaas-java-lite-json-transform-sha256-cec5930a0450ca1082544ae1165dda603c0560ee4f97bb40a7836ed4aa38c550] running  cosign verify ghcr.io/miciav/nanofaas/java-lite-json-transform@sha256:cec5930a0450ca1082544ae1165dda603c0560ee4f97bb40a7836ed4aa38c550
[040.attest-published-images/attest-ghcr-io-miciav-nanofaas-java-lite-json-transform-sha256-cec5930a0450ca1082544ae1165dda603c0560ee4f97bb40a7836ed4aa38c550-d2de66b6/cosign-verify-ghcr-io-miciav-nanofaas-java-lite-json-transform-sha256-cec5930a0450ca1082544ae1165dda603c0560ee4f97bb40a7836ed4aa38c550] passed   3.1s
[040.attest-published-images/attest-ghcr-io-miciav-nanofaas-java-lite-json-transform-sha256-cec5930a0450ca1082544ae1165dda603c0560ee4f97bb40a7836ed4aa38c550-d2de66b6/cosign-verify-attestation-ghcr-io-miciav-nanofaas-java-lite-json-transform-sha256-cec5930a0450ca1082544ae1165dda603c0560ee4f97bb40a7836ed4aa38c550] running  cosign verify-attestation ghcr.io/miciav/nanofaas/java-lite-json-transform@sha256:cec5930a0450ca1082544ae1165dda603c0560ee4f97bb40a7836ed4aa38c550
[040.attest-published-images/attest-ghcr-io-miciav-nanofaas-java-lite-json-transform-sha256-cec5930a0450ca1082544ae1165dda603c0560ee4f97bb40a7836ed4aa38c550-d2de66b6/cosign-verify-attestation-ghcr-io-miciav-nanofaas-java-lite-json-transform-sha256-cec5930a0450ca1082544ae1165dda603c0560ee4f97bb40a7836ed4aa38c550] passed   3.5s
[040.attest-published-images/attest-ghcr-io-miciav-nanofaas-java-lite-json-transform-sha256-cec5930a0450ca1082544ae1165dda603c0560ee4f97bb40a7836ed4aa38c550-d2de66b6] passed   29.5s
[040.attest-published-images/attest-ghcr-io-miciav-nanofaas-java-lite-json-transform-sha256-dce7148ef5eed78c8eea2b0c6e22d58290443b66c98e1460bf1ccf4f84099091-83911fc6] running  Attest ghcr.io/miciav/nanofaas/java-lite-json-transform@sha256:dce7148ef5eed78c8eea2b0c6e22d58290443b66c98e1460bf1ccf4f84099091 83911fc6
[040.attest-published-images/attest-ghcr-io-miciav-nanofaas-java-lite-json-transform-sha256-dce7148ef5eed78c8eea2b0c6e22d58290443b66c98e1460bf1ccf4f84099091-83911fc6/syft-sbom-ghcr-io-miciav-nanofaas-java-lite-json-transform-sha256-dce7148ef5eed78c8eea2b0c6e22d58290443b66c98e1460bf1ccf4f84099091] running  Syft SBOM ghcr.io/miciav/nanofaas/java-lite-json-transform@sha256:dce7148ef5eed78c8eea2b0c6e22d58290443b66c98e1460bf1ccf4f84099091
[040.attest-published-images/attest-ghcr-io-miciav-nanofaas-java-lite-json-transform-sha256-dce7148ef5eed78c8eea2b0c6e22d58290443b66c98e1460bf1ccf4f84099091-83911fc6/syft-sbom-ghcr-io-miciav-nanofaas-java-lite-json-transform-sha256-dce7148ef5eed78c8eea2b0c6e22d58290443b66c98e1460bf1ccf4f84099091] passed   7.6s
[040.attest-published-images/attest-ghcr-io-miciav-nanofaas-java-lite-json-transform-sha256-dce7148ef5eed78c8eea2b0c6e22d58290443b66c98e1460bf1ccf4f84099091-83911fc6/cosign-sign-ghcr-io-miciav-nanofaas-java-lite-json-transform-sha256-dce7148ef5eed78c8eea2b0c6e22d58290443b66c98e1460bf1ccf4f84099091] running  cosign sign ghcr.io/miciav/nanofaas/java-lite-json-transform@sha256:dce7148ef5eed78c8eea2b0c6e22d58290443b66c98e1460bf1ccf4f84099091
[040.attest-published-images/attest-ghcr-io-miciav-nanofaas-java-lite-json-transform-sha256-dce7148ef5eed78c8eea2b0c6e22d58290443b66c98e1460bf1ccf4f84099091-83911fc6/cosign-sign-ghcr-io-miciav-nanofaas-java-lite-json-transform-sha256-dce7148ef5eed78c8eea2b0c6e22d58290443b66c98e1460bf1ccf4f84099091] passed   5.7s
[040.attest-published-images/attest-ghcr-io-miciav-nanofaas-java-lite-json-transform-sha256-dce7148ef5eed78c8eea2b0c6e22d58290443b66c98e1460bf1ccf4f84099091-83911fc6/cosign-attest-ghcr-io-miciav-nanofaas-java-lite-json-transform-sha256-dce7148ef5eed78c8eea2b0c6e22d58290443b66c98e1460bf1ccf4f84099091] running  cosign attest ghcr.io/miciav/nanofaas/java-lite-json-transform@sha256:dce7148ef5eed78c8eea2b0c6e22d58290443b66c98e1460bf1ccf4f84099091
[040.attest-published-images/attest-ghcr-io-miciav-nanofaas-java-lite-json-transform-sha256-dce7148ef5eed78c8eea2b0c6e22d58290443b66c98e1460bf1ccf4f84099091-83911fc6/cosign-attest-ghcr-io-miciav-nanofaas-java-lite-json-transform-sha256-dce7148ef5eed78c8eea2b0c6e22d58290443b66c98e1460bf1ccf4f84099091] passed   5.5s
[040.attest-published-images/attest-ghcr-io-miciav-nanofaas-java-lite-json-transform-sha256-dce7148ef5eed78c8eea2b0c6e22d58290443b66c98e1460bf1ccf4f84099091-83911fc6/cosign-attach-sbom-ghcr-io-miciav-nanofaas-java-lite-json-transform-sha256-dce7148ef5eed78c8eea2b0c6e22d58290443b66c98e1460bf1ccf4f84099091] running  cosign attach sbom ghcr.io/miciav/nanofaas/java-lite-json-transform@sha256:dce7148ef5eed78c8eea2b0c6e22d58290443b66c98e1460bf1ccf4f84099091
[040.attest-published-images/attest-ghcr-io-miciav-nanofaas-java-lite-json-transform-sha256-dce7148ef5eed78c8eea2b0c6e22d58290443b66c98e1460bf1ccf4f84099091-83911fc6/cosign-attach-sbom-ghcr-io-miciav-nanofaas-java-lite-json-transform-sha256-dce7148ef5eed78c8eea2b0c6e22d58290443b66c98e1460bf1ccf4f84099091] passed   4.3s
[040.attest-published-images/attest-ghcr-io-miciav-nanofaas-java-lite-json-transform-sha256-dce7148ef5eed78c8eea2b0c6e22d58290443b66c98e1460bf1ccf4f84099091-83911fc6/cosign-verify-ghcr-io-miciav-nanofaas-java-lite-json-transform-sha256-dce7148ef5eed78c8eea2b0c6e22d58290443b66c98e1460bf1ccf4f84099091] running  cosign verify ghcr.io/miciav/nanofaas/java-lite-json-transform@sha256:dce7148ef5eed78c8eea2b0c6e22d58290443b66c98e1460bf1ccf4f84099091
[040.attest-published-images/attest-ghcr-io-miciav-nanofaas-java-lite-json-transform-sha256-dce7148ef5eed78c8eea2b0c6e22d58290443b66c98e1460bf1ccf4f84099091-83911fc6/cosign-verify-ghcr-io-miciav-nanofaas-java-lite-json-transform-sha256-dce7148ef5eed78c8eea2b0c6e22d58290443b66c98e1460bf1ccf4f84099091] passed   3.1s
[040.attest-published-images/attest-ghcr-io-miciav-nanofaas-java-lite-json-transform-sha256-dce7148ef5eed78c8eea2b0c6e22d58290443b66c98e1460bf1ccf4f84099091-83911fc6/cosign-verify-attestation-ghcr-io-miciav-nanofaas-java-lite-json-transform-sha256-dce7148ef5eed78c8eea2b0c6e22d58290443b66c98e1460bf1ccf4f84099091] running  cosign verify-attestation ghcr.io/miciav/nanofaas/java-lite-json-transform@sha256:dce7148ef5eed78c8eea2b0c6e22d58290443b66c98e1460bf1ccf4f84099091
[040.attest-published-images/attest-ghcr-io-miciav-nanofaas-java-lite-json-transform-sha256-dce7148ef5eed78c8eea2b0c6e22d58290443b66c98e1460bf1ccf4f84099091-83911fc6/cosign-verify-attestation-ghcr-io-miciav-nanofaas-java-lite-json-transform-sha256-dce7148ef5eed78c8eea2b0c6e22d58290443b66c98e1460bf1ccf4f84099091] passed   3.3s
[040.attest-published-images/attest-ghcr-io-miciav-nanofaas-java-lite-json-transform-sha256-dce7148ef5eed78c8eea2b0c6e22d58290443b66c98e1460bf1ccf4f84099091-83911fc6] passed   29.4s
[040.attest-published-images/attest-ghcr-io-miciav-nanofaas-java-lite-json-transform-sha256-edbb6c258d426a5cdf3cfc19f13440aa6338a425de09ebf35a578c701aaad612-512d1bae] running  Attest ghcr.io/miciav/nanofaas/java-lite-json-transform@sha256:edbb6c258d426a5cdf3cfc19f13440aa6338a425de09ebf35a578c701aaad612 512d1bae
[040.attest-published-images/attest-ghcr-io-miciav-nanofaas-java-lite-json-transform-sha256-edbb6c258d426a5cdf3cfc19f13440aa6338a425de09ebf35a578c701aaad612-512d1bae/syft-sbom-ghcr-io-miciav-nanofaas-java-lite-json-transform-sha256-edbb6c258d426a5cdf3cfc19f13440aa6338a425de09ebf35a578c701aaad612] running  Syft SBOM ghcr.io/miciav/nanofaas/java-lite-json-transform@sha256:edbb6c258d426a5cdf3cfc19f13440aa6338a425de09ebf35a578c701aaad612
[040.attest-published-images/attest-ghcr-io-miciav-nanofaas-java-lite-json-transform-sha256-edbb6c258d426a5cdf3cfc19f13440aa6338a425de09ebf35a578c701aaad612-512d1bae/syft-sbom-ghcr-io-miciav-nanofaas-java-lite-json-transform-sha256-edbb6c258d426a5cdf3cfc19f13440aa6338a425de09ebf35a578c701aaad612] passed   8.7s
[040.attest-published-images/attest-ghcr-io-miciav-nanofaas-java-lite-json-transform-sha256-edbb6c258d426a5cdf3cfc19f13440aa6338a425de09ebf35a578c701aaad612-512d1bae/cosign-sign-ghcr-io-miciav-nanofaas-java-lite-json-transform-sha256-edbb6c258d426a5cdf3cfc19f13440aa6338a425de09ebf35a578c701aaad612] running  cosign sign ghcr.io/miciav/nanofaas/java-lite-json-transform@sha256:edbb6c258d426a5cdf3cfc19f13440aa6338a425de09ebf35a578c701aaad612
[040.attest-published-images/attest-ghcr-io-miciav-nanofaas-java-lite-json-transform-sha256-edbb6c258d426a5cdf3cfc19f13440aa6338a425de09ebf35a578c701aaad612-512d1bae/cosign-sign-ghcr-io-miciav-nanofaas-java-lite-json-transform-sha256-edbb6c258d426a5cdf3cfc19f13440aa6338a425de09ebf35a578c701aaad612] passed   5.5s
[040.attest-published-images/attest-ghcr-io-miciav-nanofaas-java-lite-json-transform-sha256-edbb6c258d426a5cdf3cfc19f13440aa6338a425de09ebf35a578c701aaad612-512d1bae/cosign-attest-ghcr-io-miciav-nanofaas-java-lite-json-transform-sha256-edbb6c258d426a5cdf3cfc19f13440aa6338a425de09ebf35a578c701aaad612] running  cosign attest ghcr.io/miciav/nanofaas/java-lite-json-transform@sha256:edbb6c258d426a5cdf3cfc19f13440aa6338a425de09ebf35a578c701aaad612
[040.attest-published-images/attest-ghcr-io-miciav-nanofaas-java-lite-json-transform-sha256-edbb6c258d426a5cdf3cfc19f13440aa6338a425de09ebf35a578c701aaad612-512d1bae/cosign-attest-ghcr-io-miciav-nanofaas-java-lite-json-transform-sha256-edbb6c258d426a5cdf3cfc19f13440aa6338a425de09ebf35a578c701aaad612] passed   5.4s
[040.attest-published-images/attest-ghcr-io-miciav-nanofaas-java-lite-json-transform-sha256-edbb6c258d426a5cdf3cfc19f13440aa6338a425de09ebf35a578c701aaad612-512d1bae/cosign-attach-sbom-ghcr-io-miciav-nanofaas-java-lite-json-transform-sha256-edbb6c258d426a5cdf3cfc19f13440aa6338a425de09ebf35a578c701aaad612] running  cosign attach sbom ghcr.io/miciav/nanofaas/java-lite-json-transform@sha256:edbb6c258d426a5cdf3cfc19f13440aa6338a425de09ebf35a578c701aaad612
[040.attest-published-images/attest-ghcr-io-miciav-nanofaas-java-lite-json-transform-sha256-edbb6c258d426a5cdf3cfc19f13440aa6338a425de09ebf35a578c701aaad612-512d1bae/cosign-attach-sbom-ghcr-io-miciav-nanofaas-java-lite-json-transform-sha256-edbb6c258d426a5cdf3cfc19f13440aa6338a425de09ebf35a578c701aaad612] passed   4.9s
[040.attest-published-images/attest-ghcr-io-miciav-nanofaas-java-lite-json-transform-sha256-edbb6c258d426a5cdf3cfc19f13440aa6338a425de09ebf35a578c701aaad612-512d1bae/cosign-verify-ghcr-io-miciav-nanofaas-java-lite-json-transform-sha256-edbb6c258d426a5cdf3cfc19f13440aa6338a425de09ebf35a578c701aaad612] running  cosign verify ghcr.io/miciav/nanofaas/java-lite-json-transform@sha256:edbb6c258d426a5cdf3cfc19f13440aa6338a425de09ebf35a578c701aaad612
[040.attest-published-images/attest-ghcr-io-miciav-nanofaas-java-lite-json-transform-sha256-edbb6c258d426a5cdf3cfc19f13440aa6338a425de09ebf35a578c701aaad612-512d1bae/cosign-verify-ghcr-io-miciav-nanofaas-java-lite-json-transform-sha256-edbb6c258d426a5cdf3cfc19f13440aa6338a425de09ebf35a578c701aaad612] passed   3.0s
[040.attest-published-images/attest-ghcr-io-miciav-nanofaas-java-lite-json-transform-sha256-edbb6c258d426a5cdf3cfc19f13440aa6338a425de09ebf35a578c701aaad612-512d1bae/cosign-verify-attestation-ghcr-io-miciav-nanofaas-java-lite-json-transform-sha256-edbb6c258d426a5cdf3cfc19f13440aa6338a425de09ebf35a578c701aaad612] running  cosign verify-attestation ghcr.io/miciav/nanofaas/java-lite-json-transform@sha256:edbb6c258d426a5cdf3cfc19f13440aa6338a425de09ebf35a578c701aaad612
[040.attest-published-images/attest-ghcr-io-miciav-nanofaas-java-lite-json-transform-sha256-edbb6c258d426a5cdf3cfc19f13440aa6338a425de09ebf35a578c701aaad612-512d1bae/cosign-verify-attestation-ghcr-io-miciav-nanofaas-java-lite-json-transform-sha256-edbb6c258d426a5cdf3cfc19f13440aa6338a425de09ebf35a578c701aaad612] passed   3.3s
[040.attest-published-images/attest-ghcr-io-miciav-nanofaas-java-lite-json-transform-sha256-edbb6c258d426a5cdf3cfc19f13440aa6338a425de09ebf35a578c701aaad612-512d1bae] passed   30.8s
[040.attest-published-images/attest-ghcr-io-miciav-nanofaas-java-lite-roman-numeral-sha256-37641aa1cd72af337144d1c2da176a22d09f081ee1056d1130f4f394c35aff31-211a76ab] running  Attest ghcr.io/miciav/nanofaas/java-lite-roman-numeral@sha256:37641aa1cd72af337144d1c2da176a22d09f081ee1056d1130f4f394c35aff31 211a76ab
[040.attest-published-images/attest-ghcr-io-miciav-nanofaas-java-lite-roman-numeral-sha256-37641aa1cd72af337144d1c2da176a22d09f081ee1056d1130f4f394c35aff31-211a76ab/syft-sbom-ghcr-io-miciav-nanofaas-java-lite-roman-numeral-sha256-37641aa1cd72af337144d1c2da176a22d09f081ee1056d1130f4f394c35aff31] running  Syft SBOM ghcr.io/miciav/nanofaas/java-lite-roman-numeral@sha256:37641aa1cd72af337144d1c2da176a22d09f081ee1056d1130f4f394c35aff31
[040.attest-published-images/attest-ghcr-io-miciav-nanofaas-java-lite-roman-numeral-sha256-37641aa1cd72af337144d1c2da176a22d09f081ee1056d1130f4f394c35aff31-211a76ab/syft-sbom-ghcr-io-miciav-nanofaas-java-lite-roman-numeral-sha256-37641aa1cd72af337144d1c2da176a22d09f081ee1056d1130f4f394c35aff31] passed   10.3s
[040.attest-published-images/attest-ghcr-io-miciav-nanofaas-java-lite-roman-numeral-sha256-37641aa1cd72af337144d1c2da176a22d09f081ee1056d1130f4f394c35aff31-211a76ab/cosign-sign-ghcr-io-miciav-nanofaas-java-lite-roman-numeral-sha256-37641aa1cd72af337144d1c2da176a22d09f081ee1056d1130f4f394c35aff31] running  cosign sign ghcr.io/miciav/nanofaas/java-lite-roman-numeral@sha256:37641aa1cd72af337144d1c2da176a22d09f081ee1056d1130f4f394c35aff31
[040.attest-published-images/attest-ghcr-io-miciav-nanofaas-java-lite-roman-numeral-sha256-37641aa1cd72af337144d1c2da176a22d09f081ee1056d1130f4f394c35aff31-211a76ab/cosign-sign-ghcr-io-miciav-nanofaas-java-lite-roman-numeral-sha256-37641aa1cd72af337144d1c2da176a22d09f081ee1056d1130f4f394c35aff31] passed   5.6s
[040.attest-published-images/attest-ghcr-io-miciav-nanofaas-java-lite-roman-numeral-sha256-37641aa1cd72af337144d1c2da176a22d09f081ee1056d1130f4f394c35aff31-211a76ab/cosign-attest-ghcr-io-miciav-nanofaas-java-lite-roman-numeral-sha256-37641aa1cd72af337144d1c2da176a22d09f081ee1056d1130f4f394c35aff31] running  cosign attest ghcr.io/miciav/nanofaas/java-lite-roman-numeral@sha256:37641aa1cd72af337144d1c2da176a22d09f081ee1056d1130f4f394c35aff31
[040.attest-published-images/attest-ghcr-io-miciav-nanofaas-java-lite-roman-numeral-sha256-37641aa1cd72af337144d1c2da176a22d09f081ee1056d1130f4f394c35aff31-211a76ab/cosign-attest-ghcr-io-miciav-nanofaas-java-lite-roman-numeral-sha256-37641aa1cd72af337144d1c2da176a22d09f081ee1056d1130f4f394c35aff31] passed   5.3s
[040.attest-published-images/attest-ghcr-io-miciav-nanofaas-java-lite-roman-numeral-sha256-37641aa1cd72af337144d1c2da176a22d09f081ee1056d1130f4f394c35aff31-211a76ab/cosign-attach-sbom-ghcr-io-miciav-nanofaas-java-lite-roman-numeral-sha256-37641aa1cd72af337144d1c2da176a22d09f081ee1056d1130f4f394c35aff31] running  cosign attach sbom ghcr.io/miciav/nanofaas/java-lite-roman-numeral@sha256:37641aa1cd72af337144d1c2da176a22d09f081ee1056d1130f4f394c35aff31
[040.attest-published-images/attest-ghcr-io-miciav-nanofaas-java-lite-roman-numeral-sha256-37641aa1cd72af337144d1c2da176a22d09f081ee1056d1130f4f394c35aff31-211a76ab/cosign-attach-sbom-ghcr-io-miciav-nanofaas-java-lite-roman-numeral-sha256-37641aa1cd72af337144d1c2da176a22d09f081ee1056d1130f4f394c35aff31] passed   4.8s
[040.attest-published-images/attest-ghcr-io-miciav-nanofaas-java-lite-roman-numeral-sha256-37641aa1cd72af337144d1c2da176a22d09f081ee1056d1130f4f394c35aff31-211a76ab/cosign-verify-ghcr-io-miciav-nanofaas-java-lite-roman-numeral-sha256-37641aa1cd72af337144d1c2da176a22d09f081ee1056d1130f4f394c35aff31] running  cosign verify ghcr.io/miciav/nanofaas/java-lite-roman-numeral@sha256:37641aa1cd72af337144d1c2da176a22d09f081ee1056d1130f4f394c35aff31
[040.attest-published-images/attest-ghcr-io-miciav-nanofaas-java-lite-roman-numeral-sha256-37641aa1cd72af337144d1c2da176a22d09f081ee1056d1130f4f394c35aff31-211a76ab/cosign-verify-ghcr-io-miciav-nanofaas-java-lite-roman-numeral-sha256-37641aa1cd72af337144d1c2da176a22d09f081ee1056d1130f4f394c35aff31] passed   3.1s
[040.attest-published-images/attest-ghcr-io-miciav-nanofaas-java-lite-roman-numeral-sha256-37641aa1cd72af337144d1c2da176a22d09f081ee1056d1130f4f394c35aff31-211a76ab/cosign-verify-attestation-ghcr-io-miciav-nanofaas-java-lite-roman-numeral-sha256-37641aa1cd72af337144d1c2da176a22d09f081ee1056d1130f4f394c35aff31] running  cosign verify-attestation ghcr.io/miciav/nanofaas/java-lite-roman-numeral@sha256:37641aa1cd72af337144d1c2da176a22d09f081ee1056d1130f4f394c35aff31
[040.attest-published-images/attest-ghcr-io-miciav-nanofaas-java-lite-roman-numeral-sha256-37641aa1cd72af337144d1c2da176a22d09f081ee1056d1130f4f394c35aff31-211a76ab/cosign-verify-attestation-ghcr-io-miciav-nanofaas-java-lite-roman-numeral-sha256-37641aa1cd72af337144d1c2da176a22d09f081ee1056d1130f4f394c35aff31] passed   3.7s
[040.attest-published-images/attest-ghcr-io-miciav-nanofaas-java-lite-roman-numeral-sha256-37641aa1cd72af337144d1c2da176a22d09f081ee1056d1130f4f394c35aff31-211a76ab] passed   32.9s
[040.attest-published-images/attest-ghcr-io-miciav-nanofaas-java-lite-roman-numeral-sha256-68581d892a0c3d78f612c5f7824e232af86fcffcb6505ae865d302096d708113-ab27b357] running  Attest ghcr.io/miciav/nanofaas/java-lite-roman-numeral@sha256:68581d892a0c3d78f612c5f7824e232af86fcffcb6505ae865d302096d708113 ab27b357
[040.attest-published-images/attest-ghcr-io-miciav-nanofaas-java-lite-roman-numeral-sha256-68581d892a0c3d78f612c5f7824e232af86fcffcb6505ae865d302096d708113-ab27b357/syft-sbom-ghcr-io-miciav-nanofaas-java-lite-roman-numeral-sha256-68581d892a0c3d78f612c5f7824e232af86fcffcb6505ae865d302096d708113] running  Syft SBOM ghcr.io/miciav/nanofaas/java-lite-roman-numeral@sha256:68581d892a0c3d78f612c5f7824e232af86fcffcb6505ae865d302096d708113
[040.attest-published-images/attest-ghcr-io-miciav-nanofaas-java-lite-roman-numeral-sha256-68581d892a0c3d78f612c5f7824e232af86fcffcb6505ae865d302096d708113-ab27b357/syft-sbom-ghcr-io-miciav-nanofaas-java-lite-roman-numeral-sha256-68581d892a0c3d78f612c5f7824e232af86fcffcb6505ae865d302096d708113] passed   9.3s
[040.attest-published-images/attest-ghcr-io-miciav-nanofaas-java-lite-roman-numeral-sha256-68581d892a0c3d78f612c5f7824e232af86fcffcb6505ae865d302096d708113-ab27b357/cosign-sign-ghcr-io-miciav-nanofaas-java-lite-roman-numeral-sha256-68581d892a0c3d78f612c5f7824e232af86fcffcb6505ae865d302096d708113] running  cosign sign ghcr.io/miciav/nanofaas/java-lite-roman-numeral@sha256:68581d892a0c3d78f612c5f7824e232af86fcffcb6505ae865d302096d708113
[040.attest-published-images/attest-ghcr-io-miciav-nanofaas-java-lite-roman-numeral-sha256-68581d892a0c3d78f612c5f7824e232af86fcffcb6505ae865d302096d708113-ab27b357/cosign-sign-ghcr-io-miciav-nanofaas-java-lite-roman-numeral-sha256-68581d892a0c3d78f612c5f7824e232af86fcffcb6505ae865d302096d708113] passed   5.7s
[040.attest-published-images/attest-ghcr-io-miciav-nanofaas-java-lite-roman-numeral-sha256-68581d892a0c3d78f612c5f7824e232af86fcffcb6505ae865d302096d708113-ab27b357/cosign-attest-ghcr-io-miciav-nanofaas-java-lite-roman-numeral-sha256-68581d892a0c3d78f612c5f7824e232af86fcffcb6505ae865d302096d708113] running  cosign attest ghcr.io/miciav/nanofaas/java-lite-roman-numeral@sha256:68581d892a0c3d78f612c5f7824e232af86fcffcb6505ae865d302096d708113
[040.attest-published-images/attest-ghcr-io-miciav-nanofaas-java-lite-roman-numeral-sha256-68581d892a0c3d78f612c5f7824e232af86fcffcb6505ae865d302096d708113-ab27b357/cosign-attest-ghcr-io-miciav-nanofaas-java-lite-roman-numeral-sha256-68581d892a0c3d78f612c5f7824e232af86fcffcb6505ae865d302096d708113] passed   5.2s
[040.attest-published-images/attest-ghcr-io-miciav-nanofaas-java-lite-roman-numeral-sha256-68581d892a0c3d78f612c5f7824e232af86fcffcb6505ae865d302096d708113-ab27b357/cosign-attach-sbom-ghcr-io-miciav-nanofaas-java-lite-roman-numeral-sha256-68581d892a0c3d78f612c5f7824e232af86fcffcb6505ae865d302096d708113] running  cosign attach sbom ghcr.io/miciav/nanofaas/java-lite-roman-numeral@sha256:68581d892a0c3d78f612c5f7824e232af86fcffcb6505ae865d302096d708113
[040.attest-published-images/attest-ghcr-io-miciav-nanofaas-java-lite-roman-numeral-sha256-68581d892a0c3d78f612c5f7824e232af86fcffcb6505ae865d302096d708113-ab27b357/cosign-attach-sbom-ghcr-io-miciav-nanofaas-java-lite-roman-numeral-sha256-68581d892a0c3d78f612c5f7824e232af86fcffcb6505ae865d302096d708113] passed   4.5s
[040.attest-published-images/attest-ghcr-io-miciav-nanofaas-java-lite-roman-numeral-sha256-68581d892a0c3d78f612c5f7824e232af86fcffcb6505ae865d302096d708113-ab27b357/cosign-verify-ghcr-io-miciav-nanofaas-java-lite-roman-numeral-sha256-68581d892a0c3d78f612c5f7824e232af86fcffcb6505ae865d302096d708113] running  cosign verify ghcr.io/miciav/nanofaas/java-lite-roman-numeral@sha256:68581d892a0c3d78f612c5f7824e232af86fcffcb6505ae865d302096d708113
[040.attest-published-images/attest-ghcr-io-miciav-nanofaas-java-lite-roman-numeral-sha256-68581d892a0c3d78f612c5f7824e232af86fcffcb6505ae865d302096d708113-ab27b357/cosign-verify-ghcr-io-miciav-nanofaas-java-lite-roman-numeral-sha256-68581d892a0c3d78f612c5f7824e232af86fcffcb6505ae865d302096d708113] passed   3.2s
[040.attest-published-images/attest-ghcr-io-miciav-nanofaas-java-lite-roman-numeral-sha256-68581d892a0c3d78f612c5f7824e232af86fcffcb6505ae865d302096d708113-ab27b357/cosign-verify-attestation-ghcr-io-miciav-nanofaas-java-lite-roman-numeral-sha256-68581d892a0c3d78f612c5f7824e232af86fcffcb6505ae865d302096d708113] running  cosign verify-attestation ghcr.io/miciav/nanofaas/java-lite-roman-numeral@sha256:68581d892a0c3d78f612c5f7824e232af86fcffcb6505ae865d302096d708113
[040.attest-published-images/attest-ghcr-io-miciav-nanofaas-java-lite-roman-numeral-sha256-68581d892a0c3d78f612c5f7824e232af86fcffcb6505ae865d302096d708113-ab27b357/cosign-verify-attestation-ghcr-io-miciav-nanofaas-java-lite-roman-numeral-sha256-68581d892a0c3d78f612c5f7824e232af86fcffcb6505ae865d302096d708113] passed   3.6s
[040.attest-published-images/attest-ghcr-io-miciav-nanofaas-java-lite-roman-numeral-sha256-68581d892a0c3d78f612c5f7824e232af86fcffcb6505ae865d302096d708113-ab27b357] passed   31.4s
[040.attest-published-images/attest-ghcr-io-miciav-nanofaas-java-lite-roman-numeral-sha256-e3706a57c66310db92797c59dcc691a7a9a9a8b23ff89f9eacc5c407fdecd5a8-b1d366bd] running  Attest ghcr.io/miciav/nanofaas/java-lite-roman-numeral@sha256:e3706a57c66310db92797c59dcc691a7a9a9a8b23ff89f9eacc5c407fdecd5a8 b1d366bd
[040.attest-published-images/attest-ghcr-io-miciav-nanofaas-java-lite-roman-numeral-sha256-e3706a57c66310db92797c59dcc691a7a9a9a8b23ff89f9eacc5c407fdecd5a8-b1d366bd/syft-sbom-ghcr-io-miciav-nanofaas-java-lite-roman-numeral-sha256-e3706a57c66310db92797c59dcc691a7a9a9a8b23ff89f9eacc5c407fdecd5a8] running  Syft SBOM ghcr.io/miciav/nanofaas/java-lite-roman-numeral@sha256:e3706a57c66310db92797c59dcc691a7a9a9a8b23ff89f9eacc5c407fdecd5a8
[040.attest-published-images/attest-ghcr-io-miciav-nanofaas-java-lite-roman-numeral-sha256-e3706a57c66310db92797c59dcc691a7a9a9a8b23ff89f9eacc5c407fdecd5a8-b1d366bd/syft-sbom-ghcr-io-miciav-nanofaas-java-lite-roman-numeral-sha256-e3706a57c66310db92797c59dcc691a7a9a9a8b23ff89f9eacc5c407fdecd5a8] passed   10.0s
[040.attest-published-images/attest-ghcr-io-miciav-nanofaas-java-lite-roman-numeral-sha256-e3706a57c66310db92797c59dcc691a7a9a9a8b23ff89f9eacc5c407fdecd5a8-b1d366bd/cosign-sign-ghcr-io-miciav-nanofaas-java-lite-roman-numeral-sha256-e3706a57c66310db92797c59dcc691a7a9a9a8b23ff89f9eacc5c407fdecd5a8] running  cosign sign ghcr.io/miciav/nanofaas/java-lite-roman-numeral@sha256:e3706a57c66310db92797c59dcc691a7a9a9a8b23ff89f9eacc5c407fdecd5a8
[040.attest-published-images/attest-ghcr-io-miciav-nanofaas-java-lite-roman-numeral-sha256-e3706a57c66310db92797c59dcc691a7a9a9a8b23ff89f9eacc5c407fdecd5a8-b1d366bd/cosign-sign-ghcr-io-miciav-nanofaas-java-lite-roman-numeral-sha256-e3706a57c66310db92797c59dcc691a7a9a9a8b23ff89f9eacc5c407fdecd5a8] passed   5.4s
[040.attest-published-images/attest-ghcr-io-miciav-nanofaas-java-lite-roman-numeral-sha256-e3706a57c66310db92797c59dcc691a7a9a9a8b23ff89f9eacc5c407fdecd5a8-b1d366bd/cosign-attest-ghcr-io-miciav-nanofaas-java-lite-roman-numeral-sha256-e3706a57c66310db92797c59dcc691a7a9a9a8b23ff89f9eacc5c407fdecd5a8] running  cosign attest ghcr.io/miciav/nanofaas/java-lite-roman-numeral@sha256:e3706a57c66310db92797c59dcc691a7a9a9a8b23ff89f9eacc5c407fdecd5a8
[040.attest-published-images/attest-ghcr-io-miciav-nanofaas-java-lite-roman-numeral-sha256-e3706a57c66310db92797c59dcc691a7a9a9a8b23ff89f9eacc5c407fdecd5a8-b1d366bd/cosign-attest-ghcr-io-miciav-nanofaas-java-lite-roman-numeral-sha256-e3706a57c66310db92797c59dcc691a7a9a9a8b23ff89f9eacc5c407fdecd5a8] passed   6.0s
[040.attest-published-images/attest-ghcr-io-miciav-nanofaas-java-lite-roman-numeral-sha256-e3706a57c66310db92797c59dcc691a7a9a9a8b23ff89f9eacc5c407fdecd5a8-b1d366bd/cosign-attach-sbom-ghcr-io-miciav-nanofaas-java-lite-roman-numeral-sha256-e3706a57c66310db92797c59dcc691a7a9a9a8b23ff89f9eacc5c407fdecd5a8] running  cosign attach sbom ghcr.io/miciav/nanofaas/java-lite-roman-numeral@sha256:e3706a57c66310db92797c59dcc691a7a9a9a8b23ff89f9eacc5c407fdecd5a8
[040.attest-published-images/attest-ghcr-io-miciav-nanofaas-java-lite-roman-numeral-sha256-e3706a57c66310db92797c59dcc691a7a9a9a8b23ff89f9eacc5c407fdecd5a8-b1d366bd/cosign-attach-sbom-ghcr-io-miciav-nanofaas-java-lite-roman-numeral-sha256-e3706a57c66310db92797c59dcc691a7a9a9a8b23ff89f9eacc5c407fdecd5a8] passed   4.9s
[040.attest-published-images/attest-ghcr-io-miciav-nanofaas-java-lite-roman-numeral-sha256-e3706a57c66310db92797c59dcc691a7a9a9a8b23ff89f9eacc5c407fdecd5a8-b1d366bd/cosign-verify-ghcr-io-miciav-nanofaas-java-lite-roman-numeral-sha256-e3706a57c66310db92797c59dcc691a7a9a9a8b23ff89f9eacc5c407fdecd5a8] running  cosign verify ghcr.io/miciav/nanofaas/java-lite-roman-numeral@sha256:e3706a57c66310db92797c59dcc691a7a9a9a8b23ff89f9eacc5c407fdecd5a8
[040.attest-published-images/attest-ghcr-io-miciav-nanofaas-java-lite-roman-numeral-sha256-e3706a57c66310db92797c59dcc691a7a9a9a8b23ff89f9eacc5c407fdecd5a8-b1d366bd/cosign-verify-ghcr-io-miciav-nanofaas-java-lite-roman-numeral-sha256-e3706a57c66310db92797c59dcc691a7a9a9a8b23ff89f9eacc5c407fdecd5a8] passed   3.2s
[040.attest-published-images/attest-ghcr-io-miciav-nanofaas-java-lite-roman-numeral-sha256-e3706a57c66310db92797c59dcc691a7a9a9a8b23ff89f9eacc5c407fdecd5a8-b1d366bd/cosign-verify-attestation-ghcr-io-miciav-nanofaas-java-lite-roman-numeral-sha256-e3706a57c66310db92797c59dcc691a7a9a9a8b23ff89f9eacc5c407fdecd5a8] running  cosign verify-attestation ghcr.io/miciav/nanofaas/java-lite-roman-numeral@sha256:e3706a57c66310db92797c59dcc691a7a9a9a8b23ff89f9eacc5c407fdecd5a8
[040.attest-published-images/attest-ghcr-io-miciav-nanofaas-java-lite-roman-numeral-sha256-e3706a57c66310db92797c59dcc691a7a9a9a8b23ff89f9eacc5c407fdecd5a8-b1d366bd/cosign-verify-attestation-ghcr-io-miciav-nanofaas-java-lite-roman-numeral-sha256-e3706a57c66310db92797c59dcc691a7a9a9a8b23ff89f9eacc5c407fdecd5a8] passed   3.5s
[040.attest-published-images/attest-ghcr-io-miciav-nanofaas-java-lite-roman-numeral-sha256-e3706a57c66310db92797c59dcc691a7a9a9a8b23ff89f9eacc5c407fdecd5a8-b1d366bd] passed   33.1s
[040.attest-published-images/attest-ghcr-io-miciav-nanofaas-java-lite-word-stats-sha256-ef7ac657394d341af284dc8f96776868e17bc12b5f3a67e0790802f43b0ee965-a41bb4ed] running  Attest ghcr.io/miciav/nanofaas/java-lite-word-stats@sha256:ef7ac657394d341af284dc8f96776868e17bc12b5f3a67e0790802f43b0ee965 a41bb4ed
[040.attest-published-images/attest-ghcr-io-miciav-nanofaas-java-lite-word-stats-sha256-ef7ac657394d341af284dc8f96776868e17bc12b5f3a67e0790802f43b0ee965-a41bb4ed/syft-sbom-ghcr-io-miciav-nanofaas-java-lite-word-stats-sha256-ef7ac657394d341af284dc8f96776868e17bc12b5f3a67e0790802f43b0ee965] running  Syft SBOM ghcr.io/miciav/nanofaas/java-lite-word-stats@sha256:ef7ac657394d341af284dc8f96776868e17bc12b5f3a67e0790802f43b0ee965
[040.attest-published-images/attest-ghcr-io-miciav-nanofaas-java-lite-word-stats-sha256-ef7ac657394d341af284dc8f96776868e17bc12b5f3a67e0790802f43b0ee965-a41bb4ed/syft-sbom-ghcr-io-miciav-nanofaas-java-lite-word-stats-sha256-ef7ac657394d341af284dc8f96776868e17bc12b5f3a67e0790802f43b0ee965] passed   7.6s
[040.attest-published-images/attest-ghcr-io-miciav-nanofaas-java-lite-word-stats-sha256-ef7ac657394d341af284dc8f96776868e17bc12b5f3a67e0790802f43b0ee965-a41bb4ed/cosign-sign-ghcr-io-miciav-nanofaas-java-lite-word-stats-sha256-ef7ac657394d341af284dc8f96776868e17bc12b5f3a67e0790802f43b0ee965] running  cosign sign ghcr.io/miciav/nanofaas/java-lite-word-stats@sha256:ef7ac657394d341af284dc8f96776868e17bc12b5f3a67e0790802f43b0ee965
[040.attest-published-images/attest-ghcr-io-miciav-nanofaas-java-lite-word-stats-sha256-ef7ac657394d341af284dc8f96776868e17bc12b5f3a67e0790802f43b0ee965-a41bb4ed/cosign-sign-ghcr-io-miciav-nanofaas-java-lite-word-stats-sha256-ef7ac657394d341af284dc8f96776868e17bc12b5f3a67e0790802f43b0ee965] passed   5.9s
[040.attest-published-images/attest-ghcr-io-miciav-nanofaas-java-lite-word-stats-sha256-ef7ac657394d341af284dc8f96776868e17bc12b5f3a67e0790802f43b0ee965-a41bb4ed/cosign-attest-ghcr-io-miciav-nanofaas-java-lite-word-stats-sha256-ef7ac657394d341af284dc8f96776868e17bc12b5f3a67e0790802f43b0ee965] running  cosign attest ghcr.io/miciav/nanofaas/java-lite-word-stats@sha256:ef7ac657394d341af284dc8f96776868e17bc12b5f3a67e0790802f43b0ee965
[040.attest-published-images/attest-ghcr-io-miciav-nanofaas-java-lite-word-stats-sha256-ef7ac657394d341af284dc8f96776868e17bc12b5f3a67e0790802f43b0ee965-a41bb4ed/cosign-attest-ghcr-io-miciav-nanofaas-java-lite-word-stats-sha256-ef7ac657394d341af284dc8f96776868e17bc12b5f3a67e0790802f43b0ee965] passed   5.0s
[040.attest-published-images/attest-ghcr-io-miciav-nanofaas-java-lite-word-stats-sha256-ef7ac657394d341af284dc8f96776868e17bc12b5f3a67e0790802f43b0ee965-a41bb4ed/cosign-attach-sbom-ghcr-io-miciav-nanofaas-java-lite-word-stats-sha256-ef7ac657394d341af284dc8f96776868e17bc12b5f3a67e0790802f43b0ee965] running  cosign attach sbom ghcr.io/miciav/nanofaas/java-lite-word-stats@sha256:ef7ac657394d341af284dc8f96776868e17bc12b5f3a67e0790802f43b0ee965
[040.attest-published-images/attest-ghcr-io-miciav-nanofaas-java-lite-word-stats-sha256-ef7ac657394d341af284dc8f96776868e17bc12b5f3a67e0790802f43b0ee965-a41bb4ed/cosign-attach-sbom-ghcr-io-miciav-nanofaas-java-lite-word-stats-sha256-ef7ac657394d341af284dc8f96776868e17bc12b5f3a67e0790802f43b0ee965] passed   4.6s
[040.attest-published-images/attest-ghcr-io-miciav-nanofaas-java-lite-word-stats-sha256-ef7ac657394d341af284dc8f96776868e17bc12b5f3a67e0790802f43b0ee965-a41bb4ed/cosign-verify-ghcr-io-miciav-nanofaas-java-lite-word-stats-sha256-ef7ac657394d341af284dc8f96776868e17bc12b5f3a67e0790802f43b0ee965] running  cosign verify ghcr.io/miciav/nanofaas/java-lite-word-stats@sha256:ef7ac657394d341af284dc8f96776868e17bc12b5f3a67e0790802f43b0ee965
[040.attest-published-images/attest-ghcr-io-miciav-nanofaas-java-lite-word-stats-sha256-ef7ac657394d341af284dc8f96776868e17bc12b5f3a67e0790802f43b0ee965-a41bb4ed/cosign-verify-ghcr-io-miciav-nanofaas-java-lite-word-stats-sha256-ef7ac657394d341af284dc8f96776868e17bc12b5f3a67e0790802f43b0ee965] passed   2.9s
[040.attest-published-images/attest-ghcr-io-miciav-nanofaas-java-lite-word-stats-sha256-ef7ac657394d341af284dc8f96776868e17bc12b5f3a67e0790802f43b0ee965-a41bb4ed/cosign-verify-attestation-ghcr-io-miciav-nanofaas-java-lite-word-stats-sha256-ef7ac657394d341af284dc8f96776868e17bc12b5f3a67e0790802f43b0ee965] running  cosign verify-attestation ghcr.io/miciav/nanofaas/java-lite-word-stats@sha256:ef7ac657394d341af284dc8f96776868e17bc12b5f3a67e0790802f43b0ee965
[040.attest-published-images/attest-ghcr-io-miciav-nanofaas-java-lite-word-stats-sha256-ef7ac657394d341af284dc8f96776868e17bc12b5f3a67e0790802f43b0ee965-a41bb4ed/cosign-verify-attestation-ghcr-io-miciav-nanofaas-java-lite-word-stats-sha256-ef7ac657394d341af284dc8f96776868e17bc12b5f3a67e0790802f43b0ee965] passed   3.2s
[040.attest-published-images/attest-ghcr-io-miciav-nanofaas-java-lite-word-stats-sha256-ef7ac657394d341af284dc8f96776868e17bc12b5f3a67e0790802f43b0ee965-a41bb4ed] passed   29.3s
[040.attest-published-images/attest-ghcr-io-miciav-nanofaas-java-lite-word-stats-sha256-94b2fd04784703ca47a3393262ad1643f1333ca8385c0e68e72160e801196adb-929d3fda] running  Attest ghcr.io/miciav/nanofaas/java-lite-word-stats@sha256:94b2fd04784703ca47a3393262ad1643f1333ca8385c0e68e72160e801196adb 929d3fda
[040.attest-published-images/attest-ghcr-io-miciav-nanofaas-java-lite-word-stats-sha256-94b2fd04784703ca47a3393262ad1643f1333ca8385c0e68e72160e801196adb-929d3fda/syft-sbom-ghcr-io-miciav-nanofaas-java-lite-word-stats-sha256-94b2fd04784703ca47a3393262ad1643f1333ca8385c0e68e72160e801196adb] running  Syft SBOM ghcr.io/miciav/nanofaas/java-lite-word-stats@sha256:94b2fd04784703ca47a3393262ad1643f1333ca8385c0e68e72160e801196adb
[040.attest-published-images/attest-ghcr-io-miciav-nanofaas-java-lite-word-stats-sha256-94b2fd04784703ca47a3393262ad1643f1333ca8385c0e68e72160e801196adb-929d3fda/syft-sbom-ghcr-io-miciav-nanofaas-java-lite-word-stats-sha256-94b2fd04784703ca47a3393262ad1643f1333ca8385c0e68e72160e801196adb] passed   6.9s
[040.attest-published-images/attest-ghcr-io-miciav-nanofaas-java-lite-word-stats-sha256-94b2fd04784703ca47a3393262ad1643f1333ca8385c0e68e72160e801196adb-929d3fda/cosign-sign-ghcr-io-miciav-nanofaas-java-lite-word-stats-sha256-94b2fd04784703ca47a3393262ad1643f1333ca8385c0e68e72160e801196adb] running  cosign sign ghcr.io/miciav/nanofaas/java-lite-word-stats@sha256:94b2fd04784703ca47a3393262ad1643f1333ca8385c0e68e72160e801196adb
[040.attest-published-images/attest-ghcr-io-miciav-nanofaas-java-lite-word-stats-sha256-94b2fd04784703ca47a3393262ad1643f1333ca8385c0e68e72160e801196adb-929d3fda/cosign-sign-ghcr-io-miciav-nanofaas-java-lite-word-stats-sha256-94b2fd04784703ca47a3393262ad1643f1333ca8385c0e68e72160e801196adb] passed   5.8s
[040.attest-published-images/attest-ghcr-io-miciav-nanofaas-java-lite-word-stats-sha256-94b2fd04784703ca47a3393262ad1643f1333ca8385c0e68e72160e801196adb-929d3fda/cosign-attest-ghcr-io-miciav-nanofaas-java-lite-word-stats-sha256-94b2fd04784703ca47a3393262ad1643f1333ca8385c0e68e72160e801196adb] running  cosign attest ghcr.io/miciav/nanofaas/java-lite-word-stats@sha256:94b2fd04784703ca47a3393262ad1643f1333ca8385c0e68e72160e801196adb
[040.attest-published-images/attest-ghcr-io-miciav-nanofaas-java-lite-word-stats-sha256-94b2fd04784703ca47a3393262ad1643f1333ca8385c0e68e72160e801196adb-929d3fda/cosign-attest-ghcr-io-miciav-nanofaas-java-lite-word-stats-sha256-94b2fd04784703ca47a3393262ad1643f1333ca8385c0e68e72160e801196adb] passed   5.4s
[040.attest-published-images/attest-ghcr-io-miciav-nanofaas-java-lite-word-stats-sha256-94b2fd04784703ca47a3393262ad1643f1333ca8385c0e68e72160e801196adb-929d3fda/cosign-attach-sbom-ghcr-io-miciav-nanofaas-java-lite-word-stats-sha256-94b2fd04784703ca47a3393262ad1643f1333ca8385c0e68e72160e801196adb] running  cosign attach sbom ghcr.io/miciav/nanofaas/java-lite-word-stats@sha256:94b2fd04784703ca47a3393262ad1643f1333ca8385c0e68e72160e801196adb
[040.attest-published-images/attest-ghcr-io-miciav-nanofaas-java-lite-word-stats-sha256-94b2fd04784703ca47a3393262ad1643f1333ca8385c0e68e72160e801196adb-929d3fda/cosign-attach-sbom-ghcr-io-miciav-nanofaas-java-lite-word-stats-sha256-94b2fd04784703ca47a3393262ad1643f1333ca8385c0e68e72160e801196adb] passed   5.0s
[040.attest-published-images/attest-ghcr-io-miciav-nanofaas-java-lite-word-stats-sha256-94b2fd04784703ca47a3393262ad1643f1333ca8385c0e68e72160e801196adb-929d3fda/cosign-verify-ghcr-io-miciav-nanofaas-java-lite-word-stats-sha256-94b2fd04784703ca47a3393262ad1643f1333ca8385c0e68e72160e801196adb] running  cosign verify ghcr.io/miciav/nanofaas/java-lite-word-stats@sha256:94b2fd04784703ca47a3393262ad1643f1333ca8385c0e68e72160e801196adb
[040.attest-published-images/attest-ghcr-io-miciav-nanofaas-java-lite-word-stats-sha256-94b2fd04784703ca47a3393262ad1643f1333ca8385c0e68e72160e801196adb-929d3fda/cosign-verify-ghcr-io-miciav-nanofaas-java-lite-word-stats-sha256-94b2fd04784703ca47a3393262ad1643f1333ca8385c0e68e72160e801196adb] passed   3.3s
[040.attest-published-images/attest-ghcr-io-miciav-nanofaas-java-lite-word-stats-sha256-94b2fd04784703ca47a3393262ad1643f1333ca8385c0e68e72160e801196adb-929d3fda/cosign-verify-attestation-ghcr-io-miciav-nanofaas-java-lite-word-stats-sha256-94b2fd04784703ca47a3393262ad1643f1333ca8385c0e68e72160e801196adb] running  cosign verify-attestation ghcr.io/miciav/nanofaas/java-lite-word-stats@sha256:94b2fd04784703ca47a3393262ad1643f1333ca8385c0e68e72160e801196adb
[040.attest-published-images/attest-ghcr-io-miciav-nanofaas-java-lite-word-stats-sha256-94b2fd04784703ca47a3393262ad1643f1333ca8385c0e68e72160e801196adb-929d3fda/cosign-verify-attestation-ghcr-io-miciav-nanofaas-java-lite-word-stats-sha256-94b2fd04784703ca47a3393262ad1643f1333ca8385c0e68e72160e801196adb] passed   3.2s
[040.attest-published-images/attest-ghcr-io-miciav-nanofaas-java-lite-word-stats-sha256-94b2fd04784703ca47a3393262ad1643f1333ca8385c0e68e72160e801196adb-929d3fda] passed   29.6s
[040.attest-published-images/attest-ghcr-io-miciav-nanofaas-java-lite-word-stats-sha256-06ea21faebcd5b5669c186da9a4e56fa724b586c71717a1b97b145081d6a22d5-3e9ffda9] running  Attest ghcr.io/miciav/nanofaas/java-lite-word-stats@sha256:06ea21faebcd5b5669c186da9a4e56fa724b586c71717a1b97b145081d6a22d5 3e9ffda9
[040.attest-published-images/attest-ghcr-io-miciav-nanofaas-java-lite-word-stats-sha256-06ea21faebcd5b5669c186da9a4e56fa724b586c71717a1b97b145081d6a22d5-3e9ffda9/syft-sbom-ghcr-io-miciav-nanofaas-java-lite-word-stats-sha256-06ea21faebcd5b5669c186da9a4e56fa724b586c71717a1b97b145081d6a22d5] running  Syft SBOM ghcr.io/miciav/nanofaas/java-lite-word-stats@sha256:06ea21faebcd5b5669c186da9a4e56fa724b586c71717a1b97b145081d6a22d5
[040.attest-published-images/attest-ghcr-io-miciav-nanofaas-java-lite-word-stats-sha256-06ea21faebcd5b5669c186da9a4e56fa724b586c71717a1b97b145081d6a22d5-3e9ffda9/syft-sbom-ghcr-io-miciav-nanofaas-java-lite-word-stats-sha256-06ea21faebcd5b5669c186da9a4e56fa724b586c71717a1b97b145081d6a22d5] passed   8.1s
[040.attest-published-images/attest-ghcr-io-miciav-nanofaas-java-lite-word-stats-sha256-06ea21faebcd5b5669c186da9a4e56fa724b586c71717a1b97b145081d6a22d5-3e9ffda9/cosign-sign-ghcr-io-miciav-nanofaas-java-lite-word-stats-sha256-06ea21faebcd5b5669c186da9a4e56fa724b586c71717a1b97b145081d6a22d5] running  cosign sign ghcr.io/miciav/nanofaas/java-lite-word-stats@sha256:06ea21faebcd5b5669c186da9a4e56fa724b586c71717a1b97b145081d6a22d5
[040.attest-published-images/attest-ghcr-io-miciav-nanofaas-java-lite-word-stats-sha256-06ea21faebcd5b5669c186da9a4e56fa724b586c71717a1b97b145081d6a22d5-3e9ffda9/cosign-sign-ghcr-io-miciav-nanofaas-java-lite-word-stats-sha256-06ea21faebcd5b5669c186da9a4e56fa724b586c71717a1b97b145081d6a22d5] passed   5.3s
[040.attest-published-images/attest-ghcr-io-miciav-nanofaas-java-lite-word-stats-sha256-06ea21faebcd5b5669c186da9a4e56fa724b586c71717a1b97b145081d6a22d5-3e9ffda9/cosign-attest-ghcr-io-miciav-nanofaas-java-lite-word-stats-sha256-06ea21faebcd5b5669c186da9a4e56fa724b586c71717a1b97b145081d6a22d5] running  cosign attest ghcr.io/miciav/nanofaas/java-lite-word-stats@sha256:06ea21faebcd5b5669c186da9a4e56fa724b586c71717a1b97b145081d6a22d5
[040.attest-published-images/attest-ghcr-io-miciav-nanofaas-java-lite-word-stats-sha256-06ea21faebcd5b5669c186da9a4e56fa724b586c71717a1b97b145081d6a22d5-3e9ffda9/cosign-attest-ghcr-io-miciav-nanofaas-java-lite-word-stats-sha256-06ea21faebcd5b5669c186da9a4e56fa724b586c71717a1b97b145081d6a22d5] passed   5.0s
[040.attest-published-images/attest-ghcr-io-miciav-nanofaas-java-lite-word-stats-sha256-06ea21faebcd5b5669c186da9a4e56fa724b586c71717a1b97b145081d6a22d5-3e9ffda9/cosign-attach-sbom-ghcr-io-miciav-nanofaas-java-lite-word-stats-sha256-06ea21faebcd5b5669c186da9a4e56fa724b586c71717a1b97b145081d6a22d5] running  cosign attach sbom ghcr.io/miciav/nanofaas/java-lite-word-stats@sha256:06ea21faebcd5b5669c186da9a4e56fa724b586c71717a1b97b145081d6a22d5
[040.attest-published-images/attest-ghcr-io-miciav-nanofaas-java-lite-word-stats-sha256-06ea21faebcd5b5669c186da9a4e56fa724b586c71717a1b97b145081d6a22d5-3e9ffda9/cosign-attach-sbom-ghcr-io-miciav-nanofaas-java-lite-word-stats-sha256-06ea21faebcd5b5669c186da9a4e56fa724b586c71717a1b97b145081d6a22d5] passed   4.3s
[040.attest-published-images/attest-ghcr-io-miciav-nanofaas-java-lite-word-stats-sha256-06ea21faebcd5b5669c186da9a4e56fa724b586c71717a1b97b145081d6a22d5-3e9ffda9/cosign-verify-ghcr-io-miciav-nanofaas-java-lite-word-stats-sha256-06ea21faebcd5b5669c186da9a4e56fa724b586c71717a1b97b145081d6a22d5] running  cosign verify ghcr.io/miciav/nanofaas/java-lite-word-stats@sha256:06ea21faebcd5b5669c186da9a4e56fa724b586c71717a1b97b145081d6a22d5
[040.attest-published-images/attest-ghcr-io-miciav-nanofaas-java-lite-word-stats-sha256-06ea21faebcd5b5669c186da9a4e56fa724b586c71717a1b97b145081d6a22d5-3e9ffda9/cosign-verify-ghcr-io-miciav-nanofaas-java-lite-word-stats-sha256-06ea21faebcd5b5669c186da9a4e56fa724b586c71717a1b97b145081d6a22d5] passed   3.0s
[040.attest-published-images/attest-ghcr-io-miciav-nanofaas-java-lite-word-stats-sha256-06ea21faebcd5b5669c186da9a4e56fa724b586c71717a1b97b145081d6a22d5-3e9ffda9/cosign-verify-attestation-ghcr-io-miciav-nanofaas-java-lite-word-stats-sha256-06ea21faebcd5b5669c186da9a4e56fa724b586c71717a1b97b145081d6a22d5] running  cosign verify-attestation ghcr.io/miciav/nanofaas/java-lite-word-stats@sha256:06ea21faebcd5b5669c186da9a4e56fa724b586c71717a1b97b145081d6a22d5
[040.attest-published-images/attest-ghcr-io-miciav-nanofaas-java-lite-word-stats-sha256-06ea21faebcd5b5669c186da9a4e56fa724b586c71717a1b97b145081d6a22d5-3e9ffda9/cosign-verify-attestation-ghcr-io-miciav-nanofaas-java-lite-word-stats-sha256-06ea21faebcd5b5669c186da9a4e56fa724b586c71717a1b97b145081d6a22d5] passed   3.3s
[040.attest-published-images/attest-ghcr-io-miciav-nanofaas-java-lite-word-stats-sha256-06ea21faebcd5b5669c186da9a4e56fa724b586c71717a1b97b145081d6a22d5-3e9ffda9] passed   29.0s
[040.attest-published-images/attest-ghcr-io-miciav-nanofaas-java-roman-numeral-sha256-93e5e53fabc7b685fffc52de4b249ac40d2d9435cd2bc69c2ca111baf870e7d8-c7304198] running  Attest ghcr.io/miciav/nanofaas/java-roman-numeral@sha256:93e5e53fabc7b685fffc52de4b249ac40d2d9435cd2bc69c2ca111baf870e7d8 c7304198
[040.attest-published-images/attest-ghcr-io-miciav-nanofaas-java-roman-numeral-sha256-93e5e53fabc7b685fffc52de4b249ac40d2d9435cd2bc69c2ca111baf870e7d8-c7304198/syft-sbom-ghcr-io-miciav-nanofaas-java-roman-numeral-sha256-93e5e53fabc7b685fffc52de4b249ac40d2d9435cd2bc69c2ca111baf870e7d8] running  Syft SBOM ghcr.io/miciav/nanofaas/java-roman-numeral@sha256:93e5e53fabc7b685fffc52de4b249ac40d2d9435cd2bc69c2ca111baf870e7d8
[040.attest-published-images/attest-ghcr-io-miciav-nanofaas-java-roman-numeral-sha256-93e5e53fabc7b685fffc52de4b249ac40d2d9435cd2bc69c2ca111baf870e7d8-c7304198/syft-sbom-ghcr-io-miciav-nanofaas-java-roman-numeral-sha256-93e5e53fabc7b685fffc52de4b249ac40d2d9435cd2bc69c2ca111baf870e7d8] passed   11.3s
[040.attest-published-images/attest-ghcr-io-miciav-nanofaas-java-roman-numeral-sha256-93e5e53fabc7b685fffc52de4b249ac40d2d9435cd2bc69c2ca111baf870e7d8-c7304198/cosign-sign-ghcr-io-miciav-nanofaas-java-roman-numeral-sha256-93e5e53fabc7b685fffc52de4b249ac40d2d9435cd2bc69c2ca111baf870e7d8] running  cosign sign ghcr.io/miciav/nanofaas/java-roman-numeral@sha256:93e5e53fabc7b685fffc52de4b249ac40d2d9435cd2bc69c2ca111baf870e7d8
[040.attest-published-images/attest-ghcr-io-miciav-nanofaas-java-roman-numeral-sha256-93e5e53fabc7b685fffc52de4b249ac40d2d9435cd2bc69c2ca111baf870e7d8-c7304198/cosign-sign-ghcr-io-miciav-nanofaas-java-roman-numeral-sha256-93e5e53fabc7b685fffc52de4b249ac40d2d9435cd2bc69c2ca111baf870e7d8] passed   5.6s
[040.attest-published-images/attest-ghcr-io-miciav-nanofaas-java-roman-numeral-sha256-93e5e53fabc7b685fffc52de4b249ac40d2d9435cd2bc69c2ca111baf870e7d8-c7304198/cosign-attest-ghcr-io-miciav-nanofaas-java-roman-numeral-sha256-93e5e53fabc7b685fffc52de4b249ac40d2d9435cd2bc69c2ca111baf870e7d8] running  cosign attest ghcr.io/miciav/nanofaas/java-roman-numeral@sha256:93e5e53fabc7b685fffc52de4b249ac40d2d9435cd2bc69c2ca111baf870e7d8
[040.attest-published-images/attest-ghcr-io-miciav-nanofaas-java-roman-numeral-sha256-93e5e53fabc7b685fffc52de4b249ac40d2d9435cd2bc69c2ca111baf870e7d8-c7304198/cosign-attest-ghcr-io-miciav-nanofaas-java-roman-numeral-sha256-93e5e53fabc7b685fffc52de4b249ac40d2d9435cd2bc69c2ca111baf870e7d8] passed   5.7s
[040.attest-published-images/attest-ghcr-io-miciav-nanofaas-java-roman-numeral-sha256-93e5e53fabc7b685fffc52de4b249ac40d2d9435cd2bc69c2ca111baf870e7d8-c7304198/cosign-attach-sbom-ghcr-io-miciav-nanofaas-java-roman-numeral-sha256-93e5e53fabc7b685fffc52de4b249ac40d2d9435cd2bc69c2ca111baf870e7d8] running  cosign attach sbom ghcr.io/miciav/nanofaas/java-roman-numeral@sha256:93e5e53fabc7b685fffc52de4b249ac40d2d9435cd2bc69c2ca111baf870e7d8
[040.attest-published-images/attest-ghcr-io-miciav-nanofaas-java-roman-numeral-sha256-93e5e53fabc7b685fffc52de4b249ac40d2d9435cd2bc69c2ca111baf870e7d8-c7304198/cosign-attach-sbom-ghcr-io-miciav-nanofaas-java-roman-numeral-sha256-93e5e53fabc7b685fffc52de4b249ac40d2d9435cd2bc69c2ca111baf870e7d8] passed   4.6s
[040.attest-published-images/attest-ghcr-io-miciav-nanofaas-java-roman-numeral-sha256-93e5e53fabc7b685fffc52de4b249ac40d2d9435cd2bc69c2ca111baf870e7d8-c7304198/cosign-verify-ghcr-io-miciav-nanofaas-java-roman-numeral-sha256-93e5e53fabc7b685fffc52de4b249ac40d2d9435cd2bc69c2ca111baf870e7d8] running  cosign verify ghcr.io/miciav/nanofaas/java-roman-numeral@sha256:93e5e53fabc7b685fffc52de4b249ac40d2d9435cd2bc69c2ca111baf870e7d8
[040.attest-published-images/attest-ghcr-io-miciav-nanofaas-java-roman-numeral-sha256-93e5e53fabc7b685fffc52de4b249ac40d2d9435cd2bc69c2ca111baf870e7d8-c7304198/cosign-verify-ghcr-io-miciav-nanofaas-java-roman-numeral-sha256-93e5e53fabc7b685fffc52de4b249ac40d2d9435cd2bc69c2ca111baf870e7d8] passed   3.2s
[040.attest-published-images/attest-ghcr-io-miciav-nanofaas-java-roman-numeral-sha256-93e5e53fabc7b685fffc52de4b249ac40d2d9435cd2bc69c2ca111baf870e7d8-c7304198/cosign-verify-attestation-ghcr-io-miciav-nanofaas-java-roman-numeral-sha256-93e5e53fabc7b685fffc52de4b249ac40d2d9435cd2bc69c2ca111baf870e7d8] running  cosign verify-attestation ghcr.io/miciav/nanofaas/java-roman-numeral@sha256:93e5e53fabc7b685fffc52de4b249ac40d2d9435cd2bc69c2ca111baf870e7d8
[040.attest-published-images/attest-ghcr-io-miciav-nanofaas-java-roman-numeral-sha256-93e5e53fabc7b685fffc52de4b249ac40d2d9435cd2bc69c2ca111baf870e7d8-c7304198/cosign-verify-attestation-ghcr-io-miciav-nanofaas-java-roman-numeral-sha256-93e5e53fabc7b685fffc52de4b249ac40d2d9435cd2bc69c2ca111baf870e7d8] passed   3.8s
[040.attest-published-images/attest-ghcr-io-miciav-nanofaas-java-roman-numeral-sha256-93e5e53fabc7b685fffc52de4b249ac40d2d9435cd2bc69c2ca111baf870e7d8-c7304198] passed   34.3s
[040.attest-published-images/attest-ghcr-io-miciav-nanofaas-java-roman-numeral-sha256-bdaeec468caf565d8f13692353151d46867e69ec09c1ea38569407652fdd5b82-e67b8dcb] running  Attest ghcr.io/miciav/nanofaas/java-roman-numeral@sha256:bdaeec468caf565d8f13692353151d46867e69ec09c1ea38569407652fdd5b82 e67b8dcb
[040.attest-published-images/attest-ghcr-io-miciav-nanofaas-java-roman-numeral-sha256-bdaeec468caf565d8f13692353151d46867e69ec09c1ea38569407652fdd5b82-e67b8dcb/syft-sbom-ghcr-io-miciav-nanofaas-java-roman-numeral-sha256-bdaeec468caf565d8f13692353151d46867e69ec09c1ea38569407652fdd5b82] running  Syft SBOM ghcr.io/miciav/nanofaas/java-roman-numeral@sha256:bdaeec468caf565d8f13692353151d46867e69ec09c1ea38569407652fdd5b82
[040.attest-published-images/attest-ghcr-io-miciav-nanofaas-java-roman-numeral-sha256-bdaeec468caf565d8f13692353151d46867e69ec09c1ea38569407652fdd5b82-e67b8dcb/syft-sbom-ghcr-io-miciav-nanofaas-java-roman-numeral-sha256-bdaeec468caf565d8f13692353151d46867e69ec09c1ea38569407652fdd5b82] passed   19.4s
[040.attest-published-images/attest-ghcr-io-miciav-nanofaas-java-roman-numeral-sha256-bdaeec468caf565d8f13692353151d46867e69ec09c1ea38569407652fdd5b82-e67b8dcb/cosign-sign-ghcr-io-miciav-nanofaas-java-roman-numeral-sha256-bdaeec468caf565d8f13692353151d46867e69ec09c1ea38569407652fdd5b82] running  cosign sign ghcr.io/miciav/nanofaas/java-roman-numeral@sha256:bdaeec468caf565d8f13692353151d46867e69ec09c1ea38569407652fdd5b82
[040.attest-published-images/attest-ghcr-io-miciav-nanofaas-java-roman-numeral-sha256-bdaeec468caf565d8f13692353151d46867e69ec09c1ea38569407652fdd5b82-e67b8dcb/cosign-sign-ghcr-io-miciav-nanofaas-java-roman-numeral-sha256-bdaeec468caf565d8f13692353151d46867e69ec09c1ea38569407652fdd5b82] passed   5.6s
[040.attest-published-images/attest-ghcr-io-miciav-nanofaas-java-roman-numeral-sha256-bdaeec468caf565d8f13692353151d46867e69ec09c1ea38569407652fdd5b82-e67b8dcb/cosign-attest-ghcr-io-miciav-nanofaas-java-roman-numeral-sha256-bdaeec468caf565d8f13692353151d46867e69ec09c1ea38569407652fdd5b82] running  cosign attest ghcr.io/miciav/nanofaas/java-roman-numeral@sha256:bdaeec468caf565d8f13692353151d46867e69ec09c1ea38569407652fdd5b82
[040.attest-published-images/attest-ghcr-io-miciav-nanofaas-java-roman-numeral-sha256-bdaeec468caf565d8f13692353151d46867e69ec09c1ea38569407652fdd5b82-e67b8dcb/cosign-attest-ghcr-io-miciav-nanofaas-java-roman-numeral-sha256-bdaeec468caf565d8f13692353151d46867e69ec09c1ea38569407652fdd5b82] passed   5.3s
[040.attest-published-images/attest-ghcr-io-miciav-nanofaas-java-roman-numeral-sha256-bdaeec468caf565d8f13692353151d46867e69ec09c1ea38569407652fdd5b82-e67b8dcb/cosign-attach-sbom-ghcr-io-miciav-nanofaas-java-roman-numeral-sha256-bdaeec468caf565d8f13692353151d46867e69ec09c1ea38569407652fdd5b82] running  cosign attach sbom ghcr.io/miciav/nanofaas/java-roman-numeral@sha256:bdaeec468caf565d8f13692353151d46867e69ec09c1ea38569407652fdd5b82
[040.attest-published-images/attest-ghcr-io-miciav-nanofaas-java-roman-numeral-sha256-bdaeec468caf565d8f13692353151d46867e69ec09c1ea38569407652fdd5b82-e67b8dcb/cosign-attach-sbom-ghcr-io-miciav-nanofaas-java-roman-numeral-sha256-bdaeec468caf565d8f13692353151d46867e69ec09c1ea38569407652fdd5b82] passed   5.0s
[040.attest-published-images/attest-ghcr-io-miciav-nanofaas-java-roman-numeral-sha256-bdaeec468caf565d8f13692353151d46867e69ec09c1ea38569407652fdd5b82-e67b8dcb/cosign-verify-ghcr-io-miciav-nanofaas-java-roman-numeral-sha256-bdaeec468caf565d8f13692353151d46867e69ec09c1ea38569407652fdd5b82] running  cosign verify ghcr.io/miciav/nanofaas/java-roman-numeral@sha256:bdaeec468caf565d8f13692353151d46867e69ec09c1ea38569407652fdd5b82
[040.attest-published-images/attest-ghcr-io-miciav-nanofaas-java-roman-numeral-sha256-bdaeec468caf565d8f13692353151d46867e69ec09c1ea38569407652fdd5b82-e67b8dcb/cosign-verify-ghcr-io-miciav-nanofaas-java-roman-numeral-sha256-bdaeec468caf565d8f13692353151d46867e69ec09c1ea38569407652fdd5b82] passed   3.2s
[040.attest-published-images/attest-ghcr-io-miciav-nanofaas-java-roman-numeral-sha256-bdaeec468caf565d8f13692353151d46867e69ec09c1ea38569407652fdd5b82-e67b8dcb/cosign-verify-attestation-ghcr-io-miciav-nanofaas-java-roman-numeral-sha256-bdaeec468caf565d8f13692353151d46867e69ec09c1ea38569407652fdd5b82] running  cosign verify-attestation ghcr.io/miciav/nanofaas/java-roman-numeral@sha256:bdaeec468caf565d8f13692353151d46867e69ec09c1ea38569407652fdd5b82
[040.attest-published-images/attest-ghcr-io-miciav-nanofaas-java-roman-numeral-sha256-bdaeec468caf565d8f13692353151d46867e69ec09c1ea38569407652fdd5b82-e67b8dcb/cosign-verify-attestation-ghcr-io-miciav-nanofaas-java-roman-numeral-sha256-bdaeec468caf565d8f13692353151d46867e69ec09c1ea38569407652fdd5b82] passed   3.5s
[040.attest-published-images/attest-ghcr-io-miciav-nanofaas-java-roman-numeral-sha256-bdaeec468caf565d8f13692353151d46867e69ec09c1ea38569407652fdd5b82-e67b8dcb] passed   42.0s
[040.attest-published-images/attest-ghcr-io-miciav-nanofaas-java-roman-numeral-sha256-f9650ca298c2412bfae2503d52019b6e90dd653e277a40a95a0515ef7ed7b898-763756d4] running  Attest ghcr.io/miciav/nanofaas/java-roman-numeral@sha256:f9650ca298c2412bfae2503d52019b6e90dd653e277a40a95a0515ef7ed7b898 763756d4
[040.attest-published-images/attest-ghcr-io-miciav-nanofaas-java-roman-numeral-sha256-f9650ca298c2412bfae2503d52019b6e90dd653e277a40a95a0515ef7ed7b898-763756d4/syft-sbom-ghcr-io-miciav-nanofaas-java-roman-numeral-sha256-f9650ca298c2412bfae2503d52019b6e90dd653e277a40a95a0515ef7ed7b898] running  Syft SBOM ghcr.io/miciav/nanofaas/java-roman-numeral@sha256:f9650ca298c2412bfae2503d52019b6e90dd653e277a40a95a0515ef7ed7b898
[040.attest-published-images/attest-ghcr-io-miciav-nanofaas-java-roman-numeral-sha256-f9650ca298c2412bfae2503d52019b6e90dd653e277a40a95a0515ef7ed7b898-763756d4/syft-sbom-ghcr-io-miciav-nanofaas-java-roman-numeral-sha256-f9650ca298c2412bfae2503d52019b6e90dd653e277a40a95a0515ef7ed7b898] passed   9.6s
[040.attest-published-images/attest-ghcr-io-miciav-nanofaas-java-roman-numeral-sha256-f9650ca298c2412bfae2503d52019b6e90dd653e277a40a95a0515ef7ed7b898-763756d4/cosign-sign-ghcr-io-miciav-nanofaas-java-roman-numeral-sha256-f9650ca298c2412bfae2503d52019b6e90dd653e277a40a95a0515ef7ed7b898] running  cosign sign ghcr.io/miciav/nanofaas/java-roman-numeral@sha256:f9650ca298c2412bfae2503d52019b6e90dd653e277a40a95a0515ef7ed7b898
[040.attest-published-images/attest-ghcr-io-miciav-nanofaas-java-roman-numeral-sha256-f9650ca298c2412bfae2503d52019b6e90dd653e277a40a95a0515ef7ed7b898-763756d4/cosign-sign-ghcr-io-miciav-nanofaas-java-roman-numeral-sha256-f9650ca298c2412bfae2503d52019b6e90dd653e277a40a95a0515ef7ed7b898] passed   5.5s
[040.attest-published-images/attest-ghcr-io-miciav-nanofaas-java-roman-numeral-sha256-f9650ca298c2412bfae2503d52019b6e90dd653e277a40a95a0515ef7ed7b898-763756d4/cosign-attest-ghcr-io-miciav-nanofaas-java-roman-numeral-sha256-f9650ca298c2412bfae2503d52019b6e90dd653e277a40a95a0515ef7ed7b898] running  cosign attest ghcr.io/miciav/nanofaas/java-roman-numeral@sha256:f9650ca298c2412bfae2503d52019b6e90dd653e277a40a95a0515ef7ed7b898
[040.attest-published-images/attest-ghcr-io-miciav-nanofaas-java-roman-numeral-sha256-f9650ca298c2412bfae2503d52019b6e90dd653e277a40a95a0515ef7ed7b898-763756d4/cosign-attest-ghcr-io-miciav-nanofaas-java-roman-numeral-sha256-f9650ca298c2412bfae2503d52019b6e90dd653e277a40a95a0515ef7ed7b898] passed   5.2s
[040.attest-published-images/attest-ghcr-io-miciav-nanofaas-java-roman-numeral-sha256-f9650ca298c2412bfae2503d52019b6e90dd653e277a40a95a0515ef7ed7b898-763756d4/cosign-attach-sbom-ghcr-io-miciav-nanofaas-java-roman-numeral-sha256-f9650ca298c2412bfae2503d52019b6e90dd653e277a40a95a0515ef7ed7b898] running  cosign attach sbom ghcr.io/miciav/nanofaas/java-roman-numeral@sha256:f9650ca298c2412bfae2503d52019b6e90dd653e277a40a95a0515ef7ed7b898
[040.attest-published-images/attest-ghcr-io-miciav-nanofaas-java-roman-numeral-sha256-f9650ca298c2412bfae2503d52019b6e90dd653e277a40a95a0515ef7ed7b898-763756d4/cosign-attach-sbom-ghcr-io-miciav-nanofaas-java-roman-numeral-sha256-f9650ca298c2412bfae2503d52019b6e90dd653e277a40a95a0515ef7ed7b898] passed   5.1s
[040.attest-published-images/attest-ghcr-io-miciav-nanofaas-java-roman-numeral-sha256-f9650ca298c2412bfae2503d52019b6e90dd653e277a40a95a0515ef7ed7b898-763756d4/cosign-verify-ghcr-io-miciav-nanofaas-java-roman-numeral-sha256-f9650ca298c2412bfae2503d52019b6e90dd653e277a40a95a0515ef7ed7b898] running  cosign verify ghcr.io/miciav/nanofaas/java-roman-numeral@sha256:f9650ca298c2412bfae2503d52019b6e90dd653e277a40a95a0515ef7ed7b898
[040.attest-published-images/attest-ghcr-io-miciav-nanofaas-java-roman-numeral-sha256-f9650ca298c2412bfae2503d52019b6e90dd653e277a40a95a0515ef7ed7b898-763756d4/cosign-verify-ghcr-io-miciav-nanofaas-java-roman-numeral-sha256-f9650ca298c2412bfae2503d52019b6e90dd653e277a40a95a0515ef7ed7b898] passed   3.2s
[040.attest-published-images/attest-ghcr-io-miciav-nanofaas-java-roman-numeral-sha256-f9650ca298c2412bfae2503d52019b6e90dd653e277a40a95a0515ef7ed7b898-763756d4/cosign-verify-attestation-ghcr-io-miciav-nanofaas-java-roman-numeral-sha256-f9650ca298c2412bfae2503d52019b6e90dd653e277a40a95a0515ef7ed7b898] running  cosign verify-attestation ghcr.io/miciav/nanofaas/java-roman-numeral@sha256:f9650ca298c2412bfae2503d52019b6e90dd653e277a40a95a0515ef7ed7b898
[040.attest-published-images/attest-ghcr-io-miciav-nanofaas-java-roman-numeral-sha256-f9650ca298c2412bfae2503d52019b6e90dd653e277a40a95a0515ef7ed7b898-763756d4/cosign-verify-attestation-ghcr-io-miciav-nanofaas-java-roman-numeral-sha256-f9650ca298c2412bfae2503d52019b6e90dd653e277a40a95a0515ef7ed7b898] passed   3.7s
[040.attest-published-images/attest-ghcr-io-miciav-nanofaas-java-roman-numeral-sha256-f9650ca298c2412bfae2503d52019b6e90dd653e277a40a95a0515ef7ed7b898-763756d4] passed   32.4s
[040.attest-published-images/attest-ghcr-io-miciav-nanofaas-java-roman-numeral-sha256-2eeaecd36181342bcd226cc09652175460d29330e2b4d2ed3a55ff68987a6daf-4f0da18c] running  Attest ghcr.io/miciav/nanofaas/java-roman-numeral@sha256:2eeaecd36181342bcd226cc09652175460d29330e2b4d2ed3a55ff68987a6daf 4f0da18c
[040.attest-published-images/attest-ghcr-io-miciav-nanofaas-java-roman-numeral-sha256-2eeaecd36181342bcd226cc09652175460d29330e2b4d2ed3a55ff68987a6daf-4f0da18c/syft-sbom-ghcr-io-miciav-nanofaas-java-roman-numeral-sha256-2eeaecd36181342bcd226cc09652175460d29330e2b4d2ed3a55ff68987a6daf] running  Syft SBOM ghcr.io/miciav/nanofaas/java-roman-numeral@sha256:2eeaecd36181342bcd226cc09652175460d29330e2b4d2ed3a55ff68987a6daf
[040.attest-published-images/attest-ghcr-io-miciav-nanofaas-java-roman-numeral-sha256-2eeaecd36181342bcd226cc09652175460d29330e2b4d2ed3a55ff68987a6daf-4f0da18c/syft-sbom-ghcr-io-miciav-nanofaas-java-roman-numeral-sha256-2eeaecd36181342bcd226cc09652175460d29330e2b4d2ed3a55ff68987a6daf] passed   19.4s
[040.attest-published-images/attest-ghcr-io-miciav-nanofaas-java-roman-numeral-sha256-2eeaecd36181342bcd226cc09652175460d29330e2b4d2ed3a55ff68987a6daf-4f0da18c/cosign-sign-ghcr-io-miciav-nanofaas-java-roman-numeral-sha256-2eeaecd36181342bcd226cc09652175460d29330e2b4d2ed3a55ff68987a6daf] running  cosign sign ghcr.io/miciav/nanofaas/java-roman-numeral@sha256:2eeaecd36181342bcd226cc09652175460d29330e2b4d2ed3a55ff68987a6daf
[040.attest-published-images/attest-ghcr-io-miciav-nanofaas-java-roman-numeral-sha256-2eeaecd36181342bcd226cc09652175460d29330e2b4d2ed3a55ff68987a6daf-4f0da18c/cosign-sign-ghcr-io-miciav-nanofaas-java-roman-numeral-sha256-2eeaecd36181342bcd226cc09652175460d29330e2b4d2ed3a55ff68987a6daf] passed   5.8s
[040.attest-published-images/attest-ghcr-io-miciav-nanofaas-java-roman-numeral-sha256-2eeaecd36181342bcd226cc09652175460d29330e2b4d2ed3a55ff68987a6daf-4f0da18c/cosign-attest-ghcr-io-miciav-nanofaas-java-roman-numeral-sha256-2eeaecd36181342bcd226cc09652175460d29330e2b4d2ed3a55ff68987a6daf] running  cosign attest ghcr.io/miciav/nanofaas/java-roman-numeral@sha256:2eeaecd36181342bcd226cc09652175460d29330e2b4d2ed3a55ff68987a6daf
[040.attest-published-images/attest-ghcr-io-miciav-nanofaas-java-roman-numeral-sha256-2eeaecd36181342bcd226cc09652175460d29330e2b4d2ed3a55ff68987a6daf-4f0da18c/cosign-attest-ghcr-io-miciav-nanofaas-java-roman-numeral-sha256-2eeaecd36181342bcd226cc09652175460d29330e2b4d2ed3a55ff68987a6daf] passed   5.2s
[040.attest-published-images/attest-ghcr-io-miciav-nanofaas-java-roman-numeral-sha256-2eeaecd36181342bcd226cc09652175460d29330e2b4d2ed3a55ff68987a6daf-4f0da18c/cosign-attach-sbom-ghcr-io-miciav-nanofaas-java-roman-numeral-sha256-2eeaecd36181342bcd226cc09652175460d29330e2b4d2ed3a55ff68987a6daf] running  cosign attach sbom ghcr.io/miciav/nanofaas/java-roman-numeral@sha256:2eeaecd36181342bcd226cc09652175460d29330e2b4d2ed3a55ff68987a6daf
[040.attest-published-images/attest-ghcr-io-miciav-nanofaas-java-roman-numeral-sha256-2eeaecd36181342bcd226cc09652175460d29330e2b4d2ed3a55ff68987a6daf-4f0da18c/cosign-attach-sbom-ghcr-io-miciav-nanofaas-java-roman-numeral-sha256-2eeaecd36181342bcd226cc09652175460d29330e2b4d2ed3a55ff68987a6daf] passed   4.7s
[040.attest-published-images/attest-ghcr-io-miciav-nanofaas-java-roman-numeral-sha256-2eeaecd36181342bcd226cc09652175460d29330e2b4d2ed3a55ff68987a6daf-4f0da18c/cosign-verify-ghcr-io-miciav-nanofaas-java-roman-numeral-sha256-2eeaecd36181342bcd226cc09652175460d29330e2b4d2ed3a55ff68987a6daf] running  cosign verify ghcr.io/miciav/nanofaas/java-roman-numeral@sha256:2eeaecd36181342bcd226cc09652175460d29330e2b4d2ed3a55ff68987a6daf
[040.attest-published-images/attest-ghcr-io-miciav-nanofaas-java-roman-numeral-sha256-2eeaecd36181342bcd226cc09652175460d29330e2b4d2ed3a55ff68987a6daf-4f0da18c/cosign-verify-ghcr-io-miciav-nanofaas-java-roman-numeral-sha256-2eeaecd36181342bcd226cc09652175460d29330e2b4d2ed3a55ff68987a6daf] passed   4.8s
[040.attest-published-images/attest-ghcr-io-miciav-nanofaas-java-roman-numeral-sha256-2eeaecd36181342bcd226cc09652175460d29330e2b4d2ed3a55ff68987a6daf-4f0da18c/cosign-verify-attestation-ghcr-io-miciav-nanofaas-java-roman-numeral-sha256-2eeaecd36181342bcd226cc09652175460d29330e2b4d2ed3a55ff68987a6daf] running  cosign verify-attestation ghcr.io/miciav/nanofaas/java-roman-numeral@sha256:2eeaecd36181342bcd226cc09652175460d29330e2b4d2ed3a55ff68987a6daf
[040.attest-published-images/attest-ghcr-io-miciav-nanofaas-java-roman-numeral-sha256-2eeaecd36181342bcd226cc09652175460d29330e2b4d2ed3a55ff68987a6daf-4f0da18c/cosign-verify-attestation-ghcr-io-miciav-nanofaas-java-roman-numeral-sha256-2eeaecd36181342bcd226cc09652175460d29330e2b4d2ed3a55ff68987a6daf] passed   4.3s
[040.attest-published-images/attest-ghcr-io-miciav-nanofaas-java-roman-numeral-sha256-2eeaecd36181342bcd226cc09652175460d29330e2b4d2ed3a55ff68987a6daf-4f0da18c] passed   44.1s
[040.attest-published-images/attest-ghcr-io-miciav-nanofaas-java-roman-numeral-sha256-eff1d7617c79e815311840fb464998d5316a617bf973ff2080b3ac22c758b42c-7a36e81c] running  Attest ghcr.io/miciav/nanofaas/java-roman-numeral@sha256:eff1d7617c79e815311840fb464998d5316a617bf973ff2080b3ac22c758b42c 7a36e81c
[040.attest-published-images/attest-ghcr-io-miciav-nanofaas-java-roman-numeral-sha256-eff1d7617c79e815311840fb464998d5316a617bf973ff2080b3ac22c758b42c-7a36e81c/syft-sbom-ghcr-io-miciav-nanofaas-java-roman-numeral-sha256-eff1d7617c79e815311840fb464998d5316a617bf973ff2080b3ac22c758b42c] running  Syft SBOM ghcr.io/miciav/nanofaas/java-roman-numeral@sha256:eff1d7617c79e815311840fb464998d5316a617bf973ff2080b3ac22c758b42c
[040.attest-published-images/attest-ghcr-io-miciav-nanofaas-java-roman-numeral-sha256-eff1d7617c79e815311840fb464998d5316a617bf973ff2080b3ac22c758b42c-7a36e81c/syft-sbom-ghcr-io-miciav-nanofaas-java-roman-numeral-sha256-eff1d7617c79e815311840fb464998d5316a617bf973ff2080b3ac22c758b42c] passed   10.1s
[040.attest-published-images/attest-ghcr-io-miciav-nanofaas-java-roman-numeral-sha256-eff1d7617c79e815311840fb464998d5316a617bf973ff2080b3ac22c758b42c-7a36e81c/cosign-sign-ghcr-io-miciav-nanofaas-java-roman-numeral-sha256-eff1d7617c79e815311840fb464998d5316a617bf973ff2080b3ac22c758b42c] running  cosign sign ghcr.io/miciav/nanofaas/java-roman-numeral@sha256:eff1d7617c79e815311840fb464998d5316a617bf973ff2080b3ac22c758b42c
[040.attest-published-images/attest-ghcr-io-miciav-nanofaas-java-roman-numeral-sha256-eff1d7617c79e815311840fb464998d5316a617bf973ff2080b3ac22c758b42c-7a36e81c/cosign-sign-ghcr-io-miciav-nanofaas-java-roman-numeral-sha256-eff1d7617c79e815311840fb464998d5316a617bf973ff2080b3ac22c758b42c] passed   5.7s
[040.attest-published-images/attest-ghcr-io-miciav-nanofaas-java-roman-numeral-sha256-eff1d7617c79e815311840fb464998d5316a617bf973ff2080b3ac22c758b42c-7a36e81c/cosign-attest-ghcr-io-miciav-nanofaas-java-roman-numeral-sha256-eff1d7617c79e815311840fb464998d5316a617bf973ff2080b3ac22c758b42c] running  cosign attest ghcr.io/miciav/nanofaas/java-roman-numeral@sha256:eff1d7617c79e815311840fb464998d5316a617bf973ff2080b3ac22c758b42c
[040.attest-published-images/attest-ghcr-io-miciav-nanofaas-java-roman-numeral-sha256-eff1d7617c79e815311840fb464998d5316a617bf973ff2080b3ac22c758b42c-7a36e81c/cosign-attest-ghcr-io-miciav-nanofaas-java-roman-numeral-sha256-eff1d7617c79e815311840fb464998d5316a617bf973ff2080b3ac22c758b42c] passed   5.4s
[040.attest-published-images/attest-ghcr-io-miciav-nanofaas-java-roman-numeral-sha256-eff1d7617c79e815311840fb464998d5316a617bf973ff2080b3ac22c758b42c-7a36e81c/cosign-attach-sbom-ghcr-io-miciav-nanofaas-java-roman-numeral-sha256-eff1d7617c79e815311840fb464998d5316a617bf973ff2080b3ac22c758b42c] running  cosign attach sbom ghcr.io/miciav/nanofaas/java-roman-numeral@sha256:eff1d7617c79e815311840fb464998d5316a617bf973ff2080b3ac22c758b42c
[040.attest-published-images/attest-ghcr-io-miciav-nanofaas-java-roman-numeral-sha256-eff1d7617c79e815311840fb464998d5316a617bf973ff2080b3ac22c758b42c-7a36e81c/cosign-attach-sbom-ghcr-io-miciav-nanofaas-java-roman-numeral-sha256-eff1d7617c79e815311840fb464998d5316a617bf973ff2080b3ac22c758b42c] passed   4.8s
[040.attest-published-images/attest-ghcr-io-miciav-nanofaas-java-roman-numeral-sha256-eff1d7617c79e815311840fb464998d5316a617bf973ff2080b3ac22c758b42c-7a36e81c/cosign-verify-ghcr-io-miciav-nanofaas-java-roman-numeral-sha256-eff1d7617c79e815311840fb464998d5316a617bf973ff2080b3ac22c758b42c] running  cosign verify ghcr.io/miciav/nanofaas/java-roman-numeral@sha256:eff1d7617c79e815311840fb464998d5316a617bf973ff2080b3ac22c758b42c
[040.attest-published-images/attest-ghcr-io-miciav-nanofaas-java-roman-numeral-sha256-eff1d7617c79e815311840fb464998d5316a617bf973ff2080b3ac22c758b42c-7a36e81c/cosign-verify-ghcr-io-miciav-nanofaas-java-roman-numeral-sha256-eff1d7617c79e815311840fb464998d5316a617bf973ff2080b3ac22c758b42c] passed   3.2s
[040.attest-published-images/attest-ghcr-io-miciav-nanofaas-java-roman-numeral-sha256-eff1d7617c79e815311840fb464998d5316a617bf973ff2080b3ac22c758b42c-7a36e81c/cosign-verify-attestation-ghcr-io-miciav-nanofaas-java-roman-numeral-sha256-eff1d7617c79e815311840fb464998d5316a617bf973ff2080b3ac22c758b42c] running  cosign verify-attestation ghcr.io/miciav/nanofaas/java-roman-numeral@sha256:eff1d7617c79e815311840fb464998d5316a617bf973ff2080b3ac22c758b42c
[040.attest-published-images/attest-ghcr-io-miciav-nanofaas-java-roman-numeral-sha256-eff1d7617c79e815311840fb464998d5316a617bf973ff2080b3ac22c758b42c-7a36e81c/cosign-verify-attestation-ghcr-io-miciav-nanofaas-java-roman-numeral-sha256-eff1d7617c79e815311840fb464998d5316a617bf973ff2080b3ac22c758b42c] passed   3.7s
[040.attest-published-images/attest-ghcr-io-miciav-nanofaas-java-roman-numeral-sha256-eff1d7617c79e815311840fb464998d5316a617bf973ff2080b3ac22c758b42c-7a36e81c] passed   32.9s
[040.attest-published-images/attest-ghcr-io-miciav-nanofaas-java-roman-numeral-sha256-bd14e02ea96be437dfb4f4e22ea4ab86d9d910ebdcdd85a55f6ba3151f54e14f-2e292981] running  Attest ghcr.io/miciav/nanofaas/java-roman-numeral@sha256:bd14e02ea96be437dfb4f4e22ea4ab86d9d910ebdcdd85a55f6ba3151f54e14f 2e292981
[040.attest-published-images/attest-ghcr-io-miciav-nanofaas-java-roman-numeral-sha256-bd14e02ea96be437dfb4f4e22ea4ab86d9d910ebdcdd85a55f6ba3151f54e14f-2e292981/syft-sbom-ghcr-io-miciav-nanofaas-java-roman-numeral-sha256-bd14e02ea96be437dfb4f4e22ea4ab86d9d910ebdcdd85a55f6ba3151f54e14f] running  Syft SBOM ghcr.io/miciav/nanofaas/java-roman-numeral@sha256:bd14e02ea96be437dfb4f4e22ea4ab86d9d910ebdcdd85a55f6ba3151f54e14f
[040.attest-published-images/attest-ghcr-io-miciav-nanofaas-java-roman-numeral-sha256-bd14e02ea96be437dfb4f4e22ea4ab86d9d910ebdcdd85a55f6ba3151f54e14f-2e292981/syft-sbom-ghcr-io-miciav-nanofaas-java-roman-numeral-sha256-bd14e02ea96be437dfb4f4e22ea4ab86d9d910ebdcdd85a55f6ba3151f54e14f] passed   15.5s
[040.attest-published-images/attest-ghcr-io-miciav-nanofaas-java-roman-numeral-sha256-bd14e02ea96be437dfb4f4e22ea4ab86d9d910ebdcdd85a55f6ba3151f54e14f-2e292981/cosign-sign-ghcr-io-miciav-nanofaas-java-roman-numeral-sha256-bd14e02ea96be437dfb4f4e22ea4ab86d9d910ebdcdd85a55f6ba3151f54e14f] running  cosign sign ghcr.io/miciav/nanofaas/java-roman-numeral@sha256:bd14e02ea96be437dfb4f4e22ea4ab86d9d910ebdcdd85a55f6ba3151f54e14f
[040.attest-published-images/attest-ghcr-io-miciav-nanofaas-java-roman-numeral-sha256-bd14e02ea96be437dfb4f4e22ea4ab86d9d910ebdcdd85a55f6ba3151f54e14f-2e292981/cosign-sign-ghcr-io-miciav-nanofaas-java-roman-numeral-sha256-bd14e02ea96be437dfb4f4e22ea4ab86d9d910ebdcdd85a55f6ba3151f54e14f] passed   5.7s
[040.attest-published-images/attest-ghcr-io-miciav-nanofaas-java-roman-numeral-sha256-bd14e02ea96be437dfb4f4e22ea4ab86d9d910ebdcdd85a55f6ba3151f54e14f-2e292981/cosign-attest-ghcr-io-miciav-nanofaas-java-roman-numeral-sha256-bd14e02ea96be437dfb4f4e22ea4ab86d9d910ebdcdd85a55f6ba3151f54e14f] running  cosign attest ghcr.io/miciav/nanofaas/java-roman-numeral@sha256:bd14e02ea96be437dfb4f4e22ea4ab86d9d910ebdcdd85a55f6ba3151f54e14f
[040.attest-published-images/attest-ghcr-io-miciav-nanofaas-java-roman-numeral-sha256-bd14e02ea96be437dfb4f4e22ea4ab86d9d910ebdcdd85a55f6ba3151f54e14f-2e292981/cosign-attest-ghcr-io-miciav-nanofaas-java-roman-numeral-sha256-bd14e02ea96be437dfb4f4e22ea4ab86d9d910ebdcdd85a55f6ba3151f54e14f] passed   5.0s
[040.attest-published-images/attest-ghcr-io-miciav-nanofaas-java-roman-numeral-sha256-bd14e02ea96be437dfb4f4e22ea4ab86d9d910ebdcdd85a55f6ba3151f54e14f-2e292981/cosign-attach-sbom-ghcr-io-miciav-nanofaas-java-roman-numeral-sha256-bd14e02ea96be437dfb4f4e22ea4ab86d9d910ebdcdd85a55f6ba3151f54e14f] running  cosign attach sbom ghcr.io/miciav/nanofaas/java-roman-numeral@sha256:bd14e02ea96be437dfb4f4e22ea4ab86d9d910ebdcdd85a55f6ba3151f54e14f
[040.attest-published-images/attest-ghcr-io-miciav-nanofaas-java-roman-numeral-sha256-bd14e02ea96be437dfb4f4e22ea4ab86d9d910ebdcdd85a55f6ba3151f54e14f-2e292981/cosign-attach-sbom-ghcr-io-miciav-nanofaas-java-roman-numeral-sha256-bd14e02ea96be437dfb4f4e22ea4ab86d9d910ebdcdd85a55f6ba3151f54e14f] passed   5.3s
[040.attest-published-images/attest-ghcr-io-miciav-nanofaas-java-roman-numeral-sha256-bd14e02ea96be437dfb4f4e22ea4ab86d9d910ebdcdd85a55f6ba3151f54e14f-2e292981/cosign-verify-ghcr-io-miciav-nanofaas-java-roman-numeral-sha256-bd14e02ea96be437dfb4f4e22ea4ab86d9d910ebdcdd85a55f6ba3151f54e14f] running  cosign verify ghcr.io/miciav/nanofaas/java-roman-numeral@sha256:bd14e02ea96be437dfb4f4e22ea4ab86d9d910ebdcdd85a55f6ba3151f54e14f
[040.attest-published-images/attest-ghcr-io-miciav-nanofaas-java-roman-numeral-sha256-bd14e02ea96be437dfb4f4e22ea4ab86d9d910ebdcdd85a55f6ba3151f54e14f-2e292981/cosign-verify-ghcr-io-miciav-nanofaas-java-roman-numeral-sha256-bd14e02ea96be437dfb4f4e22ea4ab86d9d910ebdcdd85a55f6ba3151f54e14f] passed   3.2s
[040.attest-published-images/attest-ghcr-io-miciav-nanofaas-java-roman-numeral-sha256-bd14e02ea96be437dfb4f4e22ea4ab86d9d910ebdcdd85a55f6ba3151f54e14f-2e292981/cosign-verify-attestation-ghcr-io-miciav-nanofaas-java-roman-numeral-sha256-bd14e02ea96be437dfb4f4e22ea4ab86d9d910ebdcdd85a55f6ba3151f54e14f] running  cosign verify-attestation ghcr.io/miciav/nanofaas/java-roman-numeral@sha256:bd14e02ea96be437dfb4f4e22ea4ab86d9d910ebdcdd85a55f6ba3151f54e14f
[040.attest-published-images/attest-ghcr-io-miciav-nanofaas-java-roman-numeral-sha256-bd14e02ea96be437dfb4f4e22ea4ab86d9d910ebdcdd85a55f6ba3151f54e14f-2e292981/cosign-verify-attestation-ghcr-io-miciav-nanofaas-java-roman-numeral-sha256-bd14e02ea96be437dfb4f4e22ea4ab86d9d910ebdcdd85a55f6ba3151f54e14f] passed   3.5s
[040.attest-published-images/attest-ghcr-io-miciav-nanofaas-java-roman-numeral-sha256-bd14e02ea96be437dfb4f4e22ea4ab86d9d910ebdcdd85a55f6ba3151f54e14f-2e292981] passed   38.3s
[040.attest-published-images/attest-ghcr-io-miciav-nanofaas-java-warm-echo-sha256-f951f7df55bbc12a1b4b52c07b6c2ed7511e6f47101c4ff154e96aacdae2bb4a-9f8159e5] running  Attest ghcr.io/miciav/nanofaas/java-warm-echo@sha256:f951f7df55bbc12a1b4b52c07b6c2ed7511e6f47101c4ff154e96aacdae2bb4a 9f8159e5
[040.attest-published-images/attest-ghcr-io-miciav-nanofaas-java-warm-echo-sha256-f951f7df55bbc12a1b4b52c07b6c2ed7511e6f47101c4ff154e96aacdae2bb4a-9f8159e5/syft-sbom-ghcr-io-miciav-nanofaas-java-warm-echo-sha256-f951f7df55bbc12a1b4b52c07b6c2ed7511e6f47101c4ff154e96aacdae2bb4a] running  Syft SBOM ghcr.io/miciav/nanofaas/java-warm-echo@sha256:f951f7df55bbc12a1b4b52c07b6c2ed7511e6f47101c4ff154e96aacdae2bb4a
[040.attest-published-images/attest-ghcr-io-miciav-nanofaas-java-warm-echo-sha256-f951f7df55bbc12a1b4b52c07b6c2ed7511e6f47101c4ff154e96aacdae2bb4a-9f8159e5/syft-sbom-ghcr-io-miciav-nanofaas-java-warm-echo-sha256-f951f7df55bbc12a1b4b52c07b6c2ed7511e6f47101c4ff154e96aacdae2bb4a] passed   10.5s
[040.attest-published-images/attest-ghcr-io-miciav-nanofaas-java-warm-echo-sha256-f951f7df55bbc12a1b4b52c07b6c2ed7511e6f47101c4ff154e96aacdae2bb4a-9f8159e5/cosign-sign-ghcr-io-miciav-nanofaas-java-warm-echo-sha256-f951f7df55bbc12a1b4b52c07b6c2ed7511e6f47101c4ff154e96aacdae2bb4a] running  cosign sign ghcr.io/miciav/nanofaas/java-warm-echo@sha256:f951f7df55bbc12a1b4b52c07b6c2ed7511e6f47101c4ff154e96aacdae2bb4a
[040.attest-published-images/attest-ghcr-io-miciav-nanofaas-java-warm-echo-sha256-f951f7df55bbc12a1b4b52c07b6c2ed7511e6f47101c4ff154e96aacdae2bb4a-9f8159e5/cosign-sign-ghcr-io-miciav-nanofaas-java-warm-echo-sha256-f951f7df55bbc12a1b4b52c07b6c2ed7511e6f47101c4ff154e96aacdae2bb4a] passed   5.6s
[040.attest-published-images/attest-ghcr-io-miciav-nanofaas-java-warm-echo-sha256-f951f7df55bbc12a1b4b52c07b6c2ed7511e6f47101c4ff154e96aacdae2bb4a-9f8159e5/cosign-attest-ghcr-io-miciav-nanofaas-java-warm-echo-sha256-f951f7df55bbc12a1b4b52c07b6c2ed7511e6f47101c4ff154e96aacdae2bb4a] running  cosign attest ghcr.io/miciav/nanofaas/java-warm-echo@sha256:f951f7df55bbc12a1b4b52c07b6c2ed7511e6f47101c4ff154e96aacdae2bb4a
[040.attest-published-images/attest-ghcr-io-miciav-nanofaas-java-warm-echo-sha256-f951f7df55bbc12a1b4b52c07b6c2ed7511e6f47101c4ff154e96aacdae2bb4a-9f8159e5/cosign-attest-ghcr-io-miciav-nanofaas-java-warm-echo-sha256-f951f7df55bbc12a1b4b52c07b6c2ed7511e6f47101c4ff154e96aacdae2bb4a] passed   5.4s
[040.attest-published-images/attest-ghcr-io-miciav-nanofaas-java-warm-echo-sha256-f951f7df55bbc12a1b4b52c07b6c2ed7511e6f47101c4ff154e96aacdae2bb4a-9f8159e5/cosign-attach-sbom-ghcr-io-miciav-nanofaas-java-warm-echo-sha256-f951f7df55bbc12a1b4b52c07b6c2ed7511e6f47101c4ff154e96aacdae2bb4a] running  cosign attach sbom ghcr.io/miciav/nanofaas/java-warm-echo@sha256:f951f7df55bbc12a1b4b52c07b6c2ed7511e6f47101c4ff154e96aacdae2bb4a
[040.attest-published-images/attest-ghcr-io-miciav-nanofaas-java-warm-echo-sha256-f951f7df55bbc12a1b4b52c07b6c2ed7511e6f47101c4ff154e96aacdae2bb4a-9f8159e5/cosign-attach-sbom-ghcr-io-miciav-nanofaas-java-warm-echo-sha256-f951f7df55bbc12a1b4b52c07b6c2ed7511e6f47101c4ff154e96aacdae2bb4a] passed   4.9s
[040.attest-published-images/attest-ghcr-io-miciav-nanofaas-java-warm-echo-sha256-f951f7df55bbc12a1b4b52c07b6c2ed7511e6f47101c4ff154e96aacdae2bb4a-9f8159e5/cosign-verify-ghcr-io-miciav-nanofaas-java-warm-echo-sha256-f951f7df55bbc12a1b4b52c07b6c2ed7511e6f47101c4ff154e96aacdae2bb4a] running  cosign verify ghcr.io/miciav/nanofaas/java-warm-echo@sha256:f951f7df55bbc12a1b4b52c07b6c2ed7511e6f47101c4ff154e96aacdae2bb4a
[040.attest-published-images/attest-ghcr-io-miciav-nanofaas-java-warm-echo-sha256-f951f7df55bbc12a1b4b52c07b6c2ed7511e6f47101c4ff154e96aacdae2bb4a-9f8159e5/cosign-verify-ghcr-io-miciav-nanofaas-java-warm-echo-sha256-f951f7df55bbc12a1b4b52c07b6c2ed7511e6f47101c4ff154e96aacdae2bb4a] passed   3.4s
[040.attest-published-images/attest-ghcr-io-miciav-nanofaas-java-warm-echo-sha256-f951f7df55bbc12a1b4b52c07b6c2ed7511e6f47101c4ff154e96aacdae2bb4a-9f8159e5/cosign-verify-attestation-ghcr-io-miciav-nanofaas-java-warm-echo-sha256-f951f7df55bbc12a1b4b52c07b6c2ed7511e6f47101c4ff154e96aacdae2bb4a] running  cosign verify-attestation ghcr.io/miciav/nanofaas/java-warm-echo@sha256:f951f7df55bbc12a1b4b52c07b6c2ed7511e6f47101c4ff154e96aacdae2bb4a
[040.attest-published-images/attest-ghcr-io-miciav-nanofaas-java-warm-echo-sha256-f951f7df55bbc12a1b4b52c07b6c2ed7511e6f47101c4ff154e96aacdae2bb4a-9f8159e5/cosign-verify-attestation-ghcr-io-miciav-nanofaas-java-warm-echo-sha256-f951f7df55bbc12a1b4b52c07b6c2ed7511e6f47101c4ff154e96aacdae2bb4a] passed   3.6s
[040.attest-published-images/attest-ghcr-io-miciav-nanofaas-java-warm-echo-sha256-f951f7df55bbc12a1b4b52c07b6c2ed7511e6f47101c4ff154e96aacdae2bb4a-9f8159e5] passed   33.3s
[040.attest-published-images/attest-ghcr-io-miciav-nanofaas-java-warm-echo-sha256-cd6e9797053fbfe82e6e43edf4a086848c8f79c2f96fc99d7c9a4cd406fc0c0b-00012c94] running  Attest ghcr.io/miciav/nanofaas/java-warm-echo@sha256:cd6e9797053fbfe82e6e43edf4a086848c8f79c2f96fc99d7c9a4cd406fc0c0b 00012c94
[040.attest-published-images/attest-ghcr-io-miciav-nanofaas-java-warm-echo-sha256-cd6e9797053fbfe82e6e43edf4a086848c8f79c2f96fc99d7c9a4cd406fc0c0b-00012c94/syft-sbom-ghcr-io-miciav-nanofaas-java-warm-echo-sha256-cd6e9797053fbfe82e6e43edf4a086848c8f79c2f96fc99d7c9a4cd406fc0c0b] running  Syft SBOM ghcr.io/miciav/nanofaas/java-warm-echo@sha256:cd6e9797053fbfe82e6e43edf4a086848c8f79c2f96fc99d7c9a4cd406fc0c0b
[040.attest-published-images/attest-ghcr-io-miciav-nanofaas-java-warm-echo-sha256-cd6e9797053fbfe82e6e43edf4a086848c8f79c2f96fc99d7c9a4cd406fc0c0b-00012c94/syft-sbom-ghcr-io-miciav-nanofaas-java-warm-echo-sha256-cd6e9797053fbfe82e6e43edf4a086848c8f79c2f96fc99d7c9a4cd406fc0c0b] passed   19.9s
[040.attest-published-images/attest-ghcr-io-miciav-nanofaas-java-warm-echo-sha256-cd6e9797053fbfe82e6e43edf4a086848c8f79c2f96fc99d7c9a4cd406fc0c0b-00012c94/cosign-sign-ghcr-io-miciav-nanofaas-java-warm-echo-sha256-cd6e9797053fbfe82e6e43edf4a086848c8f79c2f96fc99d7c9a4cd406fc0c0b] running  cosign sign ghcr.io/miciav/nanofaas/java-warm-echo@sha256:cd6e9797053fbfe82e6e43edf4a086848c8f79c2f96fc99d7c9a4cd406fc0c0b
[040.attest-published-images/attest-ghcr-io-miciav-nanofaas-java-warm-echo-sha256-cd6e9797053fbfe82e6e43edf4a086848c8f79c2f96fc99d7c9a4cd406fc0c0b-00012c94/cosign-sign-ghcr-io-miciav-nanofaas-java-warm-echo-sha256-cd6e9797053fbfe82e6e43edf4a086848c8f79c2f96fc99d7c9a4cd406fc0c0b] passed   6.2s
[040.attest-published-images/attest-ghcr-io-miciav-nanofaas-java-warm-echo-sha256-cd6e9797053fbfe82e6e43edf4a086848c8f79c2f96fc99d7c9a4cd406fc0c0b-00012c94/cosign-attest-ghcr-io-miciav-nanofaas-java-warm-echo-sha256-cd6e9797053fbfe82e6e43edf4a086848c8f79c2f96fc99d7c9a4cd406fc0c0b] running  cosign attest ghcr.io/miciav/nanofaas/java-warm-echo@sha256:cd6e9797053fbfe82e6e43edf4a086848c8f79c2f96fc99d7c9a4cd406fc0c0b
[040.attest-published-images/attest-ghcr-io-miciav-nanofaas-java-warm-echo-sha256-cd6e9797053fbfe82e6e43edf4a086848c8f79c2f96fc99d7c9a4cd406fc0c0b-00012c94/cosign-attest-ghcr-io-miciav-nanofaas-java-warm-echo-sha256-cd6e9797053fbfe82e6e43edf4a086848c8f79c2f96fc99d7c9a4cd406fc0c0b] passed   5.3s
[040.attest-published-images/attest-ghcr-io-miciav-nanofaas-java-warm-echo-sha256-cd6e9797053fbfe82e6e43edf4a086848c8f79c2f96fc99d7c9a4cd406fc0c0b-00012c94/cosign-attach-sbom-ghcr-io-miciav-nanofaas-java-warm-echo-sha256-cd6e9797053fbfe82e6e43edf4a086848c8f79c2f96fc99d7c9a4cd406fc0c0b] running  cosign attach sbom ghcr.io/miciav/nanofaas/java-warm-echo@sha256:cd6e9797053fbfe82e6e43edf4a086848c8f79c2f96fc99d7c9a4cd406fc0c0b
[040.attest-published-images/attest-ghcr-io-miciav-nanofaas-java-warm-echo-sha256-cd6e9797053fbfe82e6e43edf4a086848c8f79c2f96fc99d7c9a4cd406fc0c0b-00012c94/cosign-attach-sbom-ghcr-io-miciav-nanofaas-java-warm-echo-sha256-cd6e9797053fbfe82e6e43edf4a086848c8f79c2f96fc99d7c9a4cd406fc0c0b] passed   4.9s
[040.attest-published-images/attest-ghcr-io-miciav-nanofaas-java-warm-echo-sha256-cd6e9797053fbfe82e6e43edf4a086848c8f79c2f96fc99d7c9a4cd406fc0c0b-00012c94/cosign-verify-ghcr-io-miciav-nanofaas-java-warm-echo-sha256-cd6e9797053fbfe82e6e43edf4a086848c8f79c2f96fc99d7c9a4cd406fc0c0b] running  cosign verify ghcr.io/miciav/nanofaas/java-warm-echo@sha256:cd6e9797053fbfe82e6e43edf4a086848c8f79c2f96fc99d7c9a4cd406fc0c0b
[040.attest-published-images/attest-ghcr-io-miciav-nanofaas-java-warm-echo-sha256-cd6e9797053fbfe82e6e43edf4a086848c8f79c2f96fc99d7c9a4cd406fc0c0b-00012c94/cosign-verify-ghcr-io-miciav-nanofaas-java-warm-echo-sha256-cd6e9797053fbfe82e6e43edf4a086848c8f79c2f96fc99d7c9a4cd406fc0c0b] passed   3.2s
[040.attest-published-images/attest-ghcr-io-miciav-nanofaas-java-warm-echo-sha256-cd6e9797053fbfe82e6e43edf4a086848c8f79c2f96fc99d7c9a4cd406fc0c0b-00012c94/cosign-verify-attestation-ghcr-io-miciav-nanofaas-java-warm-echo-sha256-cd6e9797053fbfe82e6e43edf4a086848c8f79c2f96fc99d7c9a4cd406fc0c0b] running  cosign verify-attestation ghcr.io/miciav/nanofaas/java-warm-echo@sha256:cd6e9797053fbfe82e6e43edf4a086848c8f79c2f96fc99d7c9a4cd406fc0c0b
[040.attest-published-images/attest-ghcr-io-miciav-nanofaas-java-warm-echo-sha256-cd6e9797053fbfe82e6e43edf4a086848c8f79c2f96fc99d7c9a4cd406fc0c0b-00012c94/cosign-verify-attestation-ghcr-io-miciav-nanofaas-java-warm-echo-sha256-cd6e9797053fbfe82e6e43edf4a086848c8f79c2f96fc99d7c9a4cd406fc0c0b] passed   3.5s
[040.attest-published-images/attest-ghcr-io-miciav-nanofaas-java-warm-echo-sha256-cd6e9797053fbfe82e6e43edf4a086848c8f79c2f96fc99d7c9a4cd406fc0c0b-00012c94] passed   43.1s
[040.attest-published-images/attest-ghcr-io-miciav-nanofaas-java-warm-echo-sha256-8589ef35411cc60f8cf050455a163f78915eb2371f19f68476998e922a1518d3-6b976cf8] running  Attest ghcr.io/miciav/nanofaas/java-warm-echo@sha256:8589ef35411cc60f8cf050455a163f78915eb2371f19f68476998e922a1518d3 6b976cf8
[040.attest-published-images/attest-ghcr-io-miciav-nanofaas-java-warm-echo-sha256-8589ef35411cc60f8cf050455a163f78915eb2371f19f68476998e922a1518d3-6b976cf8/syft-sbom-ghcr-io-miciav-nanofaas-java-warm-echo-sha256-8589ef35411cc60f8cf050455a163f78915eb2371f19f68476998e922a1518d3] running  Syft SBOM ghcr.io/miciav/nanofaas/java-warm-echo@sha256:8589ef35411cc60f8cf050455a163f78915eb2371f19f68476998e922a1518d3
[040.attest-published-images/attest-ghcr-io-miciav-nanofaas-java-warm-echo-sha256-8589ef35411cc60f8cf050455a163f78915eb2371f19f68476998e922a1518d3-6b976cf8/syft-sbom-ghcr-io-miciav-nanofaas-java-warm-echo-sha256-8589ef35411cc60f8cf050455a163f78915eb2371f19f68476998e922a1518d3] passed   10.9s
[040.attest-published-images/attest-ghcr-io-miciav-nanofaas-java-warm-echo-sha256-8589ef35411cc60f8cf050455a163f78915eb2371f19f68476998e922a1518d3-6b976cf8/cosign-sign-ghcr-io-miciav-nanofaas-java-warm-echo-sha256-8589ef35411cc60f8cf050455a163f78915eb2371f19f68476998e922a1518d3] running  cosign sign ghcr.io/miciav/nanofaas/java-warm-echo@sha256:8589ef35411cc60f8cf050455a163f78915eb2371f19f68476998e922a1518d3
[040.attest-published-images/attest-ghcr-io-miciav-nanofaas-java-warm-echo-sha256-8589ef35411cc60f8cf050455a163f78915eb2371f19f68476998e922a1518d3-6b976cf8/cosign-sign-ghcr-io-miciav-nanofaas-java-warm-echo-sha256-8589ef35411cc60f8cf050455a163f78915eb2371f19f68476998e922a1518d3] passed   5.6s
[040.attest-published-images/attest-ghcr-io-miciav-nanofaas-java-warm-echo-sha256-8589ef35411cc60f8cf050455a163f78915eb2371f19f68476998e922a1518d3-6b976cf8/cosign-attest-ghcr-io-miciav-nanofaas-java-warm-echo-sha256-8589ef35411cc60f8cf050455a163f78915eb2371f19f68476998e922a1518d3] running  cosign attest ghcr.io/miciav/nanofaas/java-warm-echo@sha256:8589ef35411cc60f8cf050455a163f78915eb2371f19f68476998e922a1518d3
[040.attest-published-images/attest-ghcr-io-miciav-nanofaas-java-warm-echo-sha256-8589ef35411cc60f8cf050455a163f78915eb2371f19f68476998e922a1518d3-6b976cf8/cosign-attest-ghcr-io-miciav-nanofaas-java-warm-echo-sha256-8589ef35411cc60f8cf050455a163f78915eb2371f19f68476998e922a1518d3] passed   5.7s
[040.attest-published-images/attest-ghcr-io-miciav-nanofaas-java-warm-echo-sha256-8589ef35411cc60f8cf050455a163f78915eb2371f19f68476998e922a1518d3-6b976cf8/cosign-attach-sbom-ghcr-io-miciav-nanofaas-java-warm-echo-sha256-8589ef35411cc60f8cf050455a163f78915eb2371f19f68476998e922a1518d3] running  cosign attach sbom ghcr.io/miciav/nanofaas/java-warm-echo@sha256:8589ef35411cc60f8cf050455a163f78915eb2371f19f68476998e922a1518d3
[040.attest-published-images/attest-ghcr-io-miciav-nanofaas-java-warm-echo-sha256-8589ef35411cc60f8cf050455a163f78915eb2371f19f68476998e922a1518d3-6b976cf8/cosign-attach-sbom-ghcr-io-miciav-nanofaas-java-warm-echo-sha256-8589ef35411cc60f8cf050455a163f78915eb2371f19f68476998e922a1518d3] passed   4.8s
[040.attest-published-images/attest-ghcr-io-miciav-nanofaas-java-warm-echo-sha256-8589ef35411cc60f8cf050455a163f78915eb2371f19f68476998e922a1518d3-6b976cf8/cosign-verify-ghcr-io-miciav-nanofaas-java-warm-echo-sha256-8589ef35411cc60f8cf050455a163f78915eb2371f19f68476998e922a1518d3] running  cosign verify ghcr.io/miciav/nanofaas/java-warm-echo@sha256:8589ef35411cc60f8cf050455a163f78915eb2371f19f68476998e922a1518d3
[040.attest-published-images/attest-ghcr-io-miciav-nanofaas-java-warm-echo-sha256-8589ef35411cc60f8cf050455a163f78915eb2371f19f68476998e922a1518d3-6b976cf8/cosign-verify-ghcr-io-miciav-nanofaas-java-warm-echo-sha256-8589ef35411cc60f8cf050455a163f78915eb2371f19f68476998e922a1518d3] passed   3.7s
[040.attest-published-images/attest-ghcr-io-miciav-nanofaas-java-warm-echo-sha256-8589ef35411cc60f8cf050455a163f78915eb2371f19f68476998e922a1518d3-6b976cf8/cosign-verify-attestation-ghcr-io-miciav-nanofaas-java-warm-echo-sha256-8589ef35411cc60f8cf050455a163f78915eb2371f19f68476998e922a1518d3] running  cosign verify-attestation ghcr.io/miciav/nanofaas/java-warm-echo@sha256:8589ef35411cc60f8cf050455a163f78915eb2371f19f68476998e922a1518d3
[040.attest-published-images/attest-ghcr-io-miciav-nanofaas-java-warm-echo-sha256-8589ef35411cc60f8cf050455a163f78915eb2371f19f68476998e922a1518d3-6b976cf8/cosign-verify-attestation-ghcr-io-miciav-nanofaas-java-warm-echo-sha256-8589ef35411cc60f8cf050455a163f78915eb2371f19f68476998e922a1518d3] passed   5.0s
[040.attest-published-images/attest-ghcr-io-miciav-nanofaas-java-warm-echo-sha256-8589ef35411cc60f8cf050455a163f78915eb2371f19f68476998e922a1518d3-6b976cf8] passed   35.7s
[040.attest-published-images/attest-ghcr-io-miciav-nanofaas-java-warm-echo-sha256-2c023b2f2c1e092437c60c83bd9ea47ab29f957b7be39a22ced3ea67379e163c-5f3de5b3] running  Attest ghcr.io/miciav/nanofaas/java-warm-echo@sha256:2c023b2f2c1e092437c60c83bd9ea47ab29f957b7be39a22ced3ea67379e163c 5f3de5b3
[040.attest-published-images/attest-ghcr-io-miciav-nanofaas-java-warm-echo-sha256-2c023b2f2c1e092437c60c83bd9ea47ab29f957b7be39a22ced3ea67379e163c-5f3de5b3/syft-sbom-ghcr-io-miciav-nanofaas-java-warm-echo-sha256-2c023b2f2c1e092437c60c83bd9ea47ab29f957b7be39a22ced3ea67379e163c] running  Syft SBOM ghcr.io/miciav/nanofaas/java-warm-echo@sha256:2c023b2f2c1e092437c60c83bd9ea47ab29f957b7be39a22ced3ea67379e163c
[040.attest-published-images/attest-ghcr-io-miciav-nanofaas-java-warm-echo-sha256-2c023b2f2c1e092437c60c83bd9ea47ab29f957b7be39a22ced3ea67379e163c-5f3de5b3/syft-sbom-ghcr-io-miciav-nanofaas-java-warm-echo-sha256-2c023b2f2c1e092437c60c83bd9ea47ab29f957b7be39a22ced3ea67379e163c] passed   19.9s
[040.attest-published-images/attest-ghcr-io-miciav-nanofaas-java-warm-echo-sha256-2c023b2f2c1e092437c60c83bd9ea47ab29f957b7be39a22ced3ea67379e163c-5f3de5b3/cosign-sign-ghcr-io-miciav-nanofaas-java-warm-echo-sha256-2c023b2f2c1e092437c60c83bd9ea47ab29f957b7be39a22ced3ea67379e163c] running  cosign sign ghcr.io/miciav/nanofaas/java-warm-echo@sha256:2c023b2f2c1e092437c60c83bd9ea47ab29f957b7be39a22ced3ea67379e163c
[040.attest-published-images/attest-ghcr-io-miciav-nanofaas-java-warm-echo-sha256-2c023b2f2c1e092437c60c83bd9ea47ab29f957b7be39a22ced3ea67379e163c-5f3de5b3/cosign-sign-ghcr-io-miciav-nanofaas-java-warm-echo-sha256-2c023b2f2c1e092437c60c83bd9ea47ab29f957b7be39a22ced3ea67379e163c] passed   5.7s
[040.attest-published-images/attest-ghcr-io-miciav-nanofaas-java-warm-echo-sha256-2c023b2f2c1e092437c60c83bd9ea47ab29f957b7be39a22ced3ea67379e163c-5f3de5b3/cosign-attest-ghcr-io-miciav-nanofaas-java-warm-echo-sha256-2c023b2f2c1e092437c60c83bd9ea47ab29f957b7be39a22ced3ea67379e163c] running  cosign attest ghcr.io/miciav/nanofaas/java-warm-echo@sha256:2c023b2f2c1e092437c60c83bd9ea47ab29f957b7be39a22ced3ea67379e163c
[040.attest-published-images/attest-ghcr-io-miciav-nanofaas-java-warm-echo-sha256-2c023b2f2c1e092437c60c83bd9ea47ab29f957b7be39a22ced3ea67379e163c-5f3de5b3/cosign-attest-ghcr-io-miciav-nanofaas-java-warm-echo-sha256-2c023b2f2c1e092437c60c83bd9ea47ab29f957b7be39a22ced3ea67379e163c] passed   5.3s
[040.attest-published-images/attest-ghcr-io-miciav-nanofaas-java-warm-echo-sha256-2c023b2f2c1e092437c60c83bd9ea47ab29f957b7be39a22ced3ea67379e163c-5f3de5b3/cosign-attach-sbom-ghcr-io-miciav-nanofaas-java-warm-echo-sha256-2c023b2f2c1e092437c60c83bd9ea47ab29f957b7be39a22ced3ea67379e163c] running  cosign attach sbom ghcr.io/miciav/nanofaas/java-warm-echo@sha256:2c023b2f2c1e092437c60c83bd9ea47ab29f957b7be39a22ced3ea67379e163c
[040.attest-published-images/attest-ghcr-io-miciav-nanofaas-java-warm-echo-sha256-2c023b2f2c1e092437c60c83bd9ea47ab29f957b7be39a22ced3ea67379e163c-5f3de5b3/cosign-attach-sbom-ghcr-io-miciav-nanofaas-java-warm-echo-sha256-2c023b2f2c1e092437c60c83bd9ea47ab29f957b7be39a22ced3ea67379e163c] passed   4.2s
[040.attest-published-images/attest-ghcr-io-miciav-nanofaas-java-warm-echo-sha256-2c023b2f2c1e092437c60c83bd9ea47ab29f957b7be39a22ced3ea67379e163c-5f3de5b3/cosign-verify-ghcr-io-miciav-nanofaas-java-warm-echo-sha256-2c023b2f2c1e092437c60c83bd9ea47ab29f957b7be39a22ced3ea67379e163c] running  cosign verify ghcr.io/miciav/nanofaas/java-warm-echo@sha256:2c023b2f2c1e092437c60c83bd9ea47ab29f957b7be39a22ced3ea67379e163c
[040.attest-published-images/attest-ghcr-io-miciav-nanofaas-java-warm-echo-sha256-2c023b2f2c1e092437c60c83bd9ea47ab29f957b7be39a22ced3ea67379e163c-5f3de5b3/cosign-verify-ghcr-io-miciav-nanofaas-java-warm-echo-sha256-2c023b2f2c1e092437c60c83bd9ea47ab29f957b7be39a22ced3ea67379e163c] passed   3.1s
[040.attest-published-images/attest-ghcr-io-miciav-nanofaas-java-warm-echo-sha256-2c023b2f2c1e092437c60c83bd9ea47ab29f957b7be39a22ced3ea67379e163c-5f3de5b3/cosign-verify-attestation-ghcr-io-miciav-nanofaas-java-warm-echo-sha256-2c023b2f2c1e092437c60c83bd9ea47ab29f957b7be39a22ced3ea67379e163c] running  cosign verify-attestation ghcr.io/miciav/nanofaas/java-warm-echo@sha256:2c023b2f2c1e092437c60c83bd9ea47ab29f957b7be39a22ced3ea67379e163c
[040.attest-published-images/attest-ghcr-io-miciav-nanofaas-java-warm-echo-sha256-2c023b2f2c1e092437c60c83bd9ea47ab29f957b7be39a22ced3ea67379e163c-5f3de5b3/cosign-verify-attestation-ghcr-io-miciav-nanofaas-java-warm-echo-sha256-2c023b2f2c1e092437c60c83bd9ea47ab29f957b7be39a22ced3ea67379e163c] passed   3.4s
[040.attest-published-images/attest-ghcr-io-miciav-nanofaas-java-warm-echo-sha256-2c023b2f2c1e092437c60c83bd9ea47ab29f957b7be39a22ced3ea67379e163c-5f3de5b3] passed   41.7s
[040.attest-published-images/attest-ghcr-io-miciav-nanofaas-java-warm-echo-sha256-1038529f1a6147bb74ccf6cc032c997dac43c4b325c52f76dda5d524d29cc4b3-cde8878c] running  Attest ghcr.io/miciav/nanofaas/java-warm-echo@sha256:1038529f1a6147bb74ccf6cc032c997dac43c4b325c52f76dda5d524d29cc4b3 cde8878c
[040.attest-published-images/attest-ghcr-io-miciav-nanofaas-java-warm-echo-sha256-1038529f1a6147bb74ccf6cc032c997dac43c4b325c52f76dda5d524d29cc4b3-cde8878c/syft-sbom-ghcr-io-miciav-nanofaas-java-warm-echo-sha256-1038529f1a6147bb74ccf6cc032c997dac43c4b325c52f76dda5d524d29cc4b3] running  Syft SBOM ghcr.io/miciav/nanofaas/java-warm-echo@sha256:1038529f1a6147bb74ccf6cc032c997dac43c4b325c52f76dda5d524d29cc4b3
[040.attest-published-images/attest-ghcr-io-miciav-nanofaas-java-warm-echo-sha256-1038529f1a6147bb74ccf6cc032c997dac43c4b325c52f76dda5d524d29cc4b3-cde8878c/syft-sbom-ghcr-io-miciav-nanofaas-java-warm-echo-sha256-1038529f1a6147bb74ccf6cc032c997dac43c4b325c52f76dda5d524d29cc4b3] passed   10.6s
[040.attest-published-images/attest-ghcr-io-miciav-nanofaas-java-warm-echo-sha256-1038529f1a6147bb74ccf6cc032c997dac43c4b325c52f76dda5d524d29cc4b3-cde8878c/cosign-sign-ghcr-io-miciav-nanofaas-java-warm-echo-sha256-1038529f1a6147bb74ccf6cc032c997dac43c4b325c52f76dda5d524d29cc4b3] running  cosign sign ghcr.io/miciav/nanofaas/java-warm-echo@sha256:1038529f1a6147bb74ccf6cc032c997dac43c4b325c52f76dda5d524d29cc4b3
[040.attest-published-images/attest-ghcr-io-miciav-nanofaas-java-warm-echo-sha256-1038529f1a6147bb74ccf6cc032c997dac43c4b325c52f76dda5d524d29cc4b3-cde8878c/cosign-sign-ghcr-io-miciav-nanofaas-java-warm-echo-sha256-1038529f1a6147bb74ccf6cc032c997dac43c4b325c52f76dda5d524d29cc4b3] passed   5.7s
[040.attest-published-images/attest-ghcr-io-miciav-nanofaas-java-warm-echo-sha256-1038529f1a6147bb74ccf6cc032c997dac43c4b325c52f76dda5d524d29cc4b3-cde8878c/cosign-attest-ghcr-io-miciav-nanofaas-java-warm-echo-sha256-1038529f1a6147bb74ccf6cc032c997dac43c4b325c52f76dda5d524d29cc4b3] running  cosign attest ghcr.io/miciav/nanofaas/java-warm-echo@sha256:1038529f1a6147bb74ccf6cc032c997dac43c4b325c52f76dda5d524d29cc4b3
[040.attest-published-images/attest-ghcr-io-miciav-nanofaas-java-warm-echo-sha256-1038529f1a6147bb74ccf6cc032c997dac43c4b325c52f76dda5d524d29cc4b3-cde8878c/cosign-attest-ghcr-io-miciav-nanofaas-java-warm-echo-sha256-1038529f1a6147bb74ccf6cc032c997dac43c4b325c52f76dda5d524d29cc4b3] passed   5.7s
[040.attest-published-images/attest-ghcr-io-miciav-nanofaas-java-warm-echo-sha256-1038529f1a6147bb74ccf6cc032c997dac43c4b325c52f76dda5d524d29cc4b3-cde8878c/cosign-attach-sbom-ghcr-io-miciav-nanofaas-java-warm-echo-sha256-1038529f1a6147bb74ccf6cc032c997dac43c4b325c52f76dda5d524d29cc4b3] running  cosign attach sbom ghcr.io/miciav/nanofaas/java-warm-echo@sha256:1038529f1a6147bb74ccf6cc032c997dac43c4b325c52f76dda5d524d29cc4b3
[040.attest-published-images/attest-ghcr-io-miciav-nanofaas-java-warm-echo-sha256-1038529f1a6147bb74ccf6cc032c997dac43c4b325c52f76dda5d524d29cc4b3-cde8878c/cosign-attach-sbom-ghcr-io-miciav-nanofaas-java-warm-echo-sha256-1038529f1a6147bb74ccf6cc032c997dac43c4b325c52f76dda5d524d29cc4b3] passed   4.6s
[040.attest-published-images/attest-ghcr-io-miciav-nanofaas-java-warm-echo-sha256-1038529f1a6147bb74ccf6cc032c997dac43c4b325c52f76dda5d524d29cc4b3-cde8878c/cosign-verify-ghcr-io-miciav-nanofaas-java-warm-echo-sha256-1038529f1a6147bb74ccf6cc032c997dac43c4b325c52f76dda5d524d29cc4b3] running  cosign verify ghcr.io/miciav/nanofaas/java-warm-echo@sha256:1038529f1a6147bb74ccf6cc032c997dac43c4b325c52f76dda5d524d29cc4b3
[040.attest-published-images/attest-ghcr-io-miciav-nanofaas-java-warm-echo-sha256-1038529f1a6147bb74ccf6cc032c997dac43c4b325c52f76dda5d524d29cc4b3-cde8878c/cosign-verify-ghcr-io-miciav-nanofaas-java-warm-echo-sha256-1038529f1a6147bb74ccf6cc032c997dac43c4b325c52f76dda5d524d29cc4b3] passed   3.4s
[040.attest-published-images/attest-ghcr-io-miciav-nanofaas-java-warm-echo-sha256-1038529f1a6147bb74ccf6cc032c997dac43c4b325c52f76dda5d524d29cc4b3-cde8878c/cosign-verify-attestation-ghcr-io-miciav-nanofaas-java-warm-echo-sha256-1038529f1a6147bb74ccf6cc032c997dac43c4b325c52f76dda5d524d29cc4b3] running  cosign verify-attestation ghcr.io/miciav/nanofaas/java-warm-echo@sha256:1038529f1a6147bb74ccf6cc032c997dac43c4b325c52f76dda5d524d29cc4b3
[040.attest-published-images/attest-ghcr-io-miciav-nanofaas-java-warm-echo-sha256-1038529f1a6147bb74ccf6cc032c997dac43c4b325c52f76dda5d524d29cc4b3-cde8878c/cosign-verify-attestation-ghcr-io-miciav-nanofaas-java-warm-echo-sha256-1038529f1a6147bb74ccf6cc032c997dac43c4b325c52f76dda5d524d29cc4b3] passed   4.0s
[040.attest-published-images/attest-ghcr-io-miciav-nanofaas-java-warm-echo-sha256-1038529f1a6147bb74ccf6cc032c997dac43c4b325c52f76dda5d524d29cc4b3-cde8878c] passed   34.0s
[040.attest-published-images/attest-ghcr-io-miciav-nanofaas-java-warm-echo-sha256-0b5657debc8d1dd3eb9bfb83975000221b71914e65c27b909d1e1560aa12baea-ab75d5e4] running  Attest ghcr.io/miciav/nanofaas/java-warm-echo@sha256:0b5657debc8d1dd3eb9bfb83975000221b71914e65c27b909d1e1560aa12baea ab75d5e4
[040.attest-published-images/attest-ghcr-io-miciav-nanofaas-java-warm-echo-sha256-0b5657debc8d1dd3eb9bfb83975000221b71914e65c27b909d1e1560aa12baea-ab75d5e4/syft-sbom-ghcr-io-miciav-nanofaas-java-warm-echo-sha256-0b5657debc8d1dd3eb9bfb83975000221b71914e65c27b909d1e1560aa12baea] running  Syft SBOM ghcr.io/miciav/nanofaas/java-warm-echo@sha256:0b5657debc8d1dd3eb9bfb83975000221b71914e65c27b909d1e1560aa12baea
[040.attest-published-images/attest-ghcr-io-miciav-nanofaas-java-warm-echo-sha256-0b5657debc8d1dd3eb9bfb83975000221b71914e65c27b909d1e1560aa12baea-ab75d5e4/syft-sbom-ghcr-io-miciav-nanofaas-java-warm-echo-sha256-0b5657debc8d1dd3eb9bfb83975000221b71914e65c27b909d1e1560aa12baea] passed   15.6s
[040.attest-published-images/attest-ghcr-io-miciav-nanofaas-java-warm-echo-sha256-0b5657debc8d1dd3eb9bfb83975000221b71914e65c27b909d1e1560aa12baea-ab75d5e4/cosign-sign-ghcr-io-miciav-nanofaas-java-warm-echo-sha256-0b5657debc8d1dd3eb9bfb83975000221b71914e65c27b909d1e1560aa12baea] running  cosign sign ghcr.io/miciav/nanofaas/java-warm-echo@sha256:0b5657debc8d1dd3eb9bfb83975000221b71914e65c27b909d1e1560aa12baea
[040.attest-published-images/attest-ghcr-io-miciav-nanofaas-java-warm-echo-sha256-0b5657debc8d1dd3eb9bfb83975000221b71914e65c27b909d1e1560aa12baea-ab75d5e4/cosign-sign-ghcr-io-miciav-nanofaas-java-warm-echo-sha256-0b5657debc8d1dd3eb9bfb83975000221b71914e65c27b909d1e1560aa12baea] passed   6.1s
[040.attest-published-images/attest-ghcr-io-miciav-nanofaas-java-warm-echo-sha256-0b5657debc8d1dd3eb9bfb83975000221b71914e65c27b909d1e1560aa12baea-ab75d5e4/cosign-attest-ghcr-io-miciav-nanofaas-java-warm-echo-sha256-0b5657debc8d1dd3eb9bfb83975000221b71914e65c27b909d1e1560aa12baea] running  cosign attest ghcr.io/miciav/nanofaas/java-warm-echo@sha256:0b5657debc8d1dd3eb9bfb83975000221b71914e65c27b909d1e1560aa12baea
[040.attest-published-images/attest-ghcr-io-miciav-nanofaas-java-warm-echo-sha256-0b5657debc8d1dd3eb9bfb83975000221b71914e65c27b909d1e1560aa12baea-ab75d5e4/cosign-attest-ghcr-io-miciav-nanofaas-java-warm-echo-sha256-0b5657debc8d1dd3eb9bfb83975000221b71914e65c27b909d1e1560aa12baea] passed   5.4s
[040.attest-published-images/attest-ghcr-io-miciav-nanofaas-java-warm-echo-sha256-0b5657debc8d1dd3eb9bfb83975000221b71914e65c27b909d1e1560aa12baea-ab75d5e4/cosign-attach-sbom-ghcr-io-miciav-nanofaas-java-warm-echo-sha256-0b5657debc8d1dd3eb9bfb83975000221b71914e65c27b909d1e1560aa12baea] running  cosign attach sbom ghcr.io/miciav/nanofaas/java-warm-echo@sha256:0b5657debc8d1dd3eb9bfb83975000221b71914e65c27b909d1e1560aa12baea
[040.attest-published-images/attest-ghcr-io-miciav-nanofaas-java-warm-echo-sha256-0b5657debc8d1dd3eb9bfb83975000221b71914e65c27b909d1e1560aa12baea-ab75d5e4/cosign-attach-sbom-ghcr-io-miciav-nanofaas-java-warm-echo-sha256-0b5657debc8d1dd3eb9bfb83975000221b71914e65c27b909d1e1560aa12baea] passed   4.8s
[040.attest-published-images/attest-ghcr-io-miciav-nanofaas-java-warm-echo-sha256-0b5657debc8d1dd3eb9bfb83975000221b71914e65c27b909d1e1560aa12baea-ab75d5e4/cosign-verify-ghcr-io-miciav-nanofaas-java-warm-echo-sha256-0b5657debc8d1dd3eb9bfb83975000221b71914e65c27b909d1e1560aa12baea] running  cosign verify ghcr.io/miciav/nanofaas/java-warm-echo@sha256:0b5657debc8d1dd3eb9bfb83975000221b71914e65c27b909d1e1560aa12baea
[040.attest-published-images/attest-ghcr-io-miciav-nanofaas-java-warm-echo-sha256-0b5657debc8d1dd3eb9bfb83975000221b71914e65c27b909d1e1560aa12baea-ab75d5e4/cosign-verify-ghcr-io-miciav-nanofaas-java-warm-echo-sha256-0b5657debc8d1dd3eb9bfb83975000221b71914e65c27b909d1e1560aa12baea] passed   3.5s
[040.attest-published-images/attest-ghcr-io-miciav-nanofaas-java-warm-echo-sha256-0b5657debc8d1dd3eb9bfb83975000221b71914e65c27b909d1e1560aa12baea-ab75d5e4/cosign-verify-attestation-ghcr-io-miciav-nanofaas-java-warm-echo-sha256-0b5657debc8d1dd3eb9bfb83975000221b71914e65c27b909d1e1560aa12baea] running  cosign verify-attestation ghcr.io/miciav/nanofaas/java-warm-echo@sha256:0b5657debc8d1dd3eb9bfb83975000221b71914e65c27b909d1e1560aa12baea
[040.attest-published-images/attest-ghcr-io-miciav-nanofaas-java-warm-echo-sha256-0b5657debc8d1dd3eb9bfb83975000221b71914e65c27b909d1e1560aa12baea-ab75d5e4/cosign-verify-attestation-ghcr-io-miciav-nanofaas-java-warm-echo-sha256-0b5657debc8d1dd3eb9bfb83975000221b71914e65c27b909d1e1560aa12baea] passed   4.2s
[040.attest-published-images/attest-ghcr-io-miciav-nanofaas-java-warm-echo-sha256-0b5657debc8d1dd3eb9bfb83975000221b71914e65c27b909d1e1560aa12baea-ab75d5e4] passed   39.7s
[040.attest-published-images/attest-ghcr-io-miciav-nanofaas-java-word-stats-sha256-ce4f8beabff358d2a62eaea56b093527111953393afba533f2c6e71e1349d9ad-6fd196a0] running  Attest ghcr.io/miciav/nanofaas/java-word-stats@sha256:ce4f8beabff358d2a62eaea56b093527111953393afba533f2c6e71e1349d9ad 6fd196a0
[040.attest-published-images/attest-ghcr-io-miciav-nanofaas-java-word-stats-sha256-ce4f8beabff358d2a62eaea56b093527111953393afba533f2c6e71e1349d9ad-6fd196a0/syft-sbom-ghcr-io-miciav-nanofaas-java-word-stats-sha256-ce4f8beabff358d2a62eaea56b093527111953393afba533f2c6e71e1349d9ad] running  Syft SBOM ghcr.io/miciav/nanofaas/java-word-stats@sha256:ce4f8beabff358d2a62eaea56b093527111953393afba533f2c6e71e1349d9ad
[040.attest-published-images/attest-ghcr-io-miciav-nanofaas-java-word-stats-sha256-ce4f8beabff358d2a62eaea56b093527111953393afba533f2c6e71e1349d9ad-6fd196a0/syft-sbom-ghcr-io-miciav-nanofaas-java-word-stats-sha256-ce4f8beabff358d2a62eaea56b093527111953393afba533f2c6e71e1349d9ad] passed   8.9s
[040.attest-published-images/attest-ghcr-io-miciav-nanofaas-java-word-stats-sha256-ce4f8beabff358d2a62eaea56b093527111953393afba533f2c6e71e1349d9ad-6fd196a0/cosign-sign-ghcr-io-miciav-nanofaas-java-word-stats-sha256-ce4f8beabff358d2a62eaea56b093527111953393afba533f2c6e71e1349d9ad] running  cosign sign ghcr.io/miciav/nanofaas/java-word-stats@sha256:ce4f8beabff358d2a62eaea56b093527111953393afba533f2c6e71e1349d9ad
[040.attest-published-images/attest-ghcr-io-miciav-nanofaas-java-word-stats-sha256-ce4f8beabff358d2a62eaea56b093527111953393afba533f2c6e71e1349d9ad-6fd196a0/cosign-sign-ghcr-io-miciav-nanofaas-java-word-stats-sha256-ce4f8beabff358d2a62eaea56b093527111953393afba533f2c6e71e1349d9ad] passed   5.4s
[040.attest-published-images/attest-ghcr-io-miciav-nanofaas-java-word-stats-sha256-ce4f8beabff358d2a62eaea56b093527111953393afba533f2c6e71e1349d9ad-6fd196a0/cosign-attest-ghcr-io-miciav-nanofaas-java-word-stats-sha256-ce4f8beabff358d2a62eaea56b093527111953393afba533f2c6e71e1349d9ad] running  cosign attest ghcr.io/miciav/nanofaas/java-word-stats@sha256:ce4f8beabff358d2a62eaea56b093527111953393afba533f2c6e71e1349d9ad
[040.attest-published-images/attest-ghcr-io-miciav-nanofaas-java-word-stats-sha256-ce4f8beabff358d2a62eaea56b093527111953393afba533f2c6e71e1349d9ad-6fd196a0/cosign-attest-ghcr-io-miciav-nanofaas-java-word-stats-sha256-ce4f8beabff358d2a62eaea56b093527111953393afba533f2c6e71e1349d9ad] passed   5.2s
[040.attest-published-images/attest-ghcr-io-miciav-nanofaas-java-word-stats-sha256-ce4f8beabff358d2a62eaea56b093527111953393afba533f2c6e71e1349d9ad-6fd196a0/cosign-attach-sbom-ghcr-io-miciav-nanofaas-java-word-stats-sha256-ce4f8beabff358d2a62eaea56b093527111953393afba533f2c6e71e1349d9ad] running  cosign attach sbom ghcr.io/miciav/nanofaas/java-word-stats@sha256:ce4f8beabff358d2a62eaea56b093527111953393afba533f2c6e71e1349d9ad
[040.attest-published-images/attest-ghcr-io-miciav-nanofaas-java-word-stats-sha256-ce4f8beabff358d2a62eaea56b093527111953393afba533f2c6e71e1349d9ad-6fd196a0/cosign-attach-sbom-ghcr-io-miciav-nanofaas-java-word-stats-sha256-ce4f8beabff358d2a62eaea56b093527111953393afba533f2c6e71e1349d9ad] passed   5.4s
[040.attest-published-images/attest-ghcr-io-miciav-nanofaas-java-word-stats-sha256-ce4f8beabff358d2a62eaea56b093527111953393afba533f2c6e71e1349d9ad-6fd196a0/cosign-verify-ghcr-io-miciav-nanofaas-java-word-stats-sha256-ce4f8beabff358d2a62eaea56b093527111953393afba533f2c6e71e1349d9ad] running  cosign verify ghcr.io/miciav/nanofaas/java-word-stats@sha256:ce4f8beabff358d2a62eaea56b093527111953393afba533f2c6e71e1349d9ad
[040.attest-published-images/attest-ghcr-io-miciav-nanofaas-java-word-stats-sha256-ce4f8beabff358d2a62eaea56b093527111953393afba533f2c6e71e1349d9ad-6fd196a0/cosign-verify-ghcr-io-miciav-nanofaas-java-word-stats-sha256-ce4f8beabff358d2a62eaea56b093527111953393afba533f2c6e71e1349d9ad] passed   3.8s
[040.attest-published-images/attest-ghcr-io-miciav-nanofaas-java-word-stats-sha256-ce4f8beabff358d2a62eaea56b093527111953393afba533f2c6e71e1349d9ad-6fd196a0/cosign-verify-attestation-ghcr-io-miciav-nanofaas-java-word-stats-sha256-ce4f8beabff358d2a62eaea56b093527111953393afba533f2c6e71e1349d9ad] running  cosign verify-attestation ghcr.io/miciav/nanofaas/java-word-stats@sha256:ce4f8beabff358d2a62eaea56b093527111953393afba533f2c6e71e1349d9ad
[040.attest-published-images/attest-ghcr-io-miciav-nanofaas-java-word-stats-sha256-ce4f8beabff358d2a62eaea56b093527111953393afba533f2c6e71e1349d9ad-6fd196a0/cosign-verify-attestation-ghcr-io-miciav-nanofaas-java-word-stats-sha256-ce4f8beabff358d2a62eaea56b093527111953393afba533f2c6e71e1349d9ad] passed   4.0s
[040.attest-published-images/attest-ghcr-io-miciav-nanofaas-java-word-stats-sha256-ce4f8beabff358d2a62eaea56b093527111953393afba533f2c6e71e1349d9ad-6fd196a0] passed   32.6s
[040.attest-published-images/attest-ghcr-io-miciav-nanofaas-java-word-stats-sha256-9760d7e5c991a21c84b620b3be1d7bdbcdd4b22753aaa01251cd67fd0ff9fefc-18869ef9] running  Attest ghcr.io/miciav/nanofaas/java-word-stats@sha256:9760d7e5c991a21c84b620b3be1d7bdbcdd4b22753aaa01251cd67fd0ff9fefc 18869ef9
[040.attest-published-images/attest-ghcr-io-miciav-nanofaas-java-word-stats-sha256-9760d7e5c991a21c84b620b3be1d7bdbcdd4b22753aaa01251cd67fd0ff9fefc-18869ef9/syft-sbom-ghcr-io-miciav-nanofaas-java-word-stats-sha256-9760d7e5c991a21c84b620b3be1d7bdbcdd4b22753aaa01251cd67fd0ff9fefc] running  Syft SBOM ghcr.io/miciav/nanofaas/java-word-stats@sha256:9760d7e5c991a21c84b620b3be1d7bdbcdd4b22753aaa01251cd67fd0ff9fefc
[040.attest-published-images/attest-ghcr-io-miciav-nanofaas-java-word-stats-sha256-9760d7e5c991a21c84b620b3be1d7bdbcdd4b22753aaa01251cd67fd0ff9fefc-18869ef9/syft-sbom-ghcr-io-miciav-nanofaas-java-word-stats-sha256-9760d7e5c991a21c84b620b3be1d7bdbcdd4b22753aaa01251cd67fd0ff9fefc] passed   13.4s
[040.attest-published-images/attest-ghcr-io-miciav-nanofaas-java-word-stats-sha256-9760d7e5c991a21c84b620b3be1d7bdbcdd4b22753aaa01251cd67fd0ff9fefc-18869ef9/cosign-sign-ghcr-io-miciav-nanofaas-java-word-stats-sha256-9760d7e5c991a21c84b620b3be1d7bdbcdd4b22753aaa01251cd67fd0ff9fefc] running  cosign sign ghcr.io/miciav/nanofaas/java-word-stats@sha256:9760d7e5c991a21c84b620b3be1d7bdbcdd4b22753aaa01251cd67fd0ff9fefc
[040.attest-published-images/attest-ghcr-io-miciav-nanofaas-java-word-stats-sha256-9760d7e5c991a21c84b620b3be1d7bdbcdd4b22753aaa01251cd67fd0ff9fefc-18869ef9/cosign-sign-ghcr-io-miciav-nanofaas-java-word-stats-sha256-9760d7e5c991a21c84b620b3be1d7bdbcdd4b22753aaa01251cd67fd0ff9fefc] passed   6.0s
[040.attest-published-images/attest-ghcr-io-miciav-nanofaas-java-word-stats-sha256-9760d7e5c991a21c84b620b3be1d7bdbcdd4b22753aaa01251cd67fd0ff9fefc-18869ef9/cosign-attest-ghcr-io-miciav-nanofaas-java-word-stats-sha256-9760d7e5c991a21c84b620b3be1d7bdbcdd4b22753aaa01251cd67fd0ff9fefc] running  cosign attest ghcr.io/miciav/nanofaas/java-word-stats@sha256:9760d7e5c991a21c84b620b3be1d7bdbcdd4b22753aaa01251cd67fd0ff9fefc
[040.attest-published-images/attest-ghcr-io-miciav-nanofaas-java-word-stats-sha256-9760d7e5c991a21c84b620b3be1d7bdbcdd4b22753aaa01251cd67fd0ff9fefc-18869ef9/cosign-attest-ghcr-io-miciav-nanofaas-java-word-stats-sha256-9760d7e5c991a21c84b620b3be1d7bdbcdd4b22753aaa01251cd67fd0ff9fefc] passed   5.5s
[040.attest-published-images/attest-ghcr-io-miciav-nanofaas-java-word-stats-sha256-9760d7e5c991a21c84b620b3be1d7bdbcdd4b22753aaa01251cd67fd0ff9fefc-18869ef9/cosign-attach-sbom-ghcr-io-miciav-nanofaas-java-word-stats-sha256-9760d7e5c991a21c84b620b3be1d7bdbcdd4b22753aaa01251cd67fd0ff9fefc] running  cosign attach sbom ghcr.io/miciav/nanofaas/java-word-stats@sha256:9760d7e5c991a21c84b620b3be1d7bdbcdd4b22753aaa01251cd67fd0ff9fefc
[040.attest-published-images/attest-ghcr-io-miciav-nanofaas-java-word-stats-sha256-9760d7e5c991a21c84b620b3be1d7bdbcdd4b22753aaa01251cd67fd0ff9fefc-18869ef9/cosign-attach-sbom-ghcr-io-miciav-nanofaas-java-word-stats-sha256-9760d7e5c991a21c84b620b3be1d7bdbcdd4b22753aaa01251cd67fd0ff9fefc] passed   5.1s
[040.attest-published-images/attest-ghcr-io-miciav-nanofaas-java-word-stats-sha256-9760d7e5c991a21c84b620b3be1d7bdbcdd4b22753aaa01251cd67fd0ff9fefc-18869ef9/cosign-verify-ghcr-io-miciav-nanofaas-java-word-stats-sha256-9760d7e5c991a21c84b620b3be1d7bdbcdd4b22753aaa01251cd67fd0ff9fefc] running  cosign verify ghcr.io/miciav/nanofaas/java-word-stats@sha256:9760d7e5c991a21c84b620b3be1d7bdbcdd4b22753aaa01251cd67fd0ff9fefc
[040.attest-published-images/attest-ghcr-io-miciav-nanofaas-java-word-stats-sha256-9760d7e5c991a21c84b620b3be1d7bdbcdd4b22753aaa01251cd67fd0ff9fefc-18869ef9/cosign-verify-ghcr-io-miciav-nanofaas-java-word-stats-sha256-9760d7e5c991a21c84b620b3be1d7bdbcdd4b22753aaa01251cd67fd0ff9fefc] passed   3.1s
[040.attest-published-images/attest-ghcr-io-miciav-nanofaas-java-word-stats-sha256-9760d7e5c991a21c84b620b3be1d7bdbcdd4b22753aaa01251cd67fd0ff9fefc-18869ef9/cosign-verify-attestation-ghcr-io-miciav-nanofaas-java-word-stats-sha256-9760d7e5c991a21c84b620b3be1d7bdbcdd4b22753aaa01251cd67fd0ff9fefc] running  cosign verify-attestation ghcr.io/miciav/nanofaas/java-word-stats@sha256:9760d7e5c991a21c84b620b3be1d7bdbcdd4b22753aaa01251cd67fd0ff9fefc
[040.attest-published-images/attest-ghcr-io-miciav-nanofaas-java-word-stats-sha256-9760d7e5c991a21c84b620b3be1d7bdbcdd4b22753aaa01251cd67fd0ff9fefc-18869ef9/cosign-verify-attestation-ghcr-io-miciav-nanofaas-java-word-stats-sha256-9760d7e5c991a21c84b620b3be1d7bdbcdd4b22753aaa01251cd67fd0ff9fefc] passed   3.8s
[040.attest-published-images/attest-ghcr-io-miciav-nanofaas-java-word-stats-sha256-9760d7e5c991a21c84b620b3be1d7bdbcdd4b22753aaa01251cd67fd0ff9fefc-18869ef9] passed   36.9s
[040.attest-published-images/attest-ghcr-io-miciav-nanofaas-java-word-stats-sha256-4a7d1f2cd6d95e16a749499d29568f5a7561442e52eac66701be847470666854-9edc4f1f] running  Attest ghcr.io/miciav/nanofaas/java-word-stats@sha256:4a7d1f2cd6d95e16a749499d29568f5a7561442e52eac66701be847470666854 9edc4f1f
[040.attest-published-images/attest-ghcr-io-miciav-nanofaas-java-word-stats-sha256-4a7d1f2cd6d95e16a749499d29568f5a7561442e52eac66701be847470666854-9edc4f1f/syft-sbom-ghcr-io-miciav-nanofaas-java-word-stats-sha256-4a7d1f2cd6d95e16a749499d29568f5a7561442e52eac66701be847470666854] running  Syft SBOM ghcr.io/miciav/nanofaas/java-word-stats@sha256:4a7d1f2cd6d95e16a749499d29568f5a7561442e52eac66701be847470666854
[040.attest-published-images/attest-ghcr-io-miciav-nanofaas-java-word-stats-sha256-4a7d1f2cd6d95e16a749499d29568f5a7561442e52eac66701be847470666854-9edc4f1f/syft-sbom-ghcr-io-miciav-nanofaas-java-word-stats-sha256-4a7d1f2cd6d95e16a749499d29568f5a7561442e52eac66701be847470666854] passed   7.4s
[040.attest-published-images/attest-ghcr-io-miciav-nanofaas-java-word-stats-sha256-4a7d1f2cd6d95e16a749499d29568f5a7561442e52eac66701be847470666854-9edc4f1f/cosign-sign-ghcr-io-miciav-nanofaas-java-word-stats-sha256-4a7d1f2cd6d95e16a749499d29568f5a7561442e52eac66701be847470666854] running  cosign sign ghcr.io/miciav/nanofaas/java-word-stats@sha256:4a7d1f2cd6d95e16a749499d29568f5a7561442e52eac66701be847470666854
[040.attest-published-images/attest-ghcr-io-miciav-nanofaas-java-word-stats-sha256-4a7d1f2cd6d95e16a749499d29568f5a7561442e52eac66701be847470666854-9edc4f1f/cosign-sign-ghcr-io-miciav-nanofaas-java-word-stats-sha256-4a7d1f2cd6d95e16a749499d29568f5a7561442e52eac66701be847470666854] passed   5.6s
[040.attest-published-images/attest-ghcr-io-miciav-nanofaas-java-word-stats-sha256-4a7d1f2cd6d95e16a749499d29568f5a7561442e52eac66701be847470666854-9edc4f1f/cosign-attest-ghcr-io-miciav-nanofaas-java-word-stats-sha256-4a7d1f2cd6d95e16a749499d29568f5a7561442e52eac66701be847470666854] running  cosign attest ghcr.io/miciav/nanofaas/java-word-stats@sha256:4a7d1f2cd6d95e16a749499d29568f5a7561442e52eac66701be847470666854
[040.attest-published-images/attest-ghcr-io-miciav-nanofaas-java-word-stats-sha256-4a7d1f2cd6d95e16a749499d29568f5a7561442e52eac66701be847470666854-9edc4f1f/cosign-attest-ghcr-io-miciav-nanofaas-java-word-stats-sha256-4a7d1f2cd6d95e16a749499d29568f5a7561442e52eac66701be847470666854] passed   6.1s
[040.attest-published-images/attest-ghcr-io-miciav-nanofaas-java-word-stats-sha256-4a7d1f2cd6d95e16a749499d29568f5a7561442e52eac66701be847470666854-9edc4f1f/cosign-attach-sbom-ghcr-io-miciav-nanofaas-java-word-stats-sha256-4a7d1f2cd6d95e16a749499d29568f5a7561442e52eac66701be847470666854] running  cosign attach sbom ghcr.io/miciav/nanofaas/java-word-stats@sha256:4a7d1f2cd6d95e16a749499d29568f5a7561442e52eac66701be847470666854
[040.attest-published-images/attest-ghcr-io-miciav-nanofaas-java-word-stats-sha256-4a7d1f2cd6d95e16a749499d29568f5a7561442e52eac66701be847470666854-9edc4f1f/cosign-attach-sbom-ghcr-io-miciav-nanofaas-java-word-stats-sha256-4a7d1f2cd6d95e16a749499d29568f5a7561442e52eac66701be847470666854] passed   5.0s
[040.attest-published-images/attest-ghcr-io-miciav-nanofaas-java-word-stats-sha256-4a7d1f2cd6d95e16a749499d29568f5a7561442e52eac66701be847470666854-9edc4f1f/cosign-verify-ghcr-io-miciav-nanofaas-java-word-stats-sha256-4a7d1f2cd6d95e16a749499d29568f5a7561442e52eac66701be847470666854] running  cosign verify ghcr.io/miciav/nanofaas/java-word-stats@sha256:4a7d1f2cd6d95e16a749499d29568f5a7561442e52eac66701be847470666854
[040.attest-published-images/attest-ghcr-io-miciav-nanofaas-java-word-stats-sha256-4a7d1f2cd6d95e16a749499d29568f5a7561442e52eac66701be847470666854-9edc4f1f/cosign-verify-ghcr-io-miciav-nanofaas-java-word-stats-sha256-4a7d1f2cd6d95e16a749499d29568f5a7561442e52eac66701be847470666854] passed   4.0s
[040.attest-published-images/attest-ghcr-io-miciav-nanofaas-java-word-stats-sha256-4a7d1f2cd6d95e16a749499d29568f5a7561442e52eac66701be847470666854-9edc4f1f/cosign-verify-attestation-ghcr-io-miciav-nanofaas-java-word-stats-sha256-4a7d1f2cd6d95e16a749499d29568f5a7561442e52eac66701be847470666854] running  cosign verify-attestation ghcr.io/miciav/nanofaas/java-word-stats@sha256:4a7d1f2cd6d95e16a749499d29568f5a7561442e52eac66701be847470666854
[040.attest-published-images/attest-ghcr-io-miciav-nanofaas-java-word-stats-sha256-4a7d1f2cd6d95e16a749499d29568f5a7561442e52eac66701be847470666854-9edc4f1f/cosign-verify-attestation-ghcr-io-miciav-nanofaas-java-word-stats-sha256-4a7d1f2cd6d95e16a749499d29568f5a7561442e52eac66701be847470666854] passed   3.6s
[040.attest-published-images/attest-ghcr-io-miciav-nanofaas-java-word-stats-sha256-4a7d1f2cd6d95e16a749499d29568f5a7561442e52eac66701be847470666854-9edc4f1f] passed   31.6s
[040.attest-published-images/attest-ghcr-io-miciav-nanofaas-java-word-stats-sha256-a0fb91f039716fa51fbb8f0fa4cd55597188fa5d3c8c969aa4ba120eec21807f-d507ecf8] running  Attest ghcr.io/miciav/nanofaas/java-word-stats@sha256:a0fb91f039716fa51fbb8f0fa4cd55597188fa5d3c8c969aa4ba120eec21807f d507ecf8
[040.attest-published-images/attest-ghcr-io-miciav-nanofaas-java-word-stats-sha256-a0fb91f039716fa51fbb8f0fa4cd55597188fa5d3c8c969aa4ba120eec21807f-d507ecf8/syft-sbom-ghcr-io-miciav-nanofaas-java-word-stats-sha256-a0fb91f039716fa51fbb8f0fa4cd55597188fa5d3c8c969aa4ba120eec21807f] running  Syft SBOM ghcr.io/miciav/nanofaas/java-word-stats@sha256:a0fb91f039716fa51fbb8f0fa4cd55597188fa5d3c8c969aa4ba120eec21807f
[040.attest-published-images/attest-ghcr-io-miciav-nanofaas-java-word-stats-sha256-a0fb91f039716fa51fbb8f0fa4cd55597188fa5d3c8c969aa4ba120eec21807f-d507ecf8/syft-sbom-ghcr-io-miciav-nanofaas-java-word-stats-sha256-a0fb91f039716fa51fbb8f0fa4cd55597188fa5d3c8c969aa4ba120eec21807f] passed   12.3s
[040.attest-published-images/attest-ghcr-io-miciav-nanofaas-java-word-stats-sha256-a0fb91f039716fa51fbb8f0fa4cd55597188fa5d3c8c969aa4ba120eec21807f-d507ecf8/cosign-sign-ghcr-io-miciav-nanofaas-java-word-stats-sha256-a0fb91f039716fa51fbb8f0fa4cd55597188fa5d3c8c969aa4ba120eec21807f] running  cosign sign ghcr.io/miciav/nanofaas/java-word-stats@sha256:a0fb91f039716fa51fbb8f0fa4cd55597188fa5d3c8c969aa4ba120eec21807f
[040.attest-published-images/attest-ghcr-io-miciav-nanofaas-java-word-stats-sha256-a0fb91f039716fa51fbb8f0fa4cd55597188fa5d3c8c969aa4ba120eec21807f-d507ecf8/cosign-sign-ghcr-io-miciav-nanofaas-java-word-stats-sha256-a0fb91f039716fa51fbb8f0fa4cd55597188fa5d3c8c969aa4ba120eec21807f] passed   5.8s
[040.attest-published-images/attest-ghcr-io-miciav-nanofaas-java-word-stats-sha256-a0fb91f039716fa51fbb8f0fa4cd55597188fa5d3c8c969aa4ba120eec21807f-d507ecf8/cosign-attest-ghcr-io-miciav-nanofaas-java-word-stats-sha256-a0fb91f039716fa51fbb8f0fa4cd55597188fa5d3c8c969aa4ba120eec21807f] running  cosign attest ghcr.io/miciav/nanofaas/java-word-stats@sha256:a0fb91f039716fa51fbb8f0fa4cd55597188fa5d3c8c969aa4ba120eec21807f
[040.attest-published-images/attest-ghcr-io-miciav-nanofaas-java-word-stats-sha256-a0fb91f039716fa51fbb8f0fa4cd55597188fa5d3c8c969aa4ba120eec21807f-d507ecf8/cosign-attest-ghcr-io-miciav-nanofaas-java-word-stats-sha256-a0fb91f039716fa51fbb8f0fa4cd55597188fa5d3c8c969aa4ba120eec21807f] passed   5.2s
[040.attest-published-images/attest-ghcr-io-miciav-nanofaas-java-word-stats-sha256-a0fb91f039716fa51fbb8f0fa4cd55597188fa5d3c8c969aa4ba120eec21807f-d507ecf8/cosign-attach-sbom-ghcr-io-miciav-nanofaas-java-word-stats-sha256-a0fb91f039716fa51fbb8f0fa4cd55597188fa5d3c8c969aa4ba120eec21807f] running  cosign attach sbom ghcr.io/miciav/nanofaas/java-word-stats@sha256:a0fb91f039716fa51fbb8f0fa4cd55597188fa5d3c8c969aa4ba120eec21807f
[040.attest-published-images/attest-ghcr-io-miciav-nanofaas-java-word-stats-sha256-a0fb91f039716fa51fbb8f0fa4cd55597188fa5d3c8c969aa4ba120eec21807f-d507ecf8/cosign-attach-sbom-ghcr-io-miciav-nanofaas-java-word-stats-sha256-a0fb91f039716fa51fbb8f0fa4cd55597188fa5d3c8c969aa4ba120eec21807f] passed   5.1s
[040.attest-published-images/attest-ghcr-io-miciav-nanofaas-java-word-stats-sha256-a0fb91f039716fa51fbb8f0fa4cd55597188fa5d3c8c969aa4ba120eec21807f-d507ecf8/cosign-verify-ghcr-io-miciav-nanofaas-java-word-stats-sha256-a0fb91f039716fa51fbb8f0fa4cd55597188fa5d3c8c969aa4ba120eec21807f] running  cosign verify ghcr.io/miciav/nanofaas/java-word-stats@sha256:a0fb91f039716fa51fbb8f0fa4cd55597188fa5d3c8c969aa4ba120eec21807f
[040.attest-published-images/attest-ghcr-io-miciav-nanofaas-java-word-stats-sha256-a0fb91f039716fa51fbb8f0fa4cd55597188fa5d3c8c969aa4ba120eec21807f-d507ecf8/cosign-verify-ghcr-io-miciav-nanofaas-java-word-stats-sha256-a0fb91f039716fa51fbb8f0fa4cd55597188fa5d3c8c969aa4ba120eec21807f] passed   3.6s
[040.attest-published-images/attest-ghcr-io-miciav-nanofaas-java-word-stats-sha256-a0fb91f039716fa51fbb8f0fa4cd55597188fa5d3c8c969aa4ba120eec21807f-d507ecf8/cosign-verify-attestation-ghcr-io-miciav-nanofaas-java-word-stats-sha256-a0fb91f039716fa51fbb8f0fa4cd55597188fa5d3c8c969aa4ba120eec21807f] running  cosign verify-attestation ghcr.io/miciav/nanofaas/java-word-stats@sha256:a0fb91f039716fa51fbb8f0fa4cd55597188fa5d3c8c969aa4ba120eec21807f
[040.attest-published-images/attest-ghcr-io-miciav-nanofaas-java-word-stats-sha256-a0fb91f039716fa51fbb8f0fa4cd55597188fa5d3c8c969aa4ba120eec21807f-d507ecf8/cosign-verify-attestation-ghcr-io-miciav-nanofaas-java-word-stats-sha256-a0fb91f039716fa51fbb8f0fa4cd55597188fa5d3c8c969aa4ba120eec21807f] passed   3.9s
[040.attest-published-images/attest-ghcr-io-miciav-nanofaas-java-word-stats-sha256-a0fb91f039716fa51fbb8f0fa4cd55597188fa5d3c8c969aa4ba120eec21807f-d507ecf8] passed   36.0s
[040.attest-published-images/attest-ghcr-io-miciav-nanofaas-java-word-stats-sha256-502377614b8b0c44ddd282cdaa20f48d6516a92034d7647452590899ff32f582-9bbb9906] running  Attest ghcr.io/miciav/nanofaas/java-word-stats@sha256:502377614b8b0c44ddd282cdaa20f48d6516a92034d7647452590899ff32f582 9bbb9906
[040.attest-published-images/attest-ghcr-io-miciav-nanofaas-java-word-stats-sha256-502377614b8b0c44ddd282cdaa20f48d6516a92034d7647452590899ff32f582-9bbb9906/syft-sbom-ghcr-io-miciav-nanofaas-java-word-stats-sha256-502377614b8b0c44ddd282cdaa20f48d6516a92034d7647452590899ff32f582] running  Syft SBOM ghcr.io/miciav/nanofaas/java-word-stats@sha256:502377614b8b0c44ddd282cdaa20f48d6516a92034d7647452590899ff32f582
[040.attest-published-images/attest-ghcr-io-miciav-nanofaas-java-word-stats-sha256-502377614b8b0c44ddd282cdaa20f48d6516a92034d7647452590899ff32f582-9bbb9906/syft-sbom-ghcr-io-miciav-nanofaas-java-word-stats-sha256-502377614b8b0c44ddd282cdaa20f48d6516a92034d7647452590899ff32f582] passed   9.2s
[040.attest-published-images/attest-ghcr-io-miciav-nanofaas-java-word-stats-sha256-502377614b8b0c44ddd282cdaa20f48d6516a92034d7647452590899ff32f582-9bbb9906/cosign-sign-ghcr-io-miciav-nanofaas-java-word-stats-sha256-502377614b8b0c44ddd282cdaa20f48d6516a92034d7647452590899ff32f582] running  cosign sign ghcr.io/miciav/nanofaas/java-word-stats@sha256:502377614b8b0c44ddd282cdaa20f48d6516a92034d7647452590899ff32f582
[040.attest-published-images/attest-ghcr-io-miciav-nanofaas-java-word-stats-sha256-502377614b8b0c44ddd282cdaa20f48d6516a92034d7647452590899ff32f582-9bbb9906/cosign-sign-ghcr-io-miciav-nanofaas-java-word-stats-sha256-502377614b8b0c44ddd282cdaa20f48d6516a92034d7647452590899ff32f582] passed   5.6s
[040.attest-published-images/attest-ghcr-io-miciav-nanofaas-java-word-stats-sha256-502377614b8b0c44ddd282cdaa20f48d6516a92034d7647452590899ff32f582-9bbb9906/cosign-attest-ghcr-io-miciav-nanofaas-java-word-stats-sha256-502377614b8b0c44ddd282cdaa20f48d6516a92034d7647452590899ff32f582] running  cosign attest ghcr.io/miciav/nanofaas/java-word-stats@sha256:502377614b8b0c44ddd282cdaa20f48d6516a92034d7647452590899ff32f582
[040.attest-published-images/attest-ghcr-io-miciav-nanofaas-java-word-stats-sha256-502377614b8b0c44ddd282cdaa20f48d6516a92034d7647452590899ff32f582-9bbb9906/cosign-attest-ghcr-io-miciav-nanofaas-java-word-stats-sha256-502377614b8b0c44ddd282cdaa20f48d6516a92034d7647452590899ff32f582] passed   6.4s
[040.attest-published-images/attest-ghcr-io-miciav-nanofaas-java-word-stats-sha256-502377614b8b0c44ddd282cdaa20f48d6516a92034d7647452590899ff32f582-9bbb9906/cosign-attach-sbom-ghcr-io-miciav-nanofaas-java-word-stats-sha256-502377614b8b0c44ddd282cdaa20f48d6516a92034d7647452590899ff32f582] running  cosign attach sbom ghcr.io/miciav/nanofaas/java-word-stats@sha256:502377614b8b0c44ddd282cdaa20f48d6516a92034d7647452590899ff32f582
[040.attest-published-images/attest-ghcr-io-miciav-nanofaas-java-word-stats-sha256-502377614b8b0c44ddd282cdaa20f48d6516a92034d7647452590899ff32f582-9bbb9906/cosign-attach-sbom-ghcr-io-miciav-nanofaas-java-word-stats-sha256-502377614b8b0c44ddd282cdaa20f48d6516a92034d7647452590899ff32f582] passed   5.3s
[040.attest-published-images/attest-ghcr-io-miciav-nanofaas-java-word-stats-sha256-502377614b8b0c44ddd282cdaa20f48d6516a92034d7647452590899ff32f582-9bbb9906/cosign-verify-ghcr-io-miciav-nanofaas-java-word-stats-sha256-502377614b8b0c44ddd282cdaa20f48d6516a92034d7647452590899ff32f582] running  cosign verify ghcr.io/miciav/nanofaas/java-word-stats@sha256:502377614b8b0c44ddd282cdaa20f48d6516a92034d7647452590899ff32f582
[040.attest-published-images/attest-ghcr-io-miciav-nanofaas-java-word-stats-sha256-502377614b8b0c44ddd282cdaa20f48d6516a92034d7647452590899ff32f582-9bbb9906/cosign-verify-ghcr-io-miciav-nanofaas-java-word-stats-sha256-502377614b8b0c44ddd282cdaa20f48d6516a92034d7647452590899ff32f582] passed   3.0s
[040.attest-published-images/attest-ghcr-io-miciav-nanofaas-java-word-stats-sha256-502377614b8b0c44ddd282cdaa20f48d6516a92034d7647452590899ff32f582-9bbb9906/cosign-verify-attestation-ghcr-io-miciav-nanofaas-java-word-stats-sha256-502377614b8b0c44ddd282cdaa20f48d6516a92034d7647452590899ff32f582] running  cosign verify-attestation ghcr.io/miciav/nanofaas/java-word-stats@sha256:502377614b8b0c44ddd282cdaa20f48d6516a92034d7647452590899ff32f582
[040.attest-published-images/attest-ghcr-io-miciav-nanofaas-java-word-stats-sha256-502377614b8b0c44ddd282cdaa20f48d6516a92034d7647452590899ff32f582-9bbb9906/cosign-verify-attestation-ghcr-io-miciav-nanofaas-java-word-stats-sha256-502377614b8b0c44ddd282cdaa20f48d6516a92034d7647452590899ff32f582] passed   3.6s
[040.attest-published-images/attest-ghcr-io-miciav-nanofaas-java-word-stats-sha256-502377614b8b0c44ddd282cdaa20f48d6516a92034d7647452590899ff32f582-9bbb9906] passed   33.1s
[040.attest-published-images/attest-ghcr-io-miciav-nanofaas-java-word-stats-sha256-326a104cdbc30e81bceb01651c0f6b131199cd7a82bc2ddf5e0c8c1c0a34c1bd-cdd1e853] running  Attest ghcr.io/miciav/nanofaas/java-word-stats@sha256:326a104cdbc30e81bceb01651c0f6b131199cd7a82bc2ddf5e0c8c1c0a34c1bd cdd1e853
[040.attest-published-images/attest-ghcr-io-miciav-nanofaas-java-word-stats-sha256-326a104cdbc30e81bceb01651c0f6b131199cd7a82bc2ddf5e0c8c1c0a34c1bd-cdd1e853/syft-sbom-ghcr-io-miciav-nanofaas-java-word-stats-sha256-326a104cdbc30e81bceb01651c0f6b131199cd7a82bc2ddf5e0c8c1c0a34c1bd] running  Syft SBOM ghcr.io/miciav/nanofaas/java-word-stats@sha256:326a104cdbc30e81bceb01651c0f6b131199cd7a82bc2ddf5e0c8c1c0a34c1bd
[040.attest-published-images/attest-ghcr-io-miciav-nanofaas-java-word-stats-sha256-326a104cdbc30e81bceb01651c0f6b131199cd7a82bc2ddf5e0c8c1c0a34c1bd-cdd1e853/syft-sbom-ghcr-io-miciav-nanofaas-java-word-stats-sha256-326a104cdbc30e81bceb01651c0f6b131199cd7a82bc2ddf5e0c8c1c0a34c1bd] passed   14.9s
[040.attest-published-images/attest-ghcr-io-miciav-nanofaas-java-word-stats-sha256-326a104cdbc30e81bceb01651c0f6b131199cd7a82bc2ddf5e0c8c1c0a34c1bd-cdd1e853/cosign-sign-ghcr-io-miciav-nanofaas-java-word-stats-sha256-326a104cdbc30e81bceb01651c0f6b131199cd7a82bc2ddf5e0c8c1c0a34c1bd] running  cosign sign ghcr.io/miciav/nanofaas/java-word-stats@sha256:326a104cdbc30e81bceb01651c0f6b131199cd7a82bc2ddf5e0c8c1c0a34c1bd
[040.attest-published-images/attest-ghcr-io-miciav-nanofaas-java-word-stats-sha256-326a104cdbc30e81bceb01651c0f6b131199cd7a82bc2ddf5e0c8c1c0a34c1bd-cdd1e853/cosign-sign-ghcr-io-miciav-nanofaas-java-word-stats-sha256-326a104cdbc30e81bceb01651c0f6b131199cd7a82bc2ddf5e0c8c1c0a34c1bd] passed   5.9s
[040.attest-published-images/attest-ghcr-io-miciav-nanofaas-java-word-stats-sha256-326a104cdbc30e81bceb01651c0f6b131199cd7a82bc2ddf5e0c8c1c0a34c1bd-cdd1e853/cosign-attest-ghcr-io-miciav-nanofaas-java-word-stats-sha256-326a104cdbc30e81bceb01651c0f6b131199cd7a82bc2ddf5e0c8c1c0a34c1bd] running  cosign attest ghcr.io/miciav/nanofaas/java-word-stats@sha256:326a104cdbc30e81bceb01651c0f6b131199cd7a82bc2ddf5e0c8c1c0a34c1bd
[040.attest-published-images/attest-ghcr-io-miciav-nanofaas-java-word-stats-sha256-326a104cdbc30e81bceb01651c0f6b131199cd7a82bc2ddf5e0c8c1c0a34c1bd-cdd1e853/cosign-attest-ghcr-io-miciav-nanofaas-java-word-stats-sha256-326a104cdbc30e81bceb01651c0f6b131199cd7a82bc2ddf5e0c8c1c0a34c1bd] passed   5.2s
[040.attest-published-images/attest-ghcr-io-miciav-nanofaas-java-word-stats-sha256-326a104cdbc30e81bceb01651c0f6b131199cd7a82bc2ddf5e0c8c1c0a34c1bd-cdd1e853/cosign-attach-sbom-ghcr-io-miciav-nanofaas-java-word-stats-sha256-326a104cdbc30e81bceb01651c0f6b131199cd7a82bc2ddf5e0c8c1c0a34c1bd] running  cosign attach sbom ghcr.io/miciav/nanofaas/java-word-stats@sha256:326a104cdbc30e81bceb01651c0f6b131199cd7a82bc2ddf5e0c8c1c0a34c1bd
[040.attest-published-images/attest-ghcr-io-miciav-nanofaas-java-word-stats-sha256-326a104cdbc30e81bceb01651c0f6b131199cd7a82bc2ddf5e0c8c1c0a34c1bd-cdd1e853/cosign-attach-sbom-ghcr-io-miciav-nanofaas-java-word-stats-sha256-326a104cdbc30e81bceb01651c0f6b131199cd7a82bc2ddf5e0c8c1c0a34c1bd] passed   4.5s
[040.attest-published-images/attest-ghcr-io-miciav-nanofaas-java-word-stats-sha256-326a104cdbc30e81bceb01651c0f6b131199cd7a82bc2ddf5e0c8c1c0a34c1bd-cdd1e853/cosign-verify-ghcr-io-miciav-nanofaas-java-word-stats-sha256-326a104cdbc30e81bceb01651c0f6b131199cd7a82bc2ddf5e0c8c1c0a34c1bd] running  cosign verify ghcr.io/miciav/nanofaas/java-word-stats@sha256:326a104cdbc30e81bceb01651c0f6b131199cd7a82bc2ddf5e0c8c1c0a34c1bd
[040.attest-published-images/attest-ghcr-io-miciav-nanofaas-java-word-stats-sha256-326a104cdbc30e81bceb01651c0f6b131199cd7a82bc2ddf5e0c8c1c0a34c1bd-cdd1e853/cosign-verify-ghcr-io-miciav-nanofaas-java-word-stats-sha256-326a104cdbc30e81bceb01651c0f6b131199cd7a82bc2ddf5e0c8c1c0a34c1bd] passed   3.0s
[040.attest-published-images/attest-ghcr-io-miciav-nanofaas-java-word-stats-sha256-326a104cdbc30e81bceb01651c0f6b131199cd7a82bc2ddf5e0c8c1c0a34c1bd-cdd1e853/cosign-verify-attestation-ghcr-io-miciav-nanofaas-java-word-stats-sha256-326a104cdbc30e81bceb01651c0f6b131199cd7a82bc2ddf5e0c8c1c0a34c1bd] running  cosign verify-attestation ghcr.io/miciav/nanofaas/java-word-stats@sha256:326a104cdbc30e81bceb01651c0f6b131199cd7a82bc2ddf5e0c8c1c0a34c1bd
[040.attest-published-images/attest-ghcr-io-miciav-nanofaas-java-word-stats-sha256-326a104cdbc30e81bceb01651c0f6b131199cd7a82bc2ddf5e0c8c1c0a34c1bd-cdd1e853/cosign-verify-attestation-ghcr-io-miciav-nanofaas-java-word-stats-sha256-326a104cdbc30e81bceb01651c0f6b131199cd7a82bc2ddf5e0c8c1c0a34c1bd] passed   3.3s
[040.attest-published-images/attest-ghcr-io-miciav-nanofaas-java-word-stats-sha256-326a104cdbc30e81bceb01651c0f6b131199cd7a82bc2ddf5e0c8c1c0a34c1bd-cdd1e853] passed   37.0s
[040.attest-published-images/attest-ghcr-io-miciav-nanofaas-javascript-json-transform-sha256-b80feb81c6a72da5a2b92651678df4fe92e17d2abf30d554e15e5bf71dd107a6-83944ca8] running  Attest ghcr.io/miciav/nanofaas/javascript-json-transform@sha256:b80feb81c6a72da5a2b92651678df4fe92e17d2abf30d554e15e5bf71dd107a6 83944ca8
[040.attest-published-images/attest-ghcr-io-miciav-nanofaas-javascript-json-transform-sha256-b80feb81c6a72da5a2b92651678df4fe92e17d2abf30d554e15e5bf71dd107a6-83944ca8/syft-sbom-ghcr-io-miciav-nanofaas-javascript-json-transform-sha256-b80feb81c6a72da5a2b92651678df4fe92e17d2abf30d554e15e5bf71dd107a6] running  Syft SBOM ghcr.io/miciav/nanofaas/javascript-json-transform@sha256:b80feb81c6a72da5a2b92651678df4fe92e17d2abf30d554e15e5bf71dd107a6
[040.attest-published-images/attest-ghcr-io-miciav-nanofaas-javascript-json-transform-sha256-b80feb81c6a72da5a2b92651678df4fe92e17d2abf30d554e15e5bf71dd107a6-83944ca8/syft-sbom-ghcr-io-miciav-nanofaas-javascript-json-transform-sha256-b80feb81c6a72da5a2b92651678df4fe92e17d2abf30d554e15e5bf71dd107a6] passed   11.0s
[040.attest-published-images/attest-ghcr-io-miciav-nanofaas-javascript-json-transform-sha256-b80feb81c6a72da5a2b92651678df4fe92e17d2abf30d554e15e5bf71dd107a6-83944ca8/cosign-sign-ghcr-io-miciav-nanofaas-javascript-json-transform-sha256-b80feb81c6a72da5a2b92651678df4fe92e17d2abf30d554e15e5bf71dd107a6] running  cosign sign ghcr.io/miciav/nanofaas/javascript-json-transform@sha256:b80feb81c6a72da5a2b92651678df4fe92e17d2abf30d554e15e5bf71dd107a6
[040.attest-published-images/attest-ghcr-io-miciav-nanofaas-javascript-json-transform-sha256-b80feb81c6a72da5a2b92651678df4fe92e17d2abf30d554e15e5bf71dd107a6-83944ca8/cosign-sign-ghcr-io-miciav-nanofaas-javascript-json-transform-sha256-b80feb81c6a72da5a2b92651678df4fe92e17d2abf30d554e15e5bf71dd107a6] passed   5.8s
[040.attest-published-images/attest-ghcr-io-miciav-nanofaas-javascript-json-transform-sha256-b80feb81c6a72da5a2b92651678df4fe92e17d2abf30d554e15e5bf71dd107a6-83944ca8/cosign-attest-ghcr-io-miciav-nanofaas-javascript-json-transform-sha256-b80feb81c6a72da5a2b92651678df4fe92e17d2abf30d554e15e5bf71dd107a6] running  cosign attest ghcr.io/miciav/nanofaas/javascript-json-transform@sha256:b80feb81c6a72da5a2b92651678df4fe92e17d2abf30d554e15e5bf71dd107a6
[040.attest-published-images/attest-ghcr-io-miciav-nanofaas-javascript-json-transform-sha256-b80feb81c6a72da5a2b92651678df4fe92e17d2abf30d554e15e5bf71dd107a6-83944ca8/cosign-attest-ghcr-io-miciav-nanofaas-javascript-json-transform-sha256-b80feb81c6a72da5a2b92651678df4fe92e17d2abf30d554e15e5bf71dd107a6] passed   5.5s
[040.attest-published-images/attest-ghcr-io-miciav-nanofaas-javascript-json-transform-sha256-b80feb81c6a72da5a2b92651678df4fe92e17d2abf30d554e15e5bf71dd107a6-83944ca8/cosign-attach-sbom-ghcr-io-miciav-nanofaas-javascript-json-transform-sha256-b80feb81c6a72da5a2b92651678df4fe92e17d2abf30d554e15e5bf71dd107a6] running  cosign attach sbom ghcr.io/miciav/nanofaas/javascript-json-transform@sha256:b80feb81c6a72da5a2b92651678df4fe92e17d2abf30d554e15e5bf71dd107a6
[040.attest-published-images/attest-ghcr-io-miciav-nanofaas-javascript-json-transform-sha256-b80feb81c6a72da5a2b92651678df4fe92e17d2abf30d554e15e5bf71dd107a6-83944ca8/cosign-attach-sbom-ghcr-io-miciav-nanofaas-javascript-json-transform-sha256-b80feb81c6a72da5a2b92651678df4fe92e17d2abf30d554e15e5bf71dd107a6] passed   4.8s
[040.attest-published-images/attest-ghcr-io-miciav-nanofaas-javascript-json-transform-sha256-b80feb81c6a72da5a2b92651678df4fe92e17d2abf30d554e15e5bf71dd107a6-83944ca8/cosign-verify-ghcr-io-miciav-nanofaas-javascript-json-transform-sha256-b80feb81c6a72da5a2b92651678df4fe92e17d2abf30d554e15e5bf71dd107a6] running  cosign verify ghcr.io/miciav/nanofaas/javascript-json-transform@sha256:b80feb81c6a72da5a2b92651678df4fe92e17d2abf30d554e15e5bf71dd107a6
[040.attest-published-images/attest-ghcr-io-miciav-nanofaas-javascript-json-transform-sha256-b80feb81c6a72da5a2b92651678df4fe92e17d2abf30d554e15e5bf71dd107a6-83944ca8/cosign-verify-ghcr-io-miciav-nanofaas-javascript-json-transform-sha256-b80feb81c6a72da5a2b92651678df4fe92e17d2abf30d554e15e5bf71dd107a6] passed   3.3s
[040.attest-published-images/attest-ghcr-io-miciav-nanofaas-javascript-json-transform-sha256-b80feb81c6a72da5a2b92651678df4fe92e17d2abf30d554e15e5bf71dd107a6-83944ca8/cosign-verify-attestation-ghcr-io-miciav-nanofaas-javascript-json-transform-sha256-b80feb81c6a72da5a2b92651678df4fe92e17d2abf30d554e15e5bf71dd107a6] running  cosign verify-attestation ghcr.io/miciav/nanofaas/javascript-json-transform@sha256:b80feb81c6a72da5a2b92651678df4fe92e17d2abf30d554e15e5bf71dd107a6
[040.attest-published-images/attest-ghcr-io-miciav-nanofaas-javascript-json-transform-sha256-b80feb81c6a72da5a2b92651678df4fe92e17d2abf30d554e15e5bf71dd107a6-83944ca8/cosign-verify-attestation-ghcr-io-miciav-nanofaas-javascript-json-transform-sha256-b80feb81c6a72da5a2b92651678df4fe92e17d2abf30d554e15e5bf71dd107a6] passed   3.5s
[040.attest-published-images/attest-ghcr-io-miciav-nanofaas-javascript-json-transform-sha256-b80feb81c6a72da5a2b92651678df4fe92e17d2abf30d554e15e5bf71dd107a6-83944ca8] passed   33.9s
[040.attest-published-images/attest-ghcr-io-miciav-nanofaas-javascript-json-transform-sha256-86fa3481fe9a34840af2d9c26b53b5fc0940f82f1d333c66ffe8c4a5e5e58920-9a729d87] running  Attest ghcr.io/miciav/nanofaas/javascript-json-transform@sha256:86fa3481fe9a34840af2d9c26b53b5fc0940f82f1d333c66ffe8c4a5e5e58920 9a729d87
[040.attest-published-images/attest-ghcr-io-miciav-nanofaas-javascript-json-transform-sha256-86fa3481fe9a34840af2d9c26b53b5fc0940f82f1d333c66ffe8c4a5e5e58920-9a729d87/syft-sbom-ghcr-io-miciav-nanofaas-javascript-json-transform-sha256-86fa3481fe9a34840af2d9c26b53b5fc0940f82f1d333c66ffe8c4a5e5e58920] running  Syft SBOM ghcr.io/miciav/nanofaas/javascript-json-transform@sha256:86fa3481fe9a34840af2d9c26b53b5fc0940f82f1d333c66ffe8c4a5e5e58920
[040.attest-published-images/attest-ghcr-io-miciav-nanofaas-javascript-json-transform-sha256-86fa3481fe9a34840af2d9c26b53b5fc0940f82f1d333c66ffe8c4a5e5e58920-9a729d87/syft-sbom-ghcr-io-miciav-nanofaas-javascript-json-transform-sha256-86fa3481fe9a34840af2d9c26b53b5fc0940f82f1d333c66ffe8c4a5e5e58920] passed   10.3s
[040.attest-published-images/attest-ghcr-io-miciav-nanofaas-javascript-json-transform-sha256-86fa3481fe9a34840af2d9c26b53b5fc0940f82f1d333c66ffe8c4a5e5e58920-9a729d87/cosign-sign-ghcr-io-miciav-nanofaas-javascript-json-transform-sha256-86fa3481fe9a34840af2d9c26b53b5fc0940f82f1d333c66ffe8c4a5e5e58920] running  cosign sign ghcr.io/miciav/nanofaas/javascript-json-transform@sha256:86fa3481fe9a34840af2d9c26b53b5fc0940f82f1d333c66ffe8c4a5e5e58920
[040.attest-published-images/attest-ghcr-io-miciav-nanofaas-javascript-json-transform-sha256-86fa3481fe9a34840af2d9c26b53b5fc0940f82f1d333c66ffe8c4a5e5e58920-9a729d87/cosign-sign-ghcr-io-miciav-nanofaas-javascript-json-transform-sha256-86fa3481fe9a34840af2d9c26b53b5fc0940f82f1d333c66ffe8c4a5e5e58920] passed   5.9s
[040.attest-published-images/attest-ghcr-io-miciav-nanofaas-javascript-json-transform-sha256-86fa3481fe9a34840af2d9c26b53b5fc0940f82f1d333c66ffe8c4a5e5e58920-9a729d87/cosign-attest-ghcr-io-miciav-nanofaas-javascript-json-transform-sha256-86fa3481fe9a34840af2d9c26b53b5fc0940f82f1d333c66ffe8c4a5e5e58920] running  cosign attest ghcr.io/miciav/nanofaas/javascript-json-transform@sha256:86fa3481fe9a34840af2d9c26b53b5fc0940f82f1d333c66ffe8c4a5e5e58920
[040.attest-published-images/attest-ghcr-io-miciav-nanofaas-javascript-json-transform-sha256-86fa3481fe9a34840af2d9c26b53b5fc0940f82f1d333c66ffe8c4a5e5e58920-9a729d87/cosign-attest-ghcr-io-miciav-nanofaas-javascript-json-transform-sha256-86fa3481fe9a34840af2d9c26b53b5fc0940f82f1d333c66ffe8c4a5e5e58920] passed   6.4s
[040.attest-published-images/attest-ghcr-io-miciav-nanofaas-javascript-json-transform-sha256-86fa3481fe9a34840af2d9c26b53b5fc0940f82f1d333c66ffe8c4a5e5e58920-9a729d87/cosign-attach-sbom-ghcr-io-miciav-nanofaas-javascript-json-transform-sha256-86fa3481fe9a34840af2d9c26b53b5fc0940f82f1d333c66ffe8c4a5e5e58920] running  cosign attach sbom ghcr.io/miciav/nanofaas/javascript-json-transform@sha256:86fa3481fe9a34840af2d9c26b53b5fc0940f82f1d333c66ffe8c4a5e5e58920
[040.attest-published-images/attest-ghcr-io-miciav-nanofaas-javascript-json-transform-sha256-86fa3481fe9a34840af2d9c26b53b5fc0940f82f1d333c66ffe8c4a5e5e58920-9a729d87/cosign-attach-sbom-ghcr-io-miciav-nanofaas-javascript-json-transform-sha256-86fa3481fe9a34840af2d9c26b53b5fc0940f82f1d333c66ffe8c4a5e5e58920] passed   4.8s
[040.attest-published-images/attest-ghcr-io-miciav-nanofaas-javascript-json-transform-sha256-86fa3481fe9a34840af2d9c26b53b5fc0940f82f1d333c66ffe8c4a5e5e58920-9a729d87/cosign-verify-ghcr-io-miciav-nanofaas-javascript-json-transform-sha256-86fa3481fe9a34840af2d9c26b53b5fc0940f82f1d333c66ffe8c4a5e5e58920] running  cosign verify ghcr.io/miciav/nanofaas/javascript-json-transform@sha256:86fa3481fe9a34840af2d9c26b53b5fc0940f82f1d333c66ffe8c4a5e5e58920
[040.attest-published-images/attest-ghcr-io-miciav-nanofaas-javascript-json-transform-sha256-86fa3481fe9a34840af2d9c26b53b5fc0940f82f1d333c66ffe8c4a5e5e58920-9a729d87/cosign-verify-ghcr-io-miciav-nanofaas-javascript-json-transform-sha256-86fa3481fe9a34840af2d9c26b53b5fc0940f82f1d333c66ffe8c4a5e5e58920] passed   3.3s
[040.attest-published-images/attest-ghcr-io-miciav-nanofaas-javascript-json-transform-sha256-86fa3481fe9a34840af2d9c26b53b5fc0940f82f1d333c66ffe8c4a5e5e58920-9a729d87/cosign-verify-attestation-ghcr-io-miciav-nanofaas-javascript-json-transform-sha256-86fa3481fe9a34840af2d9c26b53b5fc0940f82f1d333c66ffe8c4a5e5e58920] running  cosign verify-attestation ghcr.io/miciav/nanofaas/javascript-json-transform@sha256:86fa3481fe9a34840af2d9c26b53b5fc0940f82f1d333c66ffe8c4a5e5e58920
[040.attest-published-images/attest-ghcr-io-miciav-nanofaas-javascript-json-transform-sha256-86fa3481fe9a34840af2d9c26b53b5fc0940f82f1d333c66ffe8c4a5e5e58920-9a729d87/cosign-verify-attestation-ghcr-io-miciav-nanofaas-javascript-json-transform-sha256-86fa3481fe9a34840af2d9c26b53b5fc0940f82f1d333c66ffe8c4a5e5e58920] passed   3.6s
[040.attest-published-images/attest-ghcr-io-miciav-nanofaas-javascript-json-transform-sha256-86fa3481fe9a34840af2d9c26b53b5fc0940f82f1d333c66ffe8c4a5e5e58920-9a729d87] passed   34.3s
[040.attest-published-images/attest-ghcr-io-miciav-nanofaas-javascript-json-transform-sha256-2daec2f9b049aed787a747c5c0ff9be69c93c860e09d4143012da28d2434fea5-387a07ff] running  Attest ghcr.io/miciav/nanofaas/javascript-json-transform@sha256:2daec2f9b049aed787a747c5c0ff9be69c93c860e09d4143012da28d2434fea5 387a07ff
[040.attest-published-images/attest-ghcr-io-miciav-nanofaas-javascript-json-transform-sha256-2daec2f9b049aed787a747c5c0ff9be69c93c860e09d4143012da28d2434fea5-387a07ff/syft-sbom-ghcr-io-miciav-nanofaas-javascript-json-transform-sha256-2daec2f9b049aed787a747c5c0ff9be69c93c860e09d4143012da28d2434fea5] running  Syft SBOM ghcr.io/miciav/nanofaas/javascript-json-transform@sha256:2daec2f9b049aed787a747c5c0ff9be69c93c860e09d4143012da28d2434fea5
[040.attest-published-images/attest-ghcr-io-miciav-nanofaas-javascript-json-transform-sha256-2daec2f9b049aed787a747c5c0ff9be69c93c860e09d4143012da28d2434fea5-387a07ff/syft-sbom-ghcr-io-miciav-nanofaas-javascript-json-transform-sha256-2daec2f9b049aed787a747c5c0ff9be69c93c860e09d4143012da28d2434fea5] passed   11.9s
[040.attest-published-images/attest-ghcr-io-miciav-nanofaas-javascript-json-transform-sha256-2daec2f9b049aed787a747c5c0ff9be69c93c860e09d4143012da28d2434fea5-387a07ff/cosign-sign-ghcr-io-miciav-nanofaas-javascript-json-transform-sha256-2daec2f9b049aed787a747c5c0ff9be69c93c860e09d4143012da28d2434fea5] running  cosign sign ghcr.io/miciav/nanofaas/javascript-json-transform@sha256:2daec2f9b049aed787a747c5c0ff9be69c93c860e09d4143012da28d2434fea5
[040.attest-published-images/attest-ghcr-io-miciav-nanofaas-javascript-json-transform-sha256-2daec2f9b049aed787a747c5c0ff9be69c93c860e09d4143012da28d2434fea5-387a07ff/cosign-sign-ghcr-io-miciav-nanofaas-javascript-json-transform-sha256-2daec2f9b049aed787a747c5c0ff9be69c93c860e09d4143012da28d2434fea5] passed   5.9s
[040.attest-published-images/attest-ghcr-io-miciav-nanofaas-javascript-json-transform-sha256-2daec2f9b049aed787a747c5c0ff9be69c93c860e09d4143012da28d2434fea5-387a07ff/cosign-attest-ghcr-io-miciav-nanofaas-javascript-json-transform-sha256-2daec2f9b049aed787a747c5c0ff9be69c93c860e09d4143012da28d2434fea5] running  cosign attest ghcr.io/miciav/nanofaas/javascript-json-transform@sha256:2daec2f9b049aed787a747c5c0ff9be69c93c860e09d4143012da28d2434fea5
[040.attest-published-images/attest-ghcr-io-miciav-nanofaas-javascript-json-transform-sha256-2daec2f9b049aed787a747c5c0ff9be69c93c860e09d4143012da28d2434fea5-387a07ff/cosign-attest-ghcr-io-miciav-nanofaas-javascript-json-transform-sha256-2daec2f9b049aed787a747c5c0ff9be69c93c860e09d4143012da28d2434fea5] passed   5.5s
[040.attest-published-images/attest-ghcr-io-miciav-nanofaas-javascript-json-transform-sha256-2daec2f9b049aed787a747c5c0ff9be69c93c860e09d4143012da28d2434fea5-387a07ff/cosign-attach-sbom-ghcr-io-miciav-nanofaas-javascript-json-transform-sha256-2daec2f9b049aed787a747c5c0ff9be69c93c860e09d4143012da28d2434fea5] running  cosign attach sbom ghcr.io/miciav/nanofaas/javascript-json-transform@sha256:2daec2f9b049aed787a747c5c0ff9be69c93c860e09d4143012da28d2434fea5
[040.attest-published-images/attest-ghcr-io-miciav-nanofaas-javascript-json-transform-sha256-2daec2f9b049aed787a747c5c0ff9be69c93c860e09d4143012da28d2434fea5-387a07ff/cosign-attach-sbom-ghcr-io-miciav-nanofaas-javascript-json-transform-sha256-2daec2f9b049aed787a747c5c0ff9be69c93c860e09d4143012da28d2434fea5] passed   5.4s
[040.attest-published-images/attest-ghcr-io-miciav-nanofaas-javascript-json-transform-sha256-2daec2f9b049aed787a747c5c0ff9be69c93c860e09d4143012da28d2434fea5-387a07ff/cosign-verify-ghcr-io-miciav-nanofaas-javascript-json-transform-sha256-2daec2f9b049aed787a747c5c0ff9be69c93c860e09d4143012da28d2434fea5] running  cosign verify ghcr.io/miciav/nanofaas/javascript-json-transform@sha256:2daec2f9b049aed787a747c5c0ff9be69c93c860e09d4143012da28d2434fea5
[040.attest-published-images/attest-ghcr-io-miciav-nanofaas-javascript-json-transform-sha256-2daec2f9b049aed787a747c5c0ff9be69c93c860e09d4143012da28d2434fea5-387a07ff/cosign-verify-ghcr-io-miciav-nanofaas-javascript-json-transform-sha256-2daec2f9b049aed787a747c5c0ff9be69c93c860e09d4143012da28d2434fea5] passed   3.4s
[040.attest-published-images/attest-ghcr-io-miciav-nanofaas-javascript-json-transform-sha256-2daec2f9b049aed787a747c5c0ff9be69c93c860e09d4143012da28d2434fea5-387a07ff/cosign-verify-attestation-ghcr-io-miciav-nanofaas-javascript-json-transform-sha256-2daec2f9b049aed787a747c5c0ff9be69c93c860e09d4143012da28d2434fea5] running  cosign verify-attestation ghcr.io/miciav/nanofaas/javascript-json-transform@sha256:2daec2f9b049aed787a747c5c0ff9be69c93c860e09d4143012da28d2434fea5
[040.attest-published-images/attest-ghcr-io-miciav-nanofaas-javascript-json-transform-sha256-2daec2f9b049aed787a747c5c0ff9be69c93c860e09d4143012da28d2434fea5-387a07ff/cosign-verify-attestation-ghcr-io-miciav-nanofaas-javascript-json-transform-sha256-2daec2f9b049aed787a747c5c0ff9be69c93c860e09d4143012da28d2434fea5] passed   3.4s
[040.attest-published-images/attest-ghcr-io-miciav-nanofaas-javascript-json-transform-sha256-2daec2f9b049aed787a747c5c0ff9be69c93c860e09d4143012da28d2434fea5-387a07ff] passed   35.6s
[040.attest-published-images/attest-ghcr-io-miciav-nanofaas-javascript-roman-numeral-sha256-2acbd0dd672bfeacdcef58244bdea1e572dac0bc3d94d9507fc12df842c5aac6-9b4f3ac5] running  Attest ghcr.io/miciav/nanofaas/javascript-roman-numeral@sha256:2acbd0dd672bfeacdcef58244bdea1e572dac0bc3d94d9507fc12df842c5aac6 9b4f3ac5
[040.attest-published-images/attest-ghcr-io-miciav-nanofaas-javascript-roman-numeral-sha256-2acbd0dd672bfeacdcef58244bdea1e572dac0bc3d94d9507fc12df842c5aac6-9b4f3ac5/syft-sbom-ghcr-io-miciav-nanofaas-javascript-roman-numeral-sha256-2acbd0dd672bfeacdcef58244bdea1e572dac0bc3d94d9507fc12df842c5aac6] running  Syft SBOM ghcr.io/miciav/nanofaas/javascript-roman-numeral@sha256:2acbd0dd672bfeacdcef58244bdea1e572dac0bc3d94d9507fc12df842c5aac6
[040.attest-published-images/attest-ghcr-io-miciav-nanofaas-javascript-roman-numeral-sha256-2acbd0dd672bfeacdcef58244bdea1e572dac0bc3d94d9507fc12df842c5aac6-9b4f3ac5/syft-sbom-ghcr-io-miciav-nanofaas-javascript-roman-numeral-sha256-2acbd0dd672bfeacdcef58244bdea1e572dac0bc3d94d9507fc12df842c5aac6] passed   11.1s
[040.attest-published-images/attest-ghcr-io-miciav-nanofaas-javascript-roman-numeral-sha256-2acbd0dd672bfeacdcef58244bdea1e572dac0bc3d94d9507fc12df842c5aac6-9b4f3ac5/cosign-sign-ghcr-io-miciav-nanofaas-javascript-roman-numeral-sha256-2acbd0dd672bfeacdcef58244bdea1e572dac0bc3d94d9507fc12df842c5aac6] running  cosign sign ghcr.io/miciav/nanofaas/javascript-roman-numeral@sha256:2acbd0dd672bfeacdcef58244bdea1e572dac0bc3d94d9507fc12df842c5aac6
[040.attest-published-images/attest-ghcr-io-miciav-nanofaas-javascript-roman-numeral-sha256-2acbd0dd672bfeacdcef58244bdea1e572dac0bc3d94d9507fc12df842c5aac6-9b4f3ac5/cosign-sign-ghcr-io-miciav-nanofaas-javascript-roman-numeral-sha256-2acbd0dd672bfeacdcef58244bdea1e572dac0bc3d94d9507fc12df842c5aac6] passed   5.9s
[040.attest-published-images/attest-ghcr-io-miciav-nanofaas-javascript-roman-numeral-sha256-2acbd0dd672bfeacdcef58244bdea1e572dac0bc3d94d9507fc12df842c5aac6-9b4f3ac5/cosign-attest-ghcr-io-miciav-nanofaas-javascript-roman-numeral-sha256-2acbd0dd672bfeacdcef58244bdea1e572dac0bc3d94d9507fc12df842c5aac6] running  cosign attest ghcr.io/miciav/nanofaas/javascript-roman-numeral@sha256:2acbd0dd672bfeacdcef58244bdea1e572dac0bc3d94d9507fc12df842c5aac6
[040.attest-published-images/attest-ghcr-io-miciav-nanofaas-javascript-roman-numeral-sha256-2acbd0dd672bfeacdcef58244bdea1e572dac0bc3d94d9507fc12df842c5aac6-9b4f3ac5/cosign-attest-ghcr-io-miciav-nanofaas-javascript-roman-numeral-sha256-2acbd0dd672bfeacdcef58244bdea1e572dac0bc3d94d9507fc12df842c5aac6] passed   5.4s
[040.attest-published-images/attest-ghcr-io-miciav-nanofaas-javascript-roman-numeral-sha256-2acbd0dd672bfeacdcef58244bdea1e572dac0bc3d94d9507fc12df842c5aac6-9b4f3ac5/cosign-attach-sbom-ghcr-io-miciav-nanofaas-javascript-roman-numeral-sha256-2acbd0dd672bfeacdcef58244bdea1e572dac0bc3d94d9507fc12df842c5aac6] running  cosign attach sbom ghcr.io/miciav/nanofaas/javascript-roman-numeral@sha256:2acbd0dd672bfeacdcef58244bdea1e572dac0bc3d94d9507fc12df842c5aac6
[040.attest-published-images/attest-ghcr-io-miciav-nanofaas-javascript-roman-numeral-sha256-2acbd0dd672bfeacdcef58244bdea1e572dac0bc3d94d9507fc12df842c5aac6-9b4f3ac5/cosign-attach-sbom-ghcr-io-miciav-nanofaas-javascript-roman-numeral-sha256-2acbd0dd672bfeacdcef58244bdea1e572dac0bc3d94d9507fc12df842c5aac6] passed   4.8s
[040.attest-published-images/attest-ghcr-io-miciav-nanofaas-javascript-roman-numeral-sha256-2acbd0dd672bfeacdcef58244bdea1e572dac0bc3d94d9507fc12df842c5aac6-9b4f3ac5/cosign-verify-ghcr-io-miciav-nanofaas-javascript-roman-numeral-sha256-2acbd0dd672bfeacdcef58244bdea1e572dac0bc3d94d9507fc12df842c5aac6] running  cosign verify ghcr.io/miciav/nanofaas/javascript-roman-numeral@sha256:2acbd0dd672bfeacdcef58244bdea1e572dac0bc3d94d9507fc12df842c5aac6
[040.attest-published-images/attest-ghcr-io-miciav-nanofaas-javascript-roman-numeral-sha256-2acbd0dd672bfeacdcef58244bdea1e572dac0bc3d94d9507fc12df842c5aac6-9b4f3ac5/cosign-verify-ghcr-io-miciav-nanofaas-javascript-roman-numeral-sha256-2acbd0dd672bfeacdcef58244bdea1e572dac0bc3d94d9507fc12df842c5aac6] passed   3.4s
[040.attest-published-images/attest-ghcr-io-miciav-nanofaas-javascript-roman-numeral-sha256-2acbd0dd672bfeacdcef58244bdea1e572dac0bc3d94d9507fc12df842c5aac6-9b4f3ac5/cosign-verify-attestation-ghcr-io-miciav-nanofaas-javascript-roman-numeral-sha256-2acbd0dd672bfeacdcef58244bdea1e572dac0bc3d94d9507fc12df842c5aac6] running  cosign verify-attestation ghcr.io/miciav/nanofaas/javascript-roman-numeral@sha256:2acbd0dd672bfeacdcef58244bdea1e572dac0bc3d94d9507fc12df842c5aac6
[040.attest-published-images/attest-ghcr-io-miciav-nanofaas-javascript-roman-numeral-sha256-2acbd0dd672bfeacdcef58244bdea1e572dac0bc3d94d9507fc12df842c5aac6-9b4f3ac5/cosign-verify-attestation-ghcr-io-miciav-nanofaas-javascript-roman-numeral-sha256-2acbd0dd672bfeacdcef58244bdea1e572dac0bc3d94d9507fc12df842c5aac6] passed   3.7s
[040.attest-published-images/attest-ghcr-io-miciav-nanofaas-javascript-roman-numeral-sha256-2acbd0dd672bfeacdcef58244bdea1e572dac0bc3d94d9507fc12df842c5aac6-9b4f3ac5] passed   34.3s
[040.attest-published-images/attest-ghcr-io-miciav-nanofaas-javascript-roman-numeral-sha256-052f7817932a9b090d92d52ab0243b268ee504742f35f551a463928044440875-b187bb30] running  Attest ghcr.io/miciav/nanofaas/javascript-roman-numeral@sha256:052f7817932a9b090d92d52ab0243b268ee504742f35f551a463928044440875 b187bb30
[040.attest-published-images/attest-ghcr-io-miciav-nanofaas-javascript-roman-numeral-sha256-052f7817932a9b090d92d52ab0243b268ee504742f35f551a463928044440875-b187bb30/syft-sbom-ghcr-io-miciav-nanofaas-javascript-roman-numeral-sha256-052f7817932a9b090d92d52ab0243b268ee504742f35f551a463928044440875] running  Syft SBOM ghcr.io/miciav/nanofaas/javascript-roman-numeral@sha256:052f7817932a9b090d92d52ab0243b268ee504742f35f551a463928044440875
[040.attest-published-images/attest-ghcr-io-miciav-nanofaas-javascript-roman-numeral-sha256-052f7817932a9b090d92d52ab0243b268ee504742f35f551a463928044440875-b187bb30/syft-sbom-ghcr-io-miciav-nanofaas-javascript-roman-numeral-sha256-052f7817932a9b090d92d52ab0243b268ee504742f35f551a463928044440875] passed   12.6s
[040.attest-published-images/attest-ghcr-io-miciav-nanofaas-javascript-roman-numeral-sha256-052f7817932a9b090d92d52ab0243b268ee504742f35f551a463928044440875-b187bb30/cosign-sign-ghcr-io-miciav-nanofaas-javascript-roman-numeral-sha256-052f7817932a9b090d92d52ab0243b268ee504742f35f551a463928044440875] running  cosign sign ghcr.io/miciav/nanofaas/javascript-roman-numeral@sha256:052f7817932a9b090d92d52ab0243b268ee504742f35f551a463928044440875
[040.attest-published-images/attest-ghcr-io-miciav-nanofaas-javascript-roman-numeral-sha256-052f7817932a9b090d92d52ab0243b268ee504742f35f551a463928044440875-b187bb30/cosign-sign-ghcr-io-miciav-nanofaas-javascript-roman-numeral-sha256-052f7817932a9b090d92d52ab0243b268ee504742f35f551a463928044440875] passed   5.7s
[040.attest-published-images/attest-ghcr-io-miciav-nanofaas-javascript-roman-numeral-sha256-052f7817932a9b090d92d52ab0243b268ee504742f35f551a463928044440875-b187bb30/cosign-attest-ghcr-io-miciav-nanofaas-javascript-roman-numeral-sha256-052f7817932a9b090d92d52ab0243b268ee504742f35f551a463928044440875] running  cosign attest ghcr.io/miciav/nanofaas/javascript-roman-numeral@sha256:052f7817932a9b090d92d52ab0243b268ee504742f35f551a463928044440875
[040.attest-published-images/attest-ghcr-io-miciav-nanofaas-javascript-roman-numeral-sha256-052f7817932a9b090d92d52ab0243b268ee504742f35f551a463928044440875-b187bb30/cosign-attest-ghcr-io-miciav-nanofaas-javascript-roman-numeral-sha256-052f7817932a9b090d92d52ab0243b268ee504742f35f551a463928044440875] passed   5.8s
[040.attest-published-images/attest-ghcr-io-miciav-nanofaas-javascript-roman-numeral-sha256-052f7817932a9b090d92d52ab0243b268ee504742f35f551a463928044440875-b187bb30/cosign-attach-sbom-ghcr-io-miciav-nanofaas-javascript-roman-numeral-sha256-052f7817932a9b090d92d52ab0243b268ee504742f35f551a463928044440875] running  cosign attach sbom ghcr.io/miciav/nanofaas/javascript-roman-numeral@sha256:052f7817932a9b090d92d52ab0243b268ee504742f35f551a463928044440875
[040.attest-published-images/attest-ghcr-io-miciav-nanofaas-javascript-roman-numeral-sha256-052f7817932a9b090d92d52ab0243b268ee504742f35f551a463928044440875-b187bb30/cosign-attach-sbom-ghcr-io-miciav-nanofaas-javascript-roman-numeral-sha256-052f7817932a9b090d92d52ab0243b268ee504742f35f551a463928044440875] passed   4.8s
[040.attest-published-images/attest-ghcr-io-miciav-nanofaas-javascript-roman-numeral-sha256-052f7817932a9b090d92d52ab0243b268ee504742f35f551a463928044440875-b187bb30/cosign-verify-ghcr-io-miciav-nanofaas-javascript-roman-numeral-sha256-052f7817932a9b090d92d52ab0243b268ee504742f35f551a463928044440875] running  cosign verify ghcr.io/miciav/nanofaas/javascript-roman-numeral@sha256:052f7817932a9b090d92d52ab0243b268ee504742f35f551a463928044440875
[040.attest-published-images/attest-ghcr-io-miciav-nanofaas-javascript-roman-numeral-sha256-052f7817932a9b090d92d52ab0243b268ee504742f35f551a463928044440875-b187bb30/cosign-verify-ghcr-io-miciav-nanofaas-javascript-roman-numeral-sha256-052f7817932a9b090d92d52ab0243b268ee504742f35f551a463928044440875] passed   3.2s
[040.attest-published-images/attest-ghcr-io-miciav-nanofaas-javascript-roman-numeral-sha256-052f7817932a9b090d92d52ab0243b268ee504742f35f551a463928044440875-b187bb30/cosign-verify-attestation-ghcr-io-miciav-nanofaas-javascript-roman-numeral-sha256-052f7817932a9b090d92d52ab0243b268ee504742f35f551a463928044440875] running  cosign verify-attestation ghcr.io/miciav/nanofaas/javascript-roman-numeral@sha256:052f7817932a9b090d92d52ab0243b268ee504742f35f551a463928044440875
[040.attest-published-images/attest-ghcr-io-miciav-nanofaas-javascript-roman-numeral-sha256-052f7817932a9b090d92d52ab0243b268ee504742f35f551a463928044440875-b187bb30/cosign-verify-attestation-ghcr-io-miciav-nanofaas-javascript-roman-numeral-sha256-052f7817932a9b090d92d52ab0243b268ee504742f35f551a463928044440875] passed   3.6s
[040.attest-published-images/attest-ghcr-io-miciav-nanofaas-javascript-roman-numeral-sha256-052f7817932a9b090d92d52ab0243b268ee504742f35f551a463928044440875-b187bb30] passed   35.7s
[040.attest-published-images/attest-ghcr-io-miciav-nanofaas-javascript-roman-numeral-sha256-5de8b6ea5e7d5ca9234290d0b9b2c35fd3dc3997ad1588de224615b637ef74bd-b0aca860] running  Attest ghcr.io/miciav/nanofaas/javascript-roman-numeral@sha256:5de8b6ea5e7d5ca9234290d0b9b2c35fd3dc3997ad1588de224615b637ef74bd b0aca860
[040.attest-published-images/attest-ghcr-io-miciav-nanofaas-javascript-roman-numeral-sha256-5de8b6ea5e7d5ca9234290d0b9b2c35fd3dc3997ad1588de224615b637ef74bd-b0aca860/syft-sbom-ghcr-io-miciav-nanofaas-javascript-roman-numeral-sha256-5de8b6ea5e7d5ca9234290d0b9b2c35fd3dc3997ad1588de224615b637ef74bd] running  Syft SBOM ghcr.io/miciav/nanofaas/javascript-roman-numeral@sha256:5de8b6ea5e7d5ca9234290d0b9b2c35fd3dc3997ad1588de224615b637ef74bd
[040.attest-published-images/attest-ghcr-io-miciav-nanofaas-javascript-roman-numeral-sha256-5de8b6ea5e7d5ca9234290d0b9b2c35fd3dc3997ad1588de224615b637ef74bd-b0aca860/syft-sbom-ghcr-io-miciav-nanofaas-javascript-roman-numeral-sha256-5de8b6ea5e7d5ca9234290d0b9b2c35fd3dc3997ad1588de224615b637ef74bd] passed   11.0s
[040.attest-published-images/attest-ghcr-io-miciav-nanofaas-javascript-roman-numeral-sha256-5de8b6ea5e7d5ca9234290d0b9b2c35fd3dc3997ad1588de224615b637ef74bd-b0aca860/cosign-sign-ghcr-io-miciav-nanofaas-javascript-roman-numeral-sha256-5de8b6ea5e7d5ca9234290d0b9b2c35fd3dc3997ad1588de224615b637ef74bd] running  cosign sign ghcr.io/miciav/nanofaas/javascript-roman-numeral@sha256:5de8b6ea5e7d5ca9234290d0b9b2c35fd3dc3997ad1588de224615b637ef74bd
[040.attest-published-images/attest-ghcr-io-miciav-nanofaas-javascript-roman-numeral-sha256-5de8b6ea5e7d5ca9234290d0b9b2c35fd3dc3997ad1588de224615b637ef74bd-b0aca860/cosign-sign-ghcr-io-miciav-nanofaas-javascript-roman-numeral-sha256-5de8b6ea5e7d5ca9234290d0b9b2c35fd3dc3997ad1588de224615b637ef74bd] passed   6.2s
[040.attest-published-images/attest-ghcr-io-miciav-nanofaas-javascript-roman-numeral-sha256-5de8b6ea5e7d5ca9234290d0b9b2c35fd3dc3997ad1588de224615b637ef74bd-b0aca860/cosign-attest-ghcr-io-miciav-nanofaas-javascript-roman-numeral-sha256-5de8b6ea5e7d5ca9234290d0b9b2c35fd3dc3997ad1588de224615b637ef74bd] running  cosign attest ghcr.io/miciav/nanofaas/javascript-roman-numeral@sha256:5de8b6ea5e7d5ca9234290d0b9b2c35fd3dc3997ad1588de224615b637ef74bd
[040.attest-published-images/attest-ghcr-io-miciav-nanofaas-javascript-roman-numeral-sha256-5de8b6ea5e7d5ca9234290d0b9b2c35fd3dc3997ad1588de224615b637ef74bd-b0aca860/cosign-attest-ghcr-io-miciav-nanofaas-javascript-roman-numeral-sha256-5de8b6ea5e7d5ca9234290d0b9b2c35fd3dc3997ad1588de224615b637ef74bd] passed   5.7s
[040.attest-published-images/attest-ghcr-io-miciav-nanofaas-javascript-roman-numeral-sha256-5de8b6ea5e7d5ca9234290d0b9b2c35fd3dc3997ad1588de224615b637ef74bd-b0aca860/cosign-attach-sbom-ghcr-io-miciav-nanofaas-javascript-roman-numeral-sha256-5de8b6ea5e7d5ca9234290d0b9b2c35fd3dc3997ad1588de224615b637ef74bd] running  cosign attach sbom ghcr.io/miciav/nanofaas/javascript-roman-numeral@sha256:5de8b6ea5e7d5ca9234290d0b9b2c35fd3dc3997ad1588de224615b637ef74bd
[040.attest-published-images/attest-ghcr-io-miciav-nanofaas-javascript-roman-numeral-sha256-5de8b6ea5e7d5ca9234290d0b9b2c35fd3dc3997ad1588de224615b637ef74bd-b0aca860/cosign-attach-sbom-ghcr-io-miciav-nanofaas-javascript-roman-numeral-sha256-5de8b6ea5e7d5ca9234290d0b9b2c35fd3dc3997ad1588de224615b637ef74bd] passed   5.1s
[040.attest-published-images/attest-ghcr-io-miciav-nanofaas-javascript-roman-numeral-sha256-5de8b6ea5e7d5ca9234290d0b9b2c35fd3dc3997ad1588de224615b637ef74bd-b0aca860/cosign-verify-ghcr-io-miciav-nanofaas-javascript-roman-numeral-sha256-5de8b6ea5e7d5ca9234290d0b9b2c35fd3dc3997ad1588de224615b637ef74bd] running  cosign verify ghcr.io/miciav/nanofaas/javascript-roman-numeral@sha256:5de8b6ea5e7d5ca9234290d0b9b2c35fd3dc3997ad1588de224615b637ef74bd
[040.attest-published-images/attest-ghcr-io-miciav-nanofaas-javascript-roman-numeral-sha256-5de8b6ea5e7d5ca9234290d0b9b2c35fd3dc3997ad1588de224615b637ef74bd-b0aca860/cosign-verify-ghcr-io-miciav-nanofaas-javascript-roman-numeral-sha256-5de8b6ea5e7d5ca9234290d0b9b2c35fd3dc3997ad1588de224615b637ef74bd] passed   3.5s
[040.attest-published-images/attest-ghcr-io-miciav-nanofaas-javascript-roman-numeral-sha256-5de8b6ea5e7d5ca9234290d0b9b2c35fd3dc3997ad1588de224615b637ef74bd-b0aca860/cosign-verify-attestation-ghcr-io-miciav-nanofaas-javascript-roman-numeral-sha256-5de8b6ea5e7d5ca9234290d0b9b2c35fd3dc3997ad1588de224615b637ef74bd] running  cosign verify-attestation ghcr.io/miciav/nanofaas/javascript-roman-numeral@sha256:5de8b6ea5e7d5ca9234290d0b9b2c35fd3dc3997ad1588de224615b637ef74bd
[040.attest-published-images/attest-ghcr-io-miciav-nanofaas-javascript-roman-numeral-sha256-5de8b6ea5e7d5ca9234290d0b9b2c35fd3dc3997ad1588de224615b637ef74bd-b0aca860/cosign-verify-attestation-ghcr-io-miciav-nanofaas-javascript-roman-numeral-sha256-5de8b6ea5e7d5ca9234290d0b9b2c35fd3dc3997ad1588de224615b637ef74bd] passed   4.4s
[040.attest-published-images/attest-ghcr-io-miciav-nanofaas-javascript-roman-numeral-sha256-5de8b6ea5e7d5ca9234290d0b9b2c35fd3dc3997ad1588de224615b637ef74bd-b0aca860] passed   35.8s
[040.attest-published-images/attest-ghcr-io-miciav-nanofaas-javascript-word-stats-sha256-fdeca9c6cf050b089825b7ca532d77e1b17e15d2d661ddad64ccfc7d5b0fbc96-d7bf91f9] running  Attest ghcr.io/miciav/nanofaas/javascript-word-stats@sha256:fdeca9c6cf050b089825b7ca532d77e1b17e15d2d661ddad64ccfc7d5b0fbc96 d7bf91f9
[040.attest-published-images/attest-ghcr-io-miciav-nanofaas-javascript-word-stats-sha256-fdeca9c6cf050b089825b7ca532d77e1b17e15d2d661ddad64ccfc7d5b0fbc96-d7bf91f9/syft-sbom-ghcr-io-miciav-nanofaas-javascript-word-stats-sha256-fdeca9c6cf050b089825b7ca532d77e1b17e15d2d661ddad64ccfc7d5b0fbc96] running  Syft SBOM ghcr.io/miciav/nanofaas/javascript-word-stats@sha256:fdeca9c6cf050b089825b7ca532d77e1b17e15d2d661ddad64ccfc7d5b0fbc96
[040.attest-published-images/attest-ghcr-io-miciav-nanofaas-javascript-word-stats-sha256-fdeca9c6cf050b089825b7ca532d77e1b17e15d2d661ddad64ccfc7d5b0fbc96-d7bf91f9/syft-sbom-ghcr-io-miciav-nanofaas-javascript-word-stats-sha256-fdeca9c6cf050b089825b7ca532d77e1b17e15d2d661ddad64ccfc7d5b0fbc96] passed   12.0s
[040.attest-published-images/attest-ghcr-io-miciav-nanofaas-javascript-word-stats-sha256-fdeca9c6cf050b089825b7ca532d77e1b17e15d2d661ddad64ccfc7d5b0fbc96-d7bf91f9/cosign-sign-ghcr-io-miciav-nanofaas-javascript-word-stats-sha256-fdeca9c6cf050b089825b7ca532d77e1b17e15d2d661ddad64ccfc7d5b0fbc96] running  cosign sign ghcr.io/miciav/nanofaas/javascript-word-stats@sha256:fdeca9c6cf050b089825b7ca532d77e1b17e15d2d661ddad64ccfc7d5b0fbc96
[040.attest-published-images/attest-ghcr-io-miciav-nanofaas-javascript-word-stats-sha256-fdeca9c6cf050b089825b7ca532d77e1b17e15d2d661ddad64ccfc7d5b0fbc96-d7bf91f9/cosign-sign-ghcr-io-miciav-nanofaas-javascript-word-stats-sha256-fdeca9c6cf050b089825b7ca532d77e1b17e15d2d661ddad64ccfc7d5b0fbc96] passed   6.0s
[040.attest-published-images/attest-ghcr-io-miciav-nanofaas-javascript-word-stats-sha256-fdeca9c6cf050b089825b7ca532d77e1b17e15d2d661ddad64ccfc7d5b0fbc96-d7bf91f9/cosign-attest-ghcr-io-miciav-nanofaas-javascript-word-stats-sha256-fdeca9c6cf050b089825b7ca532d77e1b17e15d2d661ddad64ccfc7d5b0fbc96] running  cosign attest ghcr.io/miciav/nanofaas/javascript-word-stats@sha256:fdeca9c6cf050b089825b7ca532d77e1b17e15d2d661ddad64ccfc7d5b0fbc96
[040.attest-published-images/attest-ghcr-io-miciav-nanofaas-javascript-word-stats-sha256-fdeca9c6cf050b089825b7ca532d77e1b17e15d2d661ddad64ccfc7d5b0fbc96-d7bf91f9/cosign-attest-ghcr-io-miciav-nanofaas-javascript-word-stats-sha256-fdeca9c6cf050b089825b7ca532d77e1b17e15d2d661ddad64ccfc7d5b0fbc96] passed   5.5s
[040.attest-published-images/attest-ghcr-io-miciav-nanofaas-javascript-word-stats-sha256-fdeca9c6cf050b089825b7ca532d77e1b17e15d2d661ddad64ccfc7d5b0fbc96-d7bf91f9/cosign-attach-sbom-ghcr-io-miciav-nanofaas-javascript-word-stats-sha256-fdeca9c6cf050b089825b7ca532d77e1b17e15d2d661ddad64ccfc7d5b0fbc96] running  cosign attach sbom ghcr.io/miciav/nanofaas/javascript-word-stats@sha256:fdeca9c6cf050b089825b7ca532d77e1b17e15d2d661ddad64ccfc7d5b0fbc96
[040.attest-published-images/attest-ghcr-io-miciav-nanofaas-javascript-word-stats-sha256-fdeca9c6cf050b089825b7ca532d77e1b17e15d2d661ddad64ccfc7d5b0fbc96-d7bf91f9/cosign-attach-sbom-ghcr-io-miciav-nanofaas-javascript-word-stats-sha256-fdeca9c6cf050b089825b7ca532d77e1b17e15d2d661ddad64ccfc7d5b0fbc96] passed   4.8s
[040.attest-published-images/attest-ghcr-io-miciav-nanofaas-javascript-word-stats-sha256-fdeca9c6cf050b089825b7ca532d77e1b17e15d2d661ddad64ccfc7d5b0fbc96-d7bf91f9/cosign-verify-ghcr-io-miciav-nanofaas-javascript-word-stats-sha256-fdeca9c6cf050b089825b7ca532d77e1b17e15d2d661ddad64ccfc7d5b0fbc96] running  cosign verify ghcr.io/miciav/nanofaas/javascript-word-stats@sha256:fdeca9c6cf050b089825b7ca532d77e1b17e15d2d661ddad64ccfc7d5b0fbc96
[040.attest-published-images/attest-ghcr-io-miciav-nanofaas-javascript-word-stats-sha256-fdeca9c6cf050b089825b7ca532d77e1b17e15d2d661ddad64ccfc7d5b0fbc96-d7bf91f9/cosign-verify-ghcr-io-miciav-nanofaas-javascript-word-stats-sha256-fdeca9c6cf050b089825b7ca532d77e1b17e15d2d661ddad64ccfc7d5b0fbc96] passed   3.4s
[040.attest-published-images/attest-ghcr-io-miciav-nanofaas-javascript-word-stats-sha256-fdeca9c6cf050b089825b7ca532d77e1b17e15d2d661ddad64ccfc7d5b0fbc96-d7bf91f9/cosign-verify-attestation-ghcr-io-miciav-nanofaas-javascript-word-stats-sha256-fdeca9c6cf050b089825b7ca532d77e1b17e15d2d661ddad64ccfc7d5b0fbc96] running  cosign verify-attestation ghcr.io/miciav/nanofaas/javascript-word-stats@sha256:fdeca9c6cf050b089825b7ca532d77e1b17e15d2d661ddad64ccfc7d5b0fbc96
[040.attest-published-images/attest-ghcr-io-miciav-nanofaas-javascript-word-stats-sha256-fdeca9c6cf050b089825b7ca532d77e1b17e15d2d661ddad64ccfc7d5b0fbc96-d7bf91f9/cosign-verify-attestation-ghcr-io-miciav-nanofaas-javascript-word-stats-sha256-fdeca9c6cf050b089825b7ca532d77e1b17e15d2d661ddad64ccfc7d5b0fbc96] passed   3.8s
[040.attest-published-images/attest-ghcr-io-miciav-nanofaas-javascript-word-stats-sha256-fdeca9c6cf050b089825b7ca532d77e1b17e15d2d661ddad64ccfc7d5b0fbc96-d7bf91f9] passed   35.5s
[040.attest-published-images/attest-ghcr-io-miciav-nanofaas-javascript-word-stats-sha256-288d093a8aab6db7ccb418e3ceed41025fd5b3d41661b919de0e5f4b3f647b9d-942a8bea] running  Attest ghcr.io/miciav/nanofaas/javascript-word-stats@sha256:288d093a8aab6db7ccb418e3ceed41025fd5b3d41661b919de0e5f4b3f647b9d 942a8bea
[040.attest-published-images/attest-ghcr-io-miciav-nanofaas-javascript-word-stats-sha256-288d093a8aab6db7ccb418e3ceed41025fd5b3d41661b919de0e5f4b3f647b9d-942a8bea/syft-sbom-ghcr-io-miciav-nanofaas-javascript-word-stats-sha256-288d093a8aab6db7ccb418e3ceed41025fd5b3d41661b919de0e5f4b3f647b9d] running  Syft SBOM ghcr.io/miciav/nanofaas/javascript-word-stats@sha256:288d093a8aab6db7ccb418e3ceed41025fd5b3d41661b919de0e5f4b3f647b9d
[040.attest-published-images/attest-ghcr-io-miciav-nanofaas-javascript-word-stats-sha256-288d093a8aab6db7ccb418e3ceed41025fd5b3d41661b919de0e5f4b3f647b9d-942a8bea/syft-sbom-ghcr-io-miciav-nanofaas-javascript-word-stats-sha256-288d093a8aab6db7ccb418e3ceed41025fd5b3d41661b919de0e5f4b3f647b9d] passed   10.8s
[040.attest-published-images/attest-ghcr-io-miciav-nanofaas-javascript-word-stats-sha256-288d093a8aab6db7ccb418e3ceed41025fd5b3d41661b919de0e5f4b3f647b9d-942a8bea/cosign-sign-ghcr-io-miciav-nanofaas-javascript-word-stats-sha256-288d093a8aab6db7ccb418e3ceed41025fd5b3d41661b919de0e5f4b3f647b9d] running  cosign sign ghcr.io/miciav/nanofaas/javascript-word-stats@sha256:288d093a8aab6db7ccb418e3ceed41025fd5b3d41661b919de0e5f4b3f647b9d
[040.attest-published-images/attest-ghcr-io-miciav-nanofaas-javascript-word-stats-sha256-288d093a8aab6db7ccb418e3ceed41025fd5b3d41661b919de0e5f4b3f647b9d-942a8bea/cosign-sign-ghcr-io-miciav-nanofaas-javascript-word-stats-sha256-288d093a8aab6db7ccb418e3ceed41025fd5b3d41661b919de0e5f4b3f647b9d] passed   5.7s
[040.attest-published-images/attest-ghcr-io-miciav-nanofaas-javascript-word-stats-sha256-288d093a8aab6db7ccb418e3ceed41025fd5b3d41661b919de0e5f4b3f647b9d-942a8bea/cosign-attest-ghcr-io-miciav-nanofaas-javascript-word-stats-sha256-288d093a8aab6db7ccb418e3ceed41025fd5b3d41661b919de0e5f4b3f647b9d] running  cosign attest ghcr.io/miciav/nanofaas/javascript-word-stats@sha256:288d093a8aab6db7ccb418e3ceed41025fd5b3d41661b919de0e5f4b3f647b9d
[040.attest-published-images/attest-ghcr-io-miciav-nanofaas-javascript-word-stats-sha256-288d093a8aab6db7ccb418e3ceed41025fd5b3d41661b919de0e5f4b3f647b9d-942a8bea/cosign-attest-ghcr-io-miciav-nanofaas-javascript-word-stats-sha256-288d093a8aab6db7ccb418e3ceed41025fd5b3d41661b919de0e5f4b3f647b9d] passed   5.4s
[040.attest-published-images/attest-ghcr-io-miciav-nanofaas-javascript-word-stats-sha256-288d093a8aab6db7ccb418e3ceed41025fd5b3d41661b919de0e5f4b3f647b9d-942a8bea/cosign-attach-sbom-ghcr-io-miciav-nanofaas-javascript-word-stats-sha256-288d093a8aab6db7ccb418e3ceed41025fd5b3d41661b919de0e5f4b3f647b9d] running  cosign attach sbom ghcr.io/miciav/nanofaas/javascript-word-stats@sha256:288d093a8aab6db7ccb418e3ceed41025fd5b3d41661b919de0e5f4b3f647b9d
[040.attest-published-images/attest-ghcr-io-miciav-nanofaas-javascript-word-stats-sha256-288d093a8aab6db7ccb418e3ceed41025fd5b3d41661b919de0e5f4b3f647b9d-942a8bea/cosign-attach-sbom-ghcr-io-miciav-nanofaas-javascript-word-stats-sha256-288d093a8aab6db7ccb418e3ceed41025fd5b3d41661b919de0e5f4b3f647b9d] passed   4.7s
[040.attest-published-images/attest-ghcr-io-miciav-nanofaas-javascript-word-stats-sha256-288d093a8aab6db7ccb418e3ceed41025fd5b3d41661b919de0e5f4b3f647b9d-942a8bea/cosign-verify-ghcr-io-miciav-nanofaas-javascript-word-stats-sha256-288d093a8aab6db7ccb418e3ceed41025fd5b3d41661b919de0e5f4b3f647b9d] running  cosign verify ghcr.io/miciav/nanofaas/javascript-word-stats@sha256:288d093a8aab6db7ccb418e3ceed41025fd5b3d41661b919de0e5f4b3f647b9d
[040.attest-published-images/attest-ghcr-io-miciav-nanofaas-javascript-word-stats-sha256-288d093a8aab6db7ccb418e3ceed41025fd5b3d41661b919de0e5f4b3f647b9d-942a8bea/cosign-verify-ghcr-io-miciav-nanofaas-javascript-word-stats-sha256-288d093a8aab6db7ccb418e3ceed41025fd5b3d41661b919de0e5f4b3f647b9d] passed   3.8s
[040.attest-published-images/attest-ghcr-io-miciav-nanofaas-javascript-word-stats-sha256-288d093a8aab6db7ccb418e3ceed41025fd5b3d41661b919de0e5f4b3f647b9d-942a8bea/cosign-verify-attestation-ghcr-io-miciav-nanofaas-javascript-word-stats-sha256-288d093a8aab6db7ccb418e3ceed41025fd5b3d41661b919de0e5f4b3f647b9d] running  cosign verify-attestation ghcr.io/miciav/nanofaas/javascript-word-stats@sha256:288d093a8aab6db7ccb418e3ceed41025fd5b3d41661b919de0e5f4b3f647b9d
[040.attest-published-images/attest-ghcr-io-miciav-nanofaas-javascript-word-stats-sha256-288d093a8aab6db7ccb418e3ceed41025fd5b3d41661b919de0e5f4b3f647b9d-942a8bea/cosign-verify-attestation-ghcr-io-miciav-nanofaas-javascript-word-stats-sha256-288d093a8aab6db7ccb418e3ceed41025fd5b3d41661b919de0e5f4b3f647b9d] passed   3.8s
[040.attest-published-images/attest-ghcr-io-miciav-nanofaas-javascript-word-stats-sha256-288d093a8aab6db7ccb418e3ceed41025fd5b3d41661b919de0e5f4b3f647b9d-942a8bea] passed   34.3s
[040.attest-published-images/attest-ghcr-io-miciav-nanofaas-javascript-word-stats-sha256-cb7483e0a098888bb1c6a2c3ef6c9da20d79ca1731bb62cadb57edc040ff5af4-16788f4f] running  Attest ghcr.io/miciav/nanofaas/javascript-word-stats@sha256:cb7483e0a098888bb1c6a2c3ef6c9da20d79ca1731bb62cadb57edc040ff5af4 16788f4f
[040.attest-published-images/attest-ghcr-io-miciav-nanofaas-javascript-word-stats-sha256-cb7483e0a098888bb1c6a2c3ef6c9da20d79ca1731bb62cadb57edc040ff5af4-16788f4f/syft-sbom-ghcr-io-miciav-nanofaas-javascript-word-stats-sha256-cb7483e0a098888bb1c6a2c3ef6c9da20d79ca1731bb62cadb57edc040ff5af4] running  Syft SBOM ghcr.io/miciav/nanofaas/javascript-word-stats@sha256:cb7483e0a098888bb1c6a2c3ef6c9da20d79ca1731bb62cadb57edc040ff5af4
[040.attest-published-images/attest-ghcr-io-miciav-nanofaas-javascript-word-stats-sha256-cb7483e0a098888bb1c6a2c3ef6c9da20d79ca1731bb62cadb57edc040ff5af4-16788f4f/syft-sbom-ghcr-io-miciav-nanofaas-javascript-word-stats-sha256-cb7483e0a098888bb1c6a2c3ef6c9da20d79ca1731bb62cadb57edc040ff5af4] passed   12.1s
[040.attest-published-images/attest-ghcr-io-miciav-nanofaas-javascript-word-stats-sha256-cb7483e0a098888bb1c6a2c3ef6c9da20d79ca1731bb62cadb57edc040ff5af4-16788f4f/cosign-sign-ghcr-io-miciav-nanofaas-javascript-word-stats-sha256-cb7483e0a098888bb1c6a2c3ef6c9da20d79ca1731bb62cadb57edc040ff5af4] running  cosign sign ghcr.io/miciav/nanofaas/javascript-word-stats@sha256:cb7483e0a098888bb1c6a2c3ef6c9da20d79ca1731bb62cadb57edc040ff5af4
[040.attest-published-images/attest-ghcr-io-miciav-nanofaas-javascript-word-stats-sha256-cb7483e0a098888bb1c6a2c3ef6c9da20d79ca1731bb62cadb57edc040ff5af4-16788f4f/cosign-sign-ghcr-io-miciav-nanofaas-javascript-word-stats-sha256-cb7483e0a098888bb1c6a2c3ef6c9da20d79ca1731bb62cadb57edc040ff5af4] passed   5.7s
[040.attest-published-images/attest-ghcr-io-miciav-nanofaas-javascript-word-stats-sha256-cb7483e0a098888bb1c6a2c3ef6c9da20d79ca1731bb62cadb57edc040ff5af4-16788f4f/cosign-attest-ghcr-io-miciav-nanofaas-javascript-word-stats-sha256-cb7483e0a098888bb1c6a2c3ef6c9da20d79ca1731bb62cadb57edc040ff5af4] running  cosign attest ghcr.io/miciav/nanofaas/javascript-word-stats@sha256:cb7483e0a098888bb1c6a2c3ef6c9da20d79ca1731bb62cadb57edc040ff5af4
[040.attest-published-images/attest-ghcr-io-miciav-nanofaas-javascript-word-stats-sha256-cb7483e0a098888bb1c6a2c3ef6c9da20d79ca1731bb62cadb57edc040ff5af4-16788f4f/cosign-attest-ghcr-io-miciav-nanofaas-javascript-word-stats-sha256-cb7483e0a098888bb1c6a2c3ef6c9da20d79ca1731bb62cadb57edc040ff5af4] passed   5.6s
[040.attest-published-images/attest-ghcr-io-miciav-nanofaas-javascript-word-stats-sha256-cb7483e0a098888bb1c6a2c3ef6c9da20d79ca1731bb62cadb57edc040ff5af4-16788f4f/cosign-attach-sbom-ghcr-io-miciav-nanofaas-javascript-word-stats-sha256-cb7483e0a098888bb1c6a2c3ef6c9da20d79ca1731bb62cadb57edc040ff5af4] running  cosign attach sbom ghcr.io/miciav/nanofaas/javascript-word-stats@sha256:cb7483e0a098888bb1c6a2c3ef6c9da20d79ca1731bb62cadb57edc040ff5af4
[040.attest-published-images/attest-ghcr-io-miciav-nanofaas-javascript-word-stats-sha256-cb7483e0a098888bb1c6a2c3ef6c9da20d79ca1731bb62cadb57edc040ff5af4-16788f4f/cosign-attach-sbom-ghcr-io-miciav-nanofaas-javascript-word-stats-sha256-cb7483e0a098888bb1c6a2c3ef6c9da20d79ca1731bb62cadb57edc040ff5af4] passed   4.8s
[040.attest-published-images/attest-ghcr-io-miciav-nanofaas-javascript-word-stats-sha256-cb7483e0a098888bb1c6a2c3ef6c9da20d79ca1731bb62cadb57edc040ff5af4-16788f4f/cosign-verify-ghcr-io-miciav-nanofaas-javascript-word-stats-sha256-cb7483e0a098888bb1c6a2c3ef6c9da20d79ca1731bb62cadb57edc040ff5af4] running  cosign verify ghcr.io/miciav/nanofaas/javascript-word-stats@sha256:cb7483e0a098888bb1c6a2c3ef6c9da20d79ca1731bb62cadb57edc040ff5af4
[040.attest-published-images/attest-ghcr-io-miciav-nanofaas-javascript-word-stats-sha256-cb7483e0a098888bb1c6a2c3ef6c9da20d79ca1731bb62cadb57edc040ff5af4-16788f4f/cosign-verify-ghcr-io-miciav-nanofaas-javascript-word-stats-sha256-cb7483e0a098888bb1c6a2c3ef6c9da20d79ca1731bb62cadb57edc040ff5af4] passed   3.6s
[040.attest-published-images/attest-ghcr-io-miciav-nanofaas-javascript-word-stats-sha256-cb7483e0a098888bb1c6a2c3ef6c9da20d79ca1731bb62cadb57edc040ff5af4-16788f4f/cosign-verify-attestation-ghcr-io-miciav-nanofaas-javascript-word-stats-sha256-cb7483e0a098888bb1c6a2c3ef6c9da20d79ca1731bb62cadb57edc040ff5af4] running  cosign verify-attestation ghcr.io/miciav/nanofaas/javascript-word-stats@sha256:cb7483e0a098888bb1c6a2c3ef6c9da20d79ca1731bb62cadb57edc040ff5af4
[040.attest-published-images/attest-ghcr-io-miciav-nanofaas-javascript-word-stats-sha256-cb7483e0a098888bb1c6a2c3ef6c9da20d79ca1731bb62cadb57edc040ff5af4-16788f4f/cosign-verify-attestation-ghcr-io-miciav-nanofaas-javascript-word-stats-sha256-cb7483e0a098888bb1c6a2c3ef6c9da20d79ca1731bb62cadb57edc040ff5af4] passed   3.8s
[040.attest-published-images/attest-ghcr-io-miciav-nanofaas-javascript-word-stats-sha256-cb7483e0a098888bb1c6a2c3ef6c9da20d79ca1731bb62cadb57edc040ff5af4-16788f4f] passed   35.5s
[040.attest-published-images/attest-ghcr-io-miciav-nanofaas-python-json-transform-sha256-b1bf996ca2795b8e09b0471477bdb203b0d2ed17a32a8cba12fde299e7794f86-599d6fd1] running  Attest ghcr.io/miciav/nanofaas/python-json-transform@sha256:b1bf996ca2795b8e09b0471477bdb203b0d2ed17a32a8cba12fde299e7794f86 599d6fd1
[040.attest-published-images/attest-ghcr-io-miciav-nanofaas-python-json-transform-sha256-b1bf996ca2795b8e09b0471477bdb203b0d2ed17a32a8cba12fde299e7794f86-599d6fd1/syft-sbom-ghcr-io-miciav-nanofaas-python-json-transform-sha256-b1bf996ca2795b8e09b0471477bdb203b0d2ed17a32a8cba12fde299e7794f86] running  Syft SBOM ghcr.io/miciav/nanofaas/python-json-transform@sha256:b1bf996ca2795b8e09b0471477bdb203b0d2ed17a32a8cba12fde299e7794f86
[040.attest-published-images/attest-ghcr-io-miciav-nanofaas-python-json-transform-sha256-b1bf996ca2795b8e09b0471477bdb203b0d2ed17a32a8cba12fde299e7794f86-599d6fd1/syft-sbom-ghcr-io-miciav-nanofaas-python-json-transform-sha256-b1bf996ca2795b8e09b0471477bdb203b0d2ed17a32a8cba12fde299e7794f86] passed   6.8s
[040.attest-published-images/attest-ghcr-io-miciav-nanofaas-python-json-transform-sha256-b1bf996ca2795b8e09b0471477bdb203b0d2ed17a32a8cba12fde299e7794f86-599d6fd1/cosign-sign-ghcr-io-miciav-nanofaas-python-json-transform-sha256-b1bf996ca2795b8e09b0471477bdb203b0d2ed17a32a8cba12fde299e7794f86] running  cosign sign ghcr.io/miciav/nanofaas/python-json-transform@sha256:b1bf996ca2795b8e09b0471477bdb203b0d2ed17a32a8cba12fde299e7794f86
[040.attest-published-images/attest-ghcr-io-miciav-nanofaas-python-json-transform-sha256-b1bf996ca2795b8e09b0471477bdb203b0d2ed17a32a8cba12fde299e7794f86-599d6fd1/cosign-sign-ghcr-io-miciav-nanofaas-python-json-transform-sha256-b1bf996ca2795b8e09b0471477bdb203b0d2ed17a32a8cba12fde299e7794f86] passed   5.5s
[040.attest-published-images/attest-ghcr-io-miciav-nanofaas-python-json-transform-sha256-b1bf996ca2795b8e09b0471477bdb203b0d2ed17a32a8cba12fde299e7794f86-599d6fd1/cosign-attest-ghcr-io-miciav-nanofaas-python-json-transform-sha256-b1bf996ca2795b8e09b0471477bdb203b0d2ed17a32a8cba12fde299e7794f86] running  cosign attest ghcr.io/miciav/nanofaas/python-json-transform@sha256:b1bf996ca2795b8e09b0471477bdb203b0d2ed17a32a8cba12fde299e7794f86
[040.attest-published-images/attest-ghcr-io-miciav-nanofaas-python-json-transform-sha256-b1bf996ca2795b8e09b0471477bdb203b0d2ed17a32a8cba12fde299e7794f86-599d6fd1/cosign-attest-ghcr-io-miciav-nanofaas-python-json-transform-sha256-b1bf996ca2795b8e09b0471477bdb203b0d2ed17a32a8cba12fde299e7794f86] passed   5.0s
[040.attest-published-images/attest-ghcr-io-miciav-nanofaas-python-json-transform-sha256-b1bf996ca2795b8e09b0471477bdb203b0d2ed17a32a8cba12fde299e7794f86-599d6fd1/cosign-attach-sbom-ghcr-io-miciav-nanofaas-python-json-transform-sha256-b1bf996ca2795b8e09b0471477bdb203b0d2ed17a32a8cba12fde299e7794f86] running  cosign attach sbom ghcr.io/miciav/nanofaas/python-json-transform@sha256:b1bf996ca2795b8e09b0471477bdb203b0d2ed17a32a8cba12fde299e7794f86
[040.attest-published-images/attest-ghcr-io-miciav-nanofaas-python-json-transform-sha256-b1bf996ca2795b8e09b0471477bdb203b0d2ed17a32a8cba12fde299e7794f86-599d6fd1/cosign-attach-sbom-ghcr-io-miciav-nanofaas-python-json-transform-sha256-b1bf996ca2795b8e09b0471477bdb203b0d2ed17a32a8cba12fde299e7794f86] passed   10.5s
[040.attest-published-images/attest-ghcr-io-miciav-nanofaas-python-json-transform-sha256-b1bf996ca2795b8e09b0471477bdb203b0d2ed17a32a8cba12fde299e7794f86-599d6fd1/cosign-verify-ghcr-io-miciav-nanofaas-python-json-transform-sha256-b1bf996ca2795b8e09b0471477bdb203b0d2ed17a32a8cba12fde299e7794f86] running  cosign verify ghcr.io/miciav/nanofaas/python-json-transform@sha256:b1bf996ca2795b8e09b0471477bdb203b0d2ed17a32a8cba12fde299e7794f86
[040.attest-published-images/attest-ghcr-io-miciav-nanofaas-python-json-transform-sha256-b1bf996ca2795b8e09b0471477bdb203b0d2ed17a32a8cba12fde299e7794f86-599d6fd1/cosign-verify-ghcr-io-miciav-nanofaas-python-json-transform-sha256-b1bf996ca2795b8e09b0471477bdb203b0d2ed17a32a8cba12fde299e7794f86] passed   3.1s
[040.attest-published-images/attest-ghcr-io-miciav-nanofaas-python-json-transform-sha256-b1bf996ca2795b8e09b0471477bdb203b0d2ed17a32a8cba12fde299e7794f86-599d6fd1/cosign-verify-attestation-ghcr-io-miciav-nanofaas-python-json-transform-sha256-b1bf996ca2795b8e09b0471477bdb203b0d2ed17a32a8cba12fde299e7794f86] running  cosign verify-attestation ghcr.io/miciav/nanofaas/python-json-transform@sha256:b1bf996ca2795b8e09b0471477bdb203b0d2ed17a32a8cba12fde299e7794f86
[040.attest-published-images/attest-ghcr-io-miciav-nanofaas-python-json-transform-sha256-b1bf996ca2795b8e09b0471477bdb203b0d2ed17a32a8cba12fde299e7794f86-599d6fd1/cosign-verify-attestation-ghcr-io-miciav-nanofaas-python-json-transform-sha256-b1bf996ca2795b8e09b0471477bdb203b0d2ed17a32a8cba12fde299e7794f86] passed   3.4s
[040.attest-published-images/attest-ghcr-io-miciav-nanofaas-python-json-transform-sha256-b1bf996ca2795b8e09b0471477bdb203b0d2ed17a32a8cba12fde299e7794f86-599d6fd1] passed   34.4s
[040.attest-published-images/attest-ghcr-io-miciav-nanofaas-python-json-transform-sha256-8adbc0467e9e6fdce06d307f9dff2481a275f07b00205c2255aebead46283b0e-cb0a1750] running  Attest ghcr.io/miciav/nanofaas/python-json-transform@sha256:8adbc0467e9e6fdce06d307f9dff2481a275f07b00205c2255aebead46283b0e cb0a1750
[040.attest-published-images/attest-ghcr-io-miciav-nanofaas-python-json-transform-sha256-8adbc0467e9e6fdce06d307f9dff2481a275f07b00205c2255aebead46283b0e-cb0a1750/syft-sbom-ghcr-io-miciav-nanofaas-python-json-transform-sha256-8adbc0467e9e6fdce06d307f9dff2481a275f07b00205c2255aebead46283b0e] running  Syft SBOM ghcr.io/miciav/nanofaas/python-json-transform@sha256:8adbc0467e9e6fdce06d307f9dff2481a275f07b00205c2255aebead46283b0e
[040.attest-published-images/attest-ghcr-io-miciav-nanofaas-python-json-transform-sha256-8adbc0467e9e6fdce06d307f9dff2481a275f07b00205c2255aebead46283b0e-cb0a1750/syft-sbom-ghcr-io-miciav-nanofaas-python-json-transform-sha256-8adbc0467e9e6fdce06d307f9dff2481a275f07b00205c2255aebead46283b0e] passed   6.1s
[040.attest-published-images/attest-ghcr-io-miciav-nanofaas-python-json-transform-sha256-8adbc0467e9e6fdce06d307f9dff2481a275f07b00205c2255aebead46283b0e-cb0a1750/cosign-sign-ghcr-io-miciav-nanofaas-python-json-transform-sha256-8adbc0467e9e6fdce06d307f9dff2481a275f07b00205c2255aebead46283b0e] running  cosign sign ghcr.io/miciav/nanofaas/python-json-transform@sha256:8adbc0467e9e6fdce06d307f9dff2481a275f07b00205c2255aebead46283b0e
[040.attest-published-images/attest-ghcr-io-miciav-nanofaas-python-json-transform-sha256-8adbc0467e9e6fdce06d307f9dff2481a275f07b00205c2255aebead46283b0e-cb0a1750/cosign-sign-ghcr-io-miciav-nanofaas-python-json-transform-sha256-8adbc0467e9e6fdce06d307f9dff2481a275f07b00205c2255aebead46283b0e] passed   5.3s
[040.attest-published-images/attest-ghcr-io-miciav-nanofaas-python-json-transform-sha256-8adbc0467e9e6fdce06d307f9dff2481a275f07b00205c2255aebead46283b0e-cb0a1750/cosign-attest-ghcr-io-miciav-nanofaas-python-json-transform-sha256-8adbc0467e9e6fdce06d307f9dff2481a275f07b00205c2255aebead46283b0e] running  cosign attest ghcr.io/miciav/nanofaas/python-json-transform@sha256:8adbc0467e9e6fdce06d307f9dff2481a275f07b00205c2255aebead46283b0e
[040.attest-published-images/attest-ghcr-io-miciav-nanofaas-python-json-transform-sha256-8adbc0467e9e6fdce06d307f9dff2481a275f07b00205c2255aebead46283b0e-cb0a1750/cosign-attest-ghcr-io-miciav-nanofaas-python-json-transform-sha256-8adbc0467e9e6fdce06d307f9dff2481a275f07b00205c2255aebead46283b0e] passed   4.8s
[040.attest-published-images/attest-ghcr-io-miciav-nanofaas-python-json-transform-sha256-8adbc0467e9e6fdce06d307f9dff2481a275f07b00205c2255aebead46283b0e-cb0a1750/cosign-attach-sbom-ghcr-io-miciav-nanofaas-python-json-transform-sha256-8adbc0467e9e6fdce06d307f9dff2481a275f07b00205c2255aebead46283b0e] running  cosign attach sbom ghcr.io/miciav/nanofaas/python-json-transform@sha256:8adbc0467e9e6fdce06d307f9dff2481a275f07b00205c2255aebead46283b0e
[040.attest-published-images/attest-ghcr-io-miciav-nanofaas-python-json-transform-sha256-8adbc0467e9e6fdce06d307f9dff2481a275f07b00205c2255aebead46283b0e-cb0a1750/cosign-attach-sbom-ghcr-io-miciav-nanofaas-python-json-transform-sha256-8adbc0467e9e6fdce06d307f9dff2481a275f07b00205c2255aebead46283b0e] passed   4.1s
[040.attest-published-images/attest-ghcr-io-miciav-nanofaas-python-json-transform-sha256-8adbc0467e9e6fdce06d307f9dff2481a275f07b00205c2255aebead46283b0e-cb0a1750/cosign-verify-ghcr-io-miciav-nanofaas-python-json-transform-sha256-8adbc0467e9e6fdce06d307f9dff2481a275f07b00205c2255aebead46283b0e] running  cosign verify ghcr.io/miciav/nanofaas/python-json-transform@sha256:8adbc0467e9e6fdce06d307f9dff2481a275f07b00205c2255aebead46283b0e
[040.attest-published-images/attest-ghcr-io-miciav-nanofaas-python-json-transform-sha256-8adbc0467e9e6fdce06d307f9dff2481a275f07b00205c2255aebead46283b0e-cb0a1750/cosign-verify-ghcr-io-miciav-nanofaas-python-json-transform-sha256-8adbc0467e9e6fdce06d307f9dff2481a275f07b00205c2255aebead46283b0e] passed   3.0s
[040.attest-published-images/attest-ghcr-io-miciav-nanofaas-python-json-transform-sha256-8adbc0467e9e6fdce06d307f9dff2481a275f07b00205c2255aebead46283b0e-cb0a1750/cosign-verify-attestation-ghcr-io-miciav-nanofaas-python-json-transform-sha256-8adbc0467e9e6fdce06d307f9dff2481a275f07b00205c2255aebead46283b0e] running  cosign verify-attestation ghcr.io/miciav/nanofaas/python-json-transform@sha256:8adbc0467e9e6fdce06d307f9dff2481a275f07b00205c2255aebead46283b0e
[040.attest-published-images/attest-ghcr-io-miciav-nanofaas-python-json-transform-sha256-8adbc0467e9e6fdce06d307f9dff2481a275f07b00205c2255aebead46283b0e-cb0a1750/cosign-verify-attestation-ghcr-io-miciav-nanofaas-python-json-transform-sha256-8adbc0467e9e6fdce06d307f9dff2481a275f07b00205c2255aebead46283b0e] passed   3.2s
[040.attest-published-images/attest-ghcr-io-miciav-nanofaas-python-json-transform-sha256-8adbc0467e9e6fdce06d307f9dff2481a275f07b00205c2255aebead46283b0e-cb0a1750] passed   26.4s
[040.attest-published-images/attest-ghcr-io-miciav-nanofaas-python-json-transform-sha256-18a24453e0398e4371ef02e1f4d49d4a360e54b8e7c05238d4b3759bf3086609-5e87a067] running  Attest ghcr.io/miciav/nanofaas/python-json-transform@sha256:18a24453e0398e4371ef02e1f4d49d4a360e54b8e7c05238d4b3759bf3086609 5e87a067
[040.attest-published-images/attest-ghcr-io-miciav-nanofaas-python-json-transform-sha256-18a24453e0398e4371ef02e1f4d49d4a360e54b8e7c05238d4b3759bf3086609-5e87a067/syft-sbom-ghcr-io-miciav-nanofaas-python-json-transform-sha256-18a24453e0398e4371ef02e1f4d49d4a360e54b8e7c05238d4b3759bf3086609] running  Syft SBOM ghcr.io/miciav/nanofaas/python-json-transform@sha256:18a24453e0398e4371ef02e1f4d49d4a360e54b8e7c05238d4b3759bf3086609
[040.attest-published-images/attest-ghcr-io-miciav-nanofaas-python-json-transform-sha256-18a24453e0398e4371ef02e1f4d49d4a360e54b8e7c05238d4b3759bf3086609-5e87a067/syft-sbom-ghcr-io-miciav-nanofaas-python-json-transform-sha256-18a24453e0398e4371ef02e1f4d49d4a360e54b8e7c05238d4b3759bf3086609] passed   7.0s
[040.attest-published-images/attest-ghcr-io-miciav-nanofaas-python-json-transform-sha256-18a24453e0398e4371ef02e1f4d49d4a360e54b8e7c05238d4b3759bf3086609-5e87a067/cosign-sign-ghcr-io-miciav-nanofaas-python-json-transform-sha256-18a24453e0398e4371ef02e1f4d49d4a360e54b8e7c05238d4b3759bf3086609] running  cosign sign ghcr.io/miciav/nanofaas/python-json-transform@sha256:18a24453e0398e4371ef02e1f4d49d4a360e54b8e7c05238d4b3759bf3086609
[040.attest-published-images/attest-ghcr-io-miciav-nanofaas-python-json-transform-sha256-18a24453e0398e4371ef02e1f4d49d4a360e54b8e7c05238d4b3759bf3086609-5e87a067/cosign-sign-ghcr-io-miciav-nanofaas-python-json-transform-sha256-18a24453e0398e4371ef02e1f4d49d4a360e54b8e7c05238d4b3759bf3086609] passed   5.1s
[040.attest-published-images/attest-ghcr-io-miciav-nanofaas-python-json-transform-sha256-18a24453e0398e4371ef02e1f4d49d4a360e54b8e7c05238d4b3759bf3086609-5e87a067/cosign-attest-ghcr-io-miciav-nanofaas-python-json-transform-sha256-18a24453e0398e4371ef02e1f4d49d4a360e54b8e7c05238d4b3759bf3086609] running  cosign attest ghcr.io/miciav/nanofaas/python-json-transform@sha256:18a24453e0398e4371ef02e1f4d49d4a360e54b8e7c05238d4b3759bf3086609
[040.attest-published-images/attest-ghcr-io-miciav-nanofaas-python-json-transform-sha256-18a24453e0398e4371ef02e1f4d49d4a360e54b8e7c05238d4b3759bf3086609-5e87a067/cosign-attest-ghcr-io-miciav-nanofaas-python-json-transform-sha256-18a24453e0398e4371ef02e1f4d49d4a360e54b8e7c05238d4b3759bf3086609] passed   5.2s
[040.attest-published-images/attest-ghcr-io-miciav-nanofaas-python-json-transform-sha256-18a24453e0398e4371ef02e1f4d49d4a360e54b8e7c05238d4b3759bf3086609-5e87a067/cosign-attach-sbom-ghcr-io-miciav-nanofaas-python-json-transform-sha256-18a24453e0398e4371ef02e1f4d49d4a360e54b8e7c05238d4b3759bf3086609] running  cosign attach sbom ghcr.io/miciav/nanofaas/python-json-transform@sha256:18a24453e0398e4371ef02e1f4d49d4a360e54b8e7c05238d4b3759bf3086609
[040.attest-published-images/attest-ghcr-io-miciav-nanofaas-python-json-transform-sha256-18a24453e0398e4371ef02e1f4d49d4a360e54b8e7c05238d4b3759bf3086609-5e87a067/cosign-attach-sbom-ghcr-io-miciav-nanofaas-python-json-transform-sha256-18a24453e0398e4371ef02e1f4d49d4a360e54b8e7c05238d4b3759bf3086609] passed   4.2s
[040.attest-published-images/attest-ghcr-io-miciav-nanofaas-python-json-transform-sha256-18a24453e0398e4371ef02e1f4d49d4a360e54b8e7c05238d4b3759bf3086609-5e87a067/cosign-verify-ghcr-io-miciav-nanofaas-python-json-transform-sha256-18a24453e0398e4371ef02e1f4d49d4a360e54b8e7c05238d4b3759bf3086609] running  cosign verify ghcr.io/miciav/nanofaas/python-json-transform@sha256:18a24453e0398e4371ef02e1f4d49d4a360e54b8e7c05238d4b3759bf3086609
[040.attest-published-images/attest-ghcr-io-miciav-nanofaas-python-json-transform-sha256-18a24453e0398e4371ef02e1f4d49d4a360e54b8e7c05238d4b3759bf3086609-5e87a067/cosign-verify-ghcr-io-miciav-nanofaas-python-json-transform-sha256-18a24453e0398e4371ef02e1f4d49d4a360e54b8e7c05238d4b3759bf3086609] passed   2.9s
[040.attest-published-images/attest-ghcr-io-miciav-nanofaas-python-json-transform-sha256-18a24453e0398e4371ef02e1f4d49d4a360e54b8e7c05238d4b3759bf3086609-5e87a067/cosign-verify-attestation-ghcr-io-miciav-nanofaas-python-json-transform-sha256-18a24453e0398e4371ef02e1f4d49d4a360e54b8e7c05238d4b3759bf3086609] running  cosign verify-attestation ghcr.io/miciav/nanofaas/python-json-transform@sha256:18a24453e0398e4371ef02e1f4d49d4a360e54b8e7c05238d4b3759bf3086609
[040.attest-published-images/attest-ghcr-io-miciav-nanofaas-python-json-transform-sha256-18a24453e0398e4371ef02e1f4d49d4a360e54b8e7c05238d4b3759bf3086609-5e87a067/cosign-verify-attestation-ghcr-io-miciav-nanofaas-python-json-transform-sha256-18a24453e0398e4371ef02e1f4d49d4a360e54b8e7c05238d4b3759bf3086609] passed   3.3s
[040.attest-published-images/attest-ghcr-io-miciav-nanofaas-python-json-transform-sha256-18a24453e0398e4371ef02e1f4d49d4a360e54b8e7c05238d4b3759bf3086609-5e87a067] passed   27.8s
[040.attest-published-images/attest-ghcr-io-miciav-nanofaas-python-mlimage-sha256-2231354d327b0d0d14f582027338fae6acd36688b5d99f744805b4a4a7ec59ec-7349247c] running  Attest ghcr.io/miciav/nanofaas/python-mlimage@sha256:2231354d327b0d0d14f582027338fae6acd36688b5d99f744805b4a4a7ec59ec 7349247c
[040.attest-published-images/attest-ghcr-io-miciav-nanofaas-python-mlimage-sha256-2231354d327b0d0d14f582027338fae6acd36688b5d99f744805b4a4a7ec59ec-7349247c/syft-sbom-ghcr-io-miciav-nanofaas-python-mlimage-sha256-2231354d327b0d0d14f582027338fae6acd36688b5d99f744805b4a4a7ec59ec] running  Syft SBOM ghcr.io/miciav/nanofaas/python-mlimage@sha256:2231354d327b0d0d14f582027338fae6acd36688b5d99f744805b4a4a7ec59ec
[040.attest-published-images/attest-ghcr-io-miciav-nanofaas-python-mlimage-sha256-2231354d327b0d0d14f582027338fae6acd36688b5d99f744805b4a4a7ec59ec-7349247c/syft-sbom-ghcr-io-miciav-nanofaas-python-mlimage-sha256-2231354d327b0d0d14f582027338fae6acd36688b5d99f744805b4a4a7ec59ec] passed   20.1s
[040.attest-published-images/attest-ghcr-io-miciav-nanofaas-python-mlimage-sha256-2231354d327b0d0d14f582027338fae6acd36688b5d99f744805b4a4a7ec59ec-7349247c/cosign-sign-ghcr-io-miciav-nanofaas-python-mlimage-sha256-2231354d327b0d0d14f582027338fae6acd36688b5d99f744805b4a4a7ec59ec] running  cosign sign ghcr.io/miciav/nanofaas/python-mlimage@sha256:2231354d327b0d0d14f582027338fae6acd36688b5d99f744805b4a4a7ec59ec
[040.attest-published-images/attest-ghcr-io-miciav-nanofaas-python-mlimage-sha256-2231354d327b0d0d14f582027338fae6acd36688b5d99f744805b4a4a7ec59ec-7349247c/cosign-sign-ghcr-io-miciav-nanofaas-python-mlimage-sha256-2231354d327b0d0d14f582027338fae6acd36688b5d99f744805b4a4a7ec59ec] passed   5.3s
[040.attest-published-images/attest-ghcr-io-miciav-nanofaas-python-mlimage-sha256-2231354d327b0d0d14f582027338fae6acd36688b5d99f744805b4a4a7ec59ec-7349247c/cosign-attest-ghcr-io-miciav-nanofaas-python-mlimage-sha256-2231354d327b0d0d14f582027338fae6acd36688b5d99f744805b4a4a7ec59ec] running  cosign attest ghcr.io/miciav/nanofaas/python-mlimage@sha256:2231354d327b0d0d14f582027338fae6acd36688b5d99f744805b4a4a7ec59ec
[040.attest-published-images/attest-ghcr-io-miciav-nanofaas-python-mlimage-sha256-2231354d327b0d0d14f582027338fae6acd36688b5d99f744805b4a4a7ec59ec-7349247c/cosign-attest-ghcr-io-miciav-nanofaas-python-mlimage-sha256-2231354d327b0d0d14f582027338fae6acd36688b5d99f744805b4a4a7ec59ec] passed   5.2s
[040.attest-published-images/attest-ghcr-io-miciav-nanofaas-python-mlimage-sha256-2231354d327b0d0d14f582027338fae6acd36688b5d99f744805b4a4a7ec59ec-7349247c/cosign-attach-sbom-ghcr-io-miciav-nanofaas-python-mlimage-sha256-2231354d327b0d0d14f582027338fae6acd36688b5d99f744805b4a4a7ec59ec] running  cosign attach sbom ghcr.io/miciav/nanofaas/python-mlimage@sha256:2231354d327b0d0d14f582027338fae6acd36688b5d99f744805b4a4a7ec59ec
[040.attest-published-images/attest-ghcr-io-miciav-nanofaas-python-mlimage-sha256-2231354d327b0d0d14f582027338fae6acd36688b5d99f744805b4a4a7ec59ec-7349247c/cosign-attach-sbom-ghcr-io-miciav-nanofaas-python-mlimage-sha256-2231354d327b0d0d14f582027338fae6acd36688b5d99f744805b4a4a7ec59ec] passed   5.1s
[040.attest-published-images/attest-ghcr-io-miciav-nanofaas-python-mlimage-sha256-2231354d327b0d0d14f582027338fae6acd36688b5d99f744805b4a4a7ec59ec-7349247c/cosign-verify-ghcr-io-miciav-nanofaas-python-mlimage-sha256-2231354d327b0d0d14f582027338fae6acd36688b5d99f744805b4a4a7ec59ec] running  cosign verify ghcr.io/miciav/nanofaas/python-mlimage@sha256:2231354d327b0d0d14f582027338fae6acd36688b5d99f744805b4a4a7ec59ec
[040.attest-published-images/attest-ghcr-io-miciav-nanofaas-python-mlimage-sha256-2231354d327b0d0d14f582027338fae6acd36688b5d99f744805b4a4a7ec59ec-7349247c/cosign-verify-ghcr-io-miciav-nanofaas-python-mlimage-sha256-2231354d327b0d0d14f582027338fae6acd36688b5d99f744805b4a4a7ec59ec] passed   3.0s
[040.attest-published-images/attest-ghcr-io-miciav-nanofaas-python-mlimage-sha256-2231354d327b0d0d14f582027338fae6acd36688b5d99f744805b4a4a7ec59ec-7349247c/cosign-verify-attestation-ghcr-io-miciav-nanofaas-python-mlimage-sha256-2231354d327b0d0d14f582027338fae6acd36688b5d99f744805b4a4a7ec59ec] running  cosign verify-attestation ghcr.io/miciav/nanofaas/python-mlimage@sha256:2231354d327b0d0d14f582027338fae6acd36688b5d99f744805b4a4a7ec59ec
[040.attest-published-images/attest-ghcr-io-miciav-nanofaas-python-mlimage-sha256-2231354d327b0d0d14f582027338fae6acd36688b5d99f744805b4a4a7ec59ec-7349247c/cosign-verify-attestation-ghcr-io-miciav-nanofaas-python-mlimage-sha256-2231354d327b0d0d14f582027338fae6acd36688b5d99f744805b4a4a7ec59ec] passed   3.3s
[040.attest-published-images/attest-ghcr-io-miciav-nanofaas-python-mlimage-sha256-2231354d327b0d0d14f582027338fae6acd36688b5d99f744805b4a4a7ec59ec-7349247c] passed   42.0s
[040.attest-published-images/attest-ghcr-io-miciav-nanofaas-python-mlimage-sha256-b4219e32e9c6b71e6f67fb6f8b12f45e17905fbb796cbf3c33ec4a2aa02ae481-ea0512bd] running  Attest ghcr.io/miciav/nanofaas/python-mlimage@sha256:b4219e32e9c6b71e6f67fb6f8b12f45e17905fbb796cbf3c33ec4a2aa02ae481 ea0512bd
[040.attest-published-images/attest-ghcr-io-miciav-nanofaas-python-mlimage-sha256-b4219e32e9c6b71e6f67fb6f8b12f45e17905fbb796cbf3c33ec4a2aa02ae481-ea0512bd/syft-sbom-ghcr-io-miciav-nanofaas-python-mlimage-sha256-b4219e32e9c6b71e6f67fb6f8b12f45e17905fbb796cbf3c33ec4a2aa02ae481] running  Syft SBOM ghcr.io/miciav/nanofaas/python-mlimage@sha256:b4219e32e9c6b71e6f67fb6f8b12f45e17905fbb796cbf3c33ec4a2aa02ae481
[040.attest-published-images/attest-ghcr-io-miciav-nanofaas-python-mlimage-sha256-b4219e32e9c6b71e6f67fb6f8b12f45e17905fbb796cbf3c33ec4a2aa02ae481-ea0512bd/syft-sbom-ghcr-io-miciav-nanofaas-python-mlimage-sha256-b4219e32e9c6b71e6f67fb6f8b12f45e17905fbb796cbf3c33ec4a2aa02ae481] passed   16.5s
[040.attest-published-images/attest-ghcr-io-miciav-nanofaas-python-mlimage-sha256-b4219e32e9c6b71e6f67fb6f8b12f45e17905fbb796cbf3c33ec4a2aa02ae481-ea0512bd/cosign-sign-ghcr-io-miciav-nanofaas-python-mlimage-sha256-b4219e32e9c6b71e6f67fb6f8b12f45e17905fbb796cbf3c33ec4a2aa02ae481] running  cosign sign ghcr.io/miciav/nanofaas/python-mlimage@sha256:b4219e32e9c6b71e6f67fb6f8b12f45e17905fbb796cbf3c33ec4a2aa02ae481
[040.attest-published-images/attest-ghcr-io-miciav-nanofaas-python-mlimage-sha256-b4219e32e9c6b71e6f67fb6f8b12f45e17905fbb796cbf3c33ec4a2aa02ae481-ea0512bd/cosign-sign-ghcr-io-miciav-nanofaas-python-mlimage-sha256-b4219e32e9c6b71e6f67fb6f8b12f45e17905fbb796cbf3c33ec4a2aa02ae481] passed   5.4s
[040.attest-published-images/attest-ghcr-io-miciav-nanofaas-python-mlimage-sha256-b4219e32e9c6b71e6f67fb6f8b12f45e17905fbb796cbf3c33ec4a2aa02ae481-ea0512bd/cosign-attest-ghcr-io-miciav-nanofaas-python-mlimage-sha256-b4219e32e9c6b71e6f67fb6f8b12f45e17905fbb796cbf3c33ec4a2aa02ae481] running  cosign attest ghcr.io/miciav/nanofaas/python-mlimage@sha256:b4219e32e9c6b71e6f67fb6f8b12f45e17905fbb796cbf3c33ec4a2aa02ae481
[040.attest-published-images/attest-ghcr-io-miciav-nanofaas-python-mlimage-sha256-b4219e32e9c6b71e6f67fb6f8b12f45e17905fbb796cbf3c33ec4a2aa02ae481-ea0512bd/cosign-attest-ghcr-io-miciav-nanofaas-python-mlimage-sha256-b4219e32e9c6b71e6f67fb6f8b12f45e17905fbb796cbf3c33ec4a2aa02ae481] passed   6.0s
[040.attest-published-images/attest-ghcr-io-miciav-nanofaas-python-mlimage-sha256-b4219e32e9c6b71e6f67fb6f8b12f45e17905fbb796cbf3c33ec4a2aa02ae481-ea0512bd/cosign-attach-sbom-ghcr-io-miciav-nanofaas-python-mlimage-sha256-b4219e32e9c6b71e6f67fb6f8b12f45e17905fbb796cbf3c33ec4a2aa02ae481] running  cosign attach sbom ghcr.io/miciav/nanofaas/python-mlimage@sha256:b4219e32e9c6b71e6f67fb6f8b12f45e17905fbb796cbf3c33ec4a2aa02ae481
[040.attest-published-images/attest-ghcr-io-miciav-nanofaas-python-mlimage-sha256-b4219e32e9c6b71e6f67fb6f8b12f45e17905fbb796cbf3c33ec4a2aa02ae481-ea0512bd/cosign-attach-sbom-ghcr-io-miciav-nanofaas-python-mlimage-sha256-b4219e32e9c6b71e6f67fb6f8b12f45e17905fbb796cbf3c33ec4a2aa02ae481] passed   4.8s
[040.attest-published-images/attest-ghcr-io-miciav-nanofaas-python-mlimage-sha256-b4219e32e9c6b71e6f67fb6f8b12f45e17905fbb796cbf3c33ec4a2aa02ae481-ea0512bd/cosign-verify-ghcr-io-miciav-nanofaas-python-mlimage-sha256-b4219e32e9c6b71e6f67fb6f8b12f45e17905fbb796cbf3c33ec4a2aa02ae481] running  cosign verify ghcr.io/miciav/nanofaas/python-mlimage@sha256:b4219e32e9c6b71e6f67fb6f8b12f45e17905fbb796cbf3c33ec4a2aa02ae481
[040.attest-published-images/attest-ghcr-io-miciav-nanofaas-python-mlimage-sha256-b4219e32e9c6b71e6f67fb6f8b12f45e17905fbb796cbf3c33ec4a2aa02ae481-ea0512bd/cosign-verify-ghcr-io-miciav-nanofaas-python-mlimage-sha256-b4219e32e9c6b71e6f67fb6f8b12f45e17905fbb796cbf3c33ec4a2aa02ae481] passed   3.1s
[040.attest-published-images/attest-ghcr-io-miciav-nanofaas-python-mlimage-sha256-b4219e32e9c6b71e6f67fb6f8b12f45e17905fbb796cbf3c33ec4a2aa02ae481-ea0512bd/cosign-verify-attestation-ghcr-io-miciav-nanofaas-python-mlimage-sha256-b4219e32e9c6b71e6f67fb6f8b12f45e17905fbb796cbf3c33ec4a2aa02ae481] running  cosign verify-attestation ghcr.io/miciav/nanofaas/python-mlimage@sha256:b4219e32e9c6b71e6f67fb6f8b12f45e17905fbb796cbf3c33ec4a2aa02ae481
[040.attest-published-images/attest-ghcr-io-miciav-nanofaas-python-mlimage-sha256-b4219e32e9c6b71e6f67fb6f8b12f45e17905fbb796cbf3c33ec4a2aa02ae481-ea0512bd/cosign-verify-attestation-ghcr-io-miciav-nanofaas-python-mlimage-sha256-b4219e32e9c6b71e6f67fb6f8b12f45e17905fbb796cbf3c33ec4a2aa02ae481] passed   3.4s
[040.attest-published-images/attest-ghcr-io-miciav-nanofaas-python-mlimage-sha256-b4219e32e9c6b71e6f67fb6f8b12f45e17905fbb796cbf3c33ec4a2aa02ae481-ea0512bd] passed   39.2s
[040.attest-published-images/attest-ghcr-io-miciav-nanofaas-python-mlimage-sha256-1d36d902d4a3a584ba4fa3dedbb337dc64137ea6becd32986f1dd4cc27e5b3ea-d948b35a] running  Attest ghcr.io/miciav/nanofaas/python-mlimage@sha256:1d36d902d4a3a584ba4fa3dedbb337dc64137ea6becd32986f1dd4cc27e5b3ea d948b35a
[040.attest-published-images/attest-ghcr-io-miciav-nanofaas-python-mlimage-sha256-1d36d902d4a3a584ba4fa3dedbb337dc64137ea6becd32986f1dd4cc27e5b3ea-d948b35a/syft-sbom-ghcr-io-miciav-nanofaas-python-mlimage-sha256-1d36d902d4a3a584ba4fa3dedbb337dc64137ea6becd32986f1dd4cc27e5b3ea] running  Syft SBOM ghcr.io/miciav/nanofaas/python-mlimage@sha256:1d36d902d4a3a584ba4fa3dedbb337dc64137ea6becd32986f1dd4cc27e5b3ea
[040.attest-published-images/attest-ghcr-io-miciav-nanofaas-python-mlimage-sha256-1d36d902d4a3a584ba4fa3dedbb337dc64137ea6becd32986f1dd4cc27e5b3ea-d948b35a/syft-sbom-ghcr-io-miciav-nanofaas-python-mlimage-sha256-1d36d902d4a3a584ba4fa3dedbb337dc64137ea6becd32986f1dd4cc27e5b3ea] passed   21.3s
[040.attest-published-images/attest-ghcr-io-miciav-nanofaas-python-mlimage-sha256-1d36d902d4a3a584ba4fa3dedbb337dc64137ea6becd32986f1dd4cc27e5b3ea-d948b35a/cosign-sign-ghcr-io-miciav-nanofaas-python-mlimage-sha256-1d36d902d4a3a584ba4fa3dedbb337dc64137ea6becd32986f1dd4cc27e5b3ea] running  cosign sign ghcr.io/miciav/nanofaas/python-mlimage@sha256:1d36d902d4a3a584ba4fa3dedbb337dc64137ea6becd32986f1dd4cc27e5b3ea
[040.attest-published-images/attest-ghcr-io-miciav-nanofaas-python-mlimage-sha256-1d36d902d4a3a584ba4fa3dedbb337dc64137ea6becd32986f1dd4cc27e5b3ea-d948b35a/cosign-sign-ghcr-io-miciav-nanofaas-python-mlimage-sha256-1d36d902d4a3a584ba4fa3dedbb337dc64137ea6becd32986f1dd4cc27e5b3ea] passed   5.8s
[040.attest-published-images/attest-ghcr-io-miciav-nanofaas-python-mlimage-sha256-1d36d902d4a3a584ba4fa3dedbb337dc64137ea6becd32986f1dd4cc27e5b3ea-d948b35a/cosign-attest-ghcr-io-miciav-nanofaas-python-mlimage-sha256-1d36d902d4a3a584ba4fa3dedbb337dc64137ea6becd32986f1dd4cc27e5b3ea] running  cosign attest ghcr.io/miciav/nanofaas/python-mlimage@sha256:1d36d902d4a3a584ba4fa3dedbb337dc64137ea6becd32986f1dd4cc27e5b3ea
[040.attest-published-images/attest-ghcr-io-miciav-nanofaas-python-mlimage-sha256-1d36d902d4a3a584ba4fa3dedbb337dc64137ea6becd32986f1dd4cc27e5b3ea-d948b35a/cosign-attest-ghcr-io-miciav-nanofaas-python-mlimage-sha256-1d36d902d4a3a584ba4fa3dedbb337dc64137ea6becd32986f1dd4cc27e5b3ea] passed   5.4s
[040.attest-published-images/attest-ghcr-io-miciav-nanofaas-python-mlimage-sha256-1d36d902d4a3a584ba4fa3dedbb337dc64137ea6becd32986f1dd4cc27e5b3ea-d948b35a/cosign-attach-sbom-ghcr-io-miciav-nanofaas-python-mlimage-sha256-1d36d902d4a3a584ba4fa3dedbb337dc64137ea6becd32986f1dd4cc27e5b3ea] running  cosign attach sbom ghcr.io/miciav/nanofaas/python-mlimage@sha256:1d36d902d4a3a584ba4fa3dedbb337dc64137ea6becd32986f1dd4cc27e5b3ea
[040.attest-published-images/attest-ghcr-io-miciav-nanofaas-python-mlimage-sha256-1d36d902d4a3a584ba4fa3dedbb337dc64137ea6becd32986f1dd4cc27e5b3ea-d948b35a/cosign-attach-sbom-ghcr-io-miciav-nanofaas-python-mlimage-sha256-1d36d902d4a3a584ba4fa3dedbb337dc64137ea6becd32986f1dd4cc27e5b3ea] passed   5.0s
[040.attest-published-images/attest-ghcr-io-miciav-nanofaas-python-mlimage-sha256-1d36d902d4a3a584ba4fa3dedbb337dc64137ea6becd32986f1dd4cc27e5b3ea-d948b35a/cosign-verify-ghcr-io-miciav-nanofaas-python-mlimage-sha256-1d36d902d4a3a584ba4fa3dedbb337dc64137ea6becd32986f1dd4cc27e5b3ea] running  cosign verify ghcr.io/miciav/nanofaas/python-mlimage@sha256:1d36d902d4a3a584ba4fa3dedbb337dc64137ea6becd32986f1dd4cc27e5b3ea
[040.attest-published-images/attest-ghcr-io-miciav-nanofaas-python-mlimage-sha256-1d36d902d4a3a584ba4fa3dedbb337dc64137ea6becd32986f1dd4cc27e5b3ea-d948b35a/cosign-verify-ghcr-io-miciav-nanofaas-python-mlimage-sha256-1d36d902d4a3a584ba4fa3dedbb337dc64137ea6becd32986f1dd4cc27e5b3ea] passed   3.0s
[040.attest-published-images/attest-ghcr-io-miciav-nanofaas-python-mlimage-sha256-1d36d902d4a3a584ba4fa3dedbb337dc64137ea6becd32986f1dd4cc27e5b3ea-d948b35a/cosign-verify-attestation-ghcr-io-miciav-nanofaas-python-mlimage-sha256-1d36d902d4a3a584ba4fa3dedbb337dc64137ea6becd32986f1dd4cc27e5b3ea] running  cosign verify-attestation ghcr.io/miciav/nanofaas/python-mlimage@sha256:1d36d902d4a3a584ba4fa3dedbb337dc64137ea6becd32986f1dd4cc27e5b3ea
[040.attest-published-images/attest-ghcr-io-miciav-nanofaas-python-mlimage-sha256-1d36d902d4a3a584ba4fa3dedbb337dc64137ea6becd32986f1dd4cc27e5b3ea-d948b35a/cosign-verify-attestation-ghcr-io-miciav-nanofaas-python-mlimage-sha256-1d36d902d4a3a584ba4fa3dedbb337dc64137ea6becd32986f1dd4cc27e5b3ea] passed   3.5s
[040.attest-published-images/attest-ghcr-io-miciav-nanofaas-python-mlimage-sha256-1d36d902d4a3a584ba4fa3dedbb337dc64137ea6becd32986f1dd4cc27e5b3ea-d948b35a] passed   44.0s
[040.attest-published-images/attest-ghcr-io-miciav-nanofaas-python-roman-numeral-sha256-8780b667a96f30eb85a14fcef12619a143e7d294f47a447bd7c2f4421a68df33-6c9eaba4] running  Attest ghcr.io/miciav/nanofaas/python-roman-numeral@sha256:8780b667a96f30eb85a14fcef12619a143e7d294f47a447bd7c2f4421a68df33 6c9eaba4
[040.attest-published-images/attest-ghcr-io-miciav-nanofaas-python-roman-numeral-sha256-8780b667a96f30eb85a14fcef12619a143e7d294f47a447bd7c2f4421a68df33-6c9eaba4/syft-sbom-ghcr-io-miciav-nanofaas-python-roman-numeral-sha256-8780b667a96f30eb85a14fcef12619a143e7d294f47a447bd7c2f4421a68df33] running  Syft SBOM ghcr.io/miciav/nanofaas/python-roman-numeral@sha256:8780b667a96f30eb85a14fcef12619a143e7d294f47a447bd7c2f4421a68df33
[040.attest-published-images/attest-ghcr-io-miciav-nanofaas-python-roman-numeral-sha256-8780b667a96f30eb85a14fcef12619a143e7d294f47a447bd7c2f4421a68df33-6c9eaba4/syft-sbom-ghcr-io-miciav-nanofaas-python-roman-numeral-sha256-8780b667a96f30eb85a14fcef12619a143e7d294f47a447bd7c2f4421a68df33] passed   7.6s
[040.attest-published-images/attest-ghcr-io-miciav-nanofaas-python-roman-numeral-sha256-8780b667a96f30eb85a14fcef12619a143e7d294f47a447bd7c2f4421a68df33-6c9eaba4/cosign-sign-ghcr-io-miciav-nanofaas-python-roman-numeral-sha256-8780b667a96f30eb85a14fcef12619a143e7d294f47a447bd7c2f4421a68df33] running  cosign sign ghcr.io/miciav/nanofaas/python-roman-numeral@sha256:8780b667a96f30eb85a14fcef12619a143e7d294f47a447bd7c2f4421a68df33
[040.attest-published-images/attest-ghcr-io-miciav-nanofaas-python-roman-numeral-sha256-8780b667a96f30eb85a14fcef12619a143e7d294f47a447bd7c2f4421a68df33-6c9eaba4/cosign-sign-ghcr-io-miciav-nanofaas-python-roman-numeral-sha256-8780b667a96f30eb85a14fcef12619a143e7d294f47a447bd7c2f4421a68df33] passed   5.7s
[040.attest-published-images/attest-ghcr-io-miciav-nanofaas-python-roman-numeral-sha256-8780b667a96f30eb85a14fcef12619a143e7d294f47a447bd7c2f4421a68df33-6c9eaba4/cosign-attest-ghcr-io-miciav-nanofaas-python-roman-numeral-sha256-8780b667a96f30eb85a14fcef12619a143e7d294f47a447bd7c2f4421a68df33] running  cosign attest ghcr.io/miciav/nanofaas/python-roman-numeral@sha256:8780b667a96f30eb85a14fcef12619a143e7d294f47a447bd7c2f4421a68df33
[040.attest-published-images/attest-ghcr-io-miciav-nanofaas-python-roman-numeral-sha256-8780b667a96f30eb85a14fcef12619a143e7d294f47a447bd7c2f4421a68df33-6c9eaba4/cosign-attest-ghcr-io-miciav-nanofaas-python-roman-numeral-sha256-8780b667a96f30eb85a14fcef12619a143e7d294f47a447bd7c2f4421a68df33] passed   5.1s
[040.attest-published-images/attest-ghcr-io-miciav-nanofaas-python-roman-numeral-sha256-8780b667a96f30eb85a14fcef12619a143e7d294f47a447bd7c2f4421a68df33-6c9eaba4/cosign-attach-sbom-ghcr-io-miciav-nanofaas-python-roman-numeral-sha256-8780b667a96f30eb85a14fcef12619a143e7d294f47a447bd7c2f4421a68df33] running  cosign attach sbom ghcr.io/miciav/nanofaas/python-roman-numeral@sha256:8780b667a96f30eb85a14fcef12619a143e7d294f47a447bd7c2f4421a68df33
[040.attest-published-images/attest-ghcr-io-miciav-nanofaas-python-roman-numeral-sha256-8780b667a96f30eb85a14fcef12619a143e7d294f47a447bd7c2f4421a68df33-6c9eaba4/cosign-attach-sbom-ghcr-io-miciav-nanofaas-python-roman-numeral-sha256-8780b667a96f30eb85a14fcef12619a143e7d294f47a447bd7c2f4421a68df33] passed   4.3s
[040.attest-published-images/attest-ghcr-io-miciav-nanofaas-python-roman-numeral-sha256-8780b667a96f30eb85a14fcef12619a143e7d294f47a447bd7c2f4421a68df33-6c9eaba4/cosign-verify-ghcr-io-miciav-nanofaas-python-roman-numeral-sha256-8780b667a96f30eb85a14fcef12619a143e7d294f47a447bd7c2f4421a68df33] running  cosign verify ghcr.io/miciav/nanofaas/python-roman-numeral@sha256:8780b667a96f30eb85a14fcef12619a143e7d294f47a447bd7c2f4421a68df33
[040.attest-published-images/attest-ghcr-io-miciav-nanofaas-python-roman-numeral-sha256-8780b667a96f30eb85a14fcef12619a143e7d294f47a447bd7c2f4421a68df33-6c9eaba4/cosign-verify-ghcr-io-miciav-nanofaas-python-roman-numeral-sha256-8780b667a96f30eb85a14fcef12619a143e7d294f47a447bd7c2f4421a68df33] passed   3.2s
[040.attest-published-images/attest-ghcr-io-miciav-nanofaas-python-roman-numeral-sha256-8780b667a96f30eb85a14fcef12619a143e7d294f47a447bd7c2f4421a68df33-6c9eaba4/cosign-verify-attestation-ghcr-io-miciav-nanofaas-python-roman-numeral-sha256-8780b667a96f30eb85a14fcef12619a143e7d294f47a447bd7c2f4421a68df33] running  cosign verify-attestation ghcr.io/miciav/nanofaas/python-roman-numeral@sha256:8780b667a96f30eb85a14fcef12619a143e7d294f47a447bd7c2f4421a68df33
[040.attest-published-images/attest-ghcr-io-miciav-nanofaas-python-roman-numeral-sha256-8780b667a96f30eb85a14fcef12619a143e7d294f47a447bd7c2f4421a68df33-6c9eaba4/cosign-verify-attestation-ghcr-io-miciav-nanofaas-python-roman-numeral-sha256-8780b667a96f30eb85a14fcef12619a143e7d294f47a447bd7c2f4421a68df33] passed   3.3s
[040.attest-published-images/attest-ghcr-io-miciav-nanofaas-python-roman-numeral-sha256-8780b667a96f30eb85a14fcef12619a143e7d294f47a447bd7c2f4421a68df33-6c9eaba4] passed   29.1s
[040.attest-published-images/attest-ghcr-io-miciav-nanofaas-python-roman-numeral-sha256-df7c4305fb11c876ca008d74855365519481fdde69b775d8b91ed5ba7f3657bd-5b0da09d] running  Attest ghcr.io/miciav/nanofaas/python-roman-numeral@sha256:df7c4305fb11c876ca008d74855365519481fdde69b775d8b91ed5ba7f3657bd 5b0da09d
[040.attest-published-images/attest-ghcr-io-miciav-nanofaas-python-roman-numeral-sha256-df7c4305fb11c876ca008d74855365519481fdde69b775d8b91ed5ba7f3657bd-5b0da09d/syft-sbom-ghcr-io-miciav-nanofaas-python-roman-numeral-sha256-df7c4305fb11c876ca008d74855365519481fdde69b775d8b91ed5ba7f3657bd] running  Syft SBOM ghcr.io/miciav/nanofaas/python-roman-numeral@sha256:df7c4305fb11c876ca008d74855365519481fdde69b775d8b91ed5ba7f3657bd
[040.attest-published-images/attest-ghcr-io-miciav-nanofaas-python-roman-numeral-sha256-df7c4305fb11c876ca008d74855365519481fdde69b775d8b91ed5ba7f3657bd-5b0da09d/syft-sbom-ghcr-io-miciav-nanofaas-python-roman-numeral-sha256-df7c4305fb11c876ca008d74855365519481fdde69b775d8b91ed5ba7f3657bd] passed   7.0s
[040.attest-published-images/attest-ghcr-io-miciav-nanofaas-python-roman-numeral-sha256-df7c4305fb11c876ca008d74855365519481fdde69b775d8b91ed5ba7f3657bd-5b0da09d/cosign-sign-ghcr-io-miciav-nanofaas-python-roman-numeral-sha256-df7c4305fb11c876ca008d74855365519481fdde69b775d8b91ed5ba7f3657bd] running  cosign sign ghcr.io/miciav/nanofaas/python-roman-numeral@sha256:df7c4305fb11c876ca008d74855365519481fdde69b775d8b91ed5ba7f3657bd
[040.attest-published-images/attest-ghcr-io-miciav-nanofaas-python-roman-numeral-sha256-df7c4305fb11c876ca008d74855365519481fdde69b775d8b91ed5ba7f3657bd-5b0da09d/cosign-sign-ghcr-io-miciav-nanofaas-python-roman-numeral-sha256-df7c4305fb11c876ca008d74855365519481fdde69b775d8b91ed5ba7f3657bd] passed   5.4s
[040.attest-published-images/attest-ghcr-io-miciav-nanofaas-python-roman-numeral-sha256-df7c4305fb11c876ca008d74855365519481fdde69b775d8b91ed5ba7f3657bd-5b0da09d/cosign-attest-ghcr-io-miciav-nanofaas-python-roman-numeral-sha256-df7c4305fb11c876ca008d74855365519481fdde69b775d8b91ed5ba7f3657bd] running  cosign attest ghcr.io/miciav/nanofaas/python-roman-numeral@sha256:df7c4305fb11c876ca008d74855365519481fdde69b775d8b91ed5ba7f3657bd
[040.attest-published-images/attest-ghcr-io-miciav-nanofaas-python-roman-numeral-sha256-df7c4305fb11c876ca008d74855365519481fdde69b775d8b91ed5ba7f3657bd-5b0da09d/cosign-attest-ghcr-io-miciav-nanofaas-python-roman-numeral-sha256-df7c4305fb11c876ca008d74855365519481fdde69b775d8b91ed5ba7f3657bd] passed   5.6s
[040.attest-published-images/attest-ghcr-io-miciav-nanofaas-python-roman-numeral-sha256-df7c4305fb11c876ca008d74855365519481fdde69b775d8b91ed5ba7f3657bd-5b0da09d/cosign-attach-sbom-ghcr-io-miciav-nanofaas-python-roman-numeral-sha256-df7c4305fb11c876ca008d74855365519481fdde69b775d8b91ed5ba7f3657bd] running  cosign attach sbom ghcr.io/miciav/nanofaas/python-roman-numeral@sha256:df7c4305fb11c876ca008d74855365519481fdde69b775d8b91ed5ba7f3657bd
[040.attest-published-images/attest-ghcr-io-miciav-nanofaas-python-roman-numeral-sha256-df7c4305fb11c876ca008d74855365519481fdde69b775d8b91ed5ba7f3657bd-5b0da09d/cosign-attach-sbom-ghcr-io-miciav-nanofaas-python-roman-numeral-sha256-df7c4305fb11c876ca008d74855365519481fdde69b775d8b91ed5ba7f3657bd] passed   4.7s
[040.attest-published-images/attest-ghcr-io-miciav-nanofaas-python-roman-numeral-sha256-df7c4305fb11c876ca008d74855365519481fdde69b775d8b91ed5ba7f3657bd-5b0da09d/cosign-verify-ghcr-io-miciav-nanofaas-python-roman-numeral-sha256-df7c4305fb11c876ca008d74855365519481fdde69b775d8b91ed5ba7f3657bd] running  cosign verify ghcr.io/miciav/nanofaas/python-roman-numeral@sha256:df7c4305fb11c876ca008d74855365519481fdde69b775d8b91ed5ba7f3657bd
[040.attest-published-images/attest-ghcr-io-miciav-nanofaas-python-roman-numeral-sha256-df7c4305fb11c876ca008d74855365519481fdde69b775d8b91ed5ba7f3657bd-5b0da09d/cosign-verify-ghcr-io-miciav-nanofaas-python-roman-numeral-sha256-df7c4305fb11c876ca008d74855365519481fdde69b775d8b91ed5ba7f3657bd] passed   3.1s
[040.attest-published-images/attest-ghcr-io-miciav-nanofaas-python-roman-numeral-sha256-df7c4305fb11c876ca008d74855365519481fdde69b775d8b91ed5ba7f3657bd-5b0da09d/cosign-verify-attestation-ghcr-io-miciav-nanofaas-python-roman-numeral-sha256-df7c4305fb11c876ca008d74855365519481fdde69b775d8b91ed5ba7f3657bd] running  cosign verify-attestation ghcr.io/miciav/nanofaas/python-roman-numeral@sha256:df7c4305fb11c876ca008d74855365519481fdde69b775d8b91ed5ba7f3657bd
[040.attest-published-images/attest-ghcr-io-miciav-nanofaas-python-roman-numeral-sha256-df7c4305fb11c876ca008d74855365519481fdde69b775d8b91ed5ba7f3657bd-5b0da09d/cosign-verify-attestation-ghcr-io-miciav-nanofaas-python-roman-numeral-sha256-df7c4305fb11c876ca008d74855365519481fdde69b775d8b91ed5ba7f3657bd] passed   3.5s
[040.attest-published-images/attest-ghcr-io-miciav-nanofaas-python-roman-numeral-sha256-df7c4305fb11c876ca008d74855365519481fdde69b775d8b91ed5ba7f3657bd-5b0da09d] passed   29.4s
[040.attest-published-images/attest-ghcr-io-miciav-nanofaas-python-roman-numeral-sha256-e2f24d63883431927905be9c9c422e9a03753fa0e6f08670e6c96e4d5bcc0832-9b912aab] running  Attest ghcr.io/miciav/nanofaas/python-roman-numeral@sha256:e2f24d63883431927905be9c9c422e9a03753fa0e6f08670e6c96e4d5bcc0832 9b912aab
[040.attest-published-images/attest-ghcr-io-miciav-nanofaas-python-roman-numeral-sha256-e2f24d63883431927905be9c9c422e9a03753fa0e6f08670e6c96e4d5bcc0832-9b912aab/syft-sbom-ghcr-io-miciav-nanofaas-python-roman-numeral-sha256-e2f24d63883431927905be9c9c422e9a03753fa0e6f08670e6c96e4d5bcc0832] running  Syft SBOM ghcr.io/miciav/nanofaas/python-roman-numeral@sha256:e2f24d63883431927905be9c9c422e9a03753fa0e6f08670e6c96e4d5bcc0832
[040.attest-published-images/attest-ghcr-io-miciav-nanofaas-python-roman-numeral-sha256-e2f24d63883431927905be9c9c422e9a03753fa0e6f08670e6c96e4d5bcc0832-9b912aab/syft-sbom-ghcr-io-miciav-nanofaas-python-roman-numeral-sha256-e2f24d63883431927905be9c9c422e9a03753fa0e6f08670e6c96e4d5bcc0832] passed   8.5s
[040.attest-published-images/attest-ghcr-io-miciav-nanofaas-python-roman-numeral-sha256-e2f24d63883431927905be9c9c422e9a03753fa0e6f08670e6c96e4d5bcc0832-9b912aab/cosign-sign-ghcr-io-miciav-nanofaas-python-roman-numeral-sha256-e2f24d63883431927905be9c9c422e9a03753fa0e6f08670e6c96e4d5bcc0832] running  cosign sign ghcr.io/miciav/nanofaas/python-roman-numeral@sha256:e2f24d63883431927905be9c9c422e9a03753fa0e6f08670e6c96e4d5bcc0832
[040.attest-published-images/attest-ghcr-io-miciav-nanofaas-python-roman-numeral-sha256-e2f24d63883431927905be9c9c422e9a03753fa0e6f08670e6c96e4d5bcc0832-9b912aab/cosign-sign-ghcr-io-miciav-nanofaas-python-roman-numeral-sha256-e2f24d63883431927905be9c9c422e9a03753fa0e6f08670e6c96e4d5bcc0832] passed   5.7s
[040.attest-published-images/attest-ghcr-io-miciav-nanofaas-python-roman-numeral-sha256-e2f24d63883431927905be9c9c422e9a03753fa0e6f08670e6c96e4d5bcc0832-9b912aab/cosign-attest-ghcr-io-miciav-nanofaas-python-roman-numeral-sha256-e2f24d63883431927905be9c9c422e9a03753fa0e6f08670e6c96e4d5bcc0832] running  cosign attest ghcr.io/miciav/nanofaas/python-roman-numeral@sha256:e2f24d63883431927905be9c9c422e9a03753fa0e6f08670e6c96e4d5bcc0832
[040.attest-published-images/attest-ghcr-io-miciav-nanofaas-python-roman-numeral-sha256-e2f24d63883431927905be9c9c422e9a03753fa0e6f08670e6c96e4d5bcc0832-9b912aab/cosign-attest-ghcr-io-miciav-nanofaas-python-roman-numeral-sha256-e2f24d63883431927905be9c9c422e9a03753fa0e6f08670e6c96e4d5bcc0832] passed   5.0s
[040.attest-published-images/attest-ghcr-io-miciav-nanofaas-python-roman-numeral-sha256-e2f24d63883431927905be9c9c422e9a03753fa0e6f08670e6c96e4d5bcc0832-9b912aab/cosign-attach-sbom-ghcr-io-miciav-nanofaas-python-roman-numeral-sha256-e2f24d63883431927905be9c9c422e9a03753fa0e6f08670e6c96e4d5bcc0832] running  cosign attach sbom ghcr.io/miciav/nanofaas/python-roman-numeral@sha256:e2f24d63883431927905be9c9c422e9a03753fa0e6f08670e6c96e4d5bcc0832
[040.attest-published-images/attest-ghcr-io-miciav-nanofaas-python-roman-numeral-sha256-e2f24d63883431927905be9c9c422e9a03753fa0e6f08670e6c96e4d5bcc0832-9b912aab/cosign-attach-sbom-ghcr-io-miciav-nanofaas-python-roman-numeral-sha256-e2f24d63883431927905be9c9c422e9a03753fa0e6f08670e6c96e4d5bcc0832] passed   4.7s
[040.attest-published-images/attest-ghcr-io-miciav-nanofaas-python-roman-numeral-sha256-e2f24d63883431927905be9c9c422e9a03753fa0e6f08670e6c96e4d5bcc0832-9b912aab/cosign-verify-ghcr-io-miciav-nanofaas-python-roman-numeral-sha256-e2f24d63883431927905be9c9c422e9a03753fa0e6f08670e6c96e4d5bcc0832] running  cosign verify ghcr.io/miciav/nanofaas/python-roman-numeral@sha256:e2f24d63883431927905be9c9c422e9a03753fa0e6f08670e6c96e4d5bcc0832
[040.attest-published-images/attest-ghcr-io-miciav-nanofaas-python-roman-numeral-sha256-e2f24d63883431927905be9c9c422e9a03753fa0e6f08670e6c96e4d5bcc0832-9b912aab/cosign-verify-ghcr-io-miciav-nanofaas-python-roman-numeral-sha256-e2f24d63883431927905be9c9c422e9a03753fa0e6f08670e6c96e4d5bcc0832] passed   3.1s
[040.attest-published-images/attest-ghcr-io-miciav-nanofaas-python-roman-numeral-sha256-e2f24d63883431927905be9c9c422e9a03753fa0e6f08670e6c96e4d5bcc0832-9b912aab/cosign-verify-attestation-ghcr-io-miciav-nanofaas-python-roman-numeral-sha256-e2f24d63883431927905be9c9c422e9a03753fa0e6f08670e6c96e4d5bcc0832] running  cosign verify-attestation ghcr.io/miciav/nanofaas/python-roman-numeral@sha256:e2f24d63883431927905be9c9c422e9a03753fa0e6f08670e6c96e4d5bcc0832
[040.attest-published-images/attest-ghcr-io-miciav-nanofaas-python-roman-numeral-sha256-e2f24d63883431927905be9c9c422e9a03753fa0e6f08670e6c96e4d5bcc0832-9b912aab/cosign-verify-attestation-ghcr-io-miciav-nanofaas-python-roman-numeral-sha256-e2f24d63883431927905be9c9c422e9a03753fa0e6f08670e6c96e4d5bcc0832] passed   3.3s
[040.attest-published-images/attest-ghcr-io-miciav-nanofaas-python-roman-numeral-sha256-e2f24d63883431927905be9c9c422e9a03753fa0e6f08670e6c96e4d5bcc0832-9b912aab] passed   30.2s
[040.attest-published-images/attest-ghcr-io-miciav-nanofaas-python-word-stats-sha256-04b4f484fb5ac7c82d6b003929797d60a1f398b9ddfe325b97996be80189f194-27dca6e1] running  Attest ghcr.io/miciav/nanofaas/python-word-stats@sha256:04b4f484fb5ac7c82d6b003929797d60a1f398b9ddfe325b97996be80189f194 27dca6e1
[040.attest-published-images/attest-ghcr-io-miciav-nanofaas-python-word-stats-sha256-04b4f484fb5ac7c82d6b003929797d60a1f398b9ddfe325b97996be80189f194-27dca6e1/syft-sbom-ghcr-io-miciav-nanofaas-python-word-stats-sha256-04b4f484fb5ac7c82d6b003929797d60a1f398b9ddfe325b97996be80189f194] running  Syft SBOM ghcr.io/miciav/nanofaas/python-word-stats@sha256:04b4f484fb5ac7c82d6b003929797d60a1f398b9ddfe325b97996be80189f194
[040.attest-published-images/attest-ghcr-io-miciav-nanofaas-python-word-stats-sha256-04b4f484fb5ac7c82d6b003929797d60a1f398b9ddfe325b97996be80189f194-27dca6e1/syft-sbom-ghcr-io-miciav-nanofaas-python-word-stats-sha256-04b4f484fb5ac7c82d6b003929797d60a1f398b9ddfe325b97996be80189f194] passed   6.5s
[040.attest-published-images/attest-ghcr-io-miciav-nanofaas-python-word-stats-sha256-04b4f484fb5ac7c82d6b003929797d60a1f398b9ddfe325b97996be80189f194-27dca6e1/cosign-sign-ghcr-io-miciav-nanofaas-python-word-stats-sha256-04b4f484fb5ac7c82d6b003929797d60a1f398b9ddfe325b97996be80189f194] running  cosign sign ghcr.io/miciav/nanofaas/python-word-stats@sha256:04b4f484fb5ac7c82d6b003929797d60a1f398b9ddfe325b97996be80189f194
[040.attest-published-images/attest-ghcr-io-miciav-nanofaas-python-word-stats-sha256-04b4f484fb5ac7c82d6b003929797d60a1f398b9ddfe325b97996be80189f194-27dca6e1/cosign-sign-ghcr-io-miciav-nanofaas-python-word-stats-sha256-04b4f484fb5ac7c82d6b003929797d60a1f398b9ddfe325b97996be80189f194] passed   5.1s
[040.attest-published-images/attest-ghcr-io-miciav-nanofaas-python-word-stats-sha256-04b4f484fb5ac7c82d6b003929797d60a1f398b9ddfe325b97996be80189f194-27dca6e1/cosign-attest-ghcr-io-miciav-nanofaas-python-word-stats-sha256-04b4f484fb5ac7c82d6b003929797d60a1f398b9ddfe325b97996be80189f194] running  cosign attest ghcr.io/miciav/nanofaas/python-word-stats@sha256:04b4f484fb5ac7c82d6b003929797d60a1f398b9ddfe325b97996be80189f194
[040.attest-published-images/attest-ghcr-io-miciav-nanofaas-python-word-stats-sha256-04b4f484fb5ac7c82d6b003929797d60a1f398b9ddfe325b97996be80189f194-27dca6e1/cosign-attest-ghcr-io-miciav-nanofaas-python-word-stats-sha256-04b4f484fb5ac7c82d6b003929797d60a1f398b9ddfe325b97996be80189f194] passed   5.1s
[040.attest-published-images/attest-ghcr-io-miciav-nanofaas-python-word-stats-sha256-04b4f484fb5ac7c82d6b003929797d60a1f398b9ddfe325b97996be80189f194-27dca6e1/cosign-attach-sbom-ghcr-io-miciav-nanofaas-python-word-stats-sha256-04b4f484fb5ac7c82d6b003929797d60a1f398b9ddfe325b97996be80189f194] running  cosign attach sbom ghcr.io/miciav/nanofaas/python-word-stats@sha256:04b4f484fb5ac7c82d6b003929797d60a1f398b9ddfe325b97996be80189f194
[040.attest-published-images/attest-ghcr-io-miciav-nanofaas-python-word-stats-sha256-04b4f484fb5ac7c82d6b003929797d60a1f398b9ddfe325b97996be80189f194-27dca6e1/cosign-attach-sbom-ghcr-io-miciav-nanofaas-python-word-stats-sha256-04b4f484fb5ac7c82d6b003929797d60a1f398b9ddfe325b97996be80189f194] passed   4.7s
[040.attest-published-images/attest-ghcr-io-miciav-nanofaas-python-word-stats-sha256-04b4f484fb5ac7c82d6b003929797d60a1f398b9ddfe325b97996be80189f194-27dca6e1/cosign-verify-ghcr-io-miciav-nanofaas-python-word-stats-sha256-04b4f484fb5ac7c82d6b003929797d60a1f398b9ddfe325b97996be80189f194] running  cosign verify ghcr.io/miciav/nanofaas/python-word-stats@sha256:04b4f484fb5ac7c82d6b003929797d60a1f398b9ddfe325b97996be80189f194
[040.attest-published-images/attest-ghcr-io-miciav-nanofaas-python-word-stats-sha256-04b4f484fb5ac7c82d6b003929797d60a1f398b9ddfe325b97996be80189f194-27dca6e1/cosign-verify-ghcr-io-miciav-nanofaas-python-word-stats-sha256-04b4f484fb5ac7c82d6b003929797d60a1f398b9ddfe325b97996be80189f194] passed   2.8s
[040.attest-published-images/attest-ghcr-io-miciav-nanofaas-python-word-stats-sha256-04b4f484fb5ac7c82d6b003929797d60a1f398b9ddfe325b97996be80189f194-27dca6e1/cosign-verify-attestation-ghcr-io-miciav-nanofaas-python-word-stats-sha256-04b4f484fb5ac7c82d6b003929797d60a1f398b9ddfe325b97996be80189f194] running  cosign verify-attestation ghcr.io/miciav/nanofaas/python-word-stats@sha256:04b4f484fb5ac7c82d6b003929797d60a1f398b9ddfe325b97996be80189f194
[040.attest-published-images/attest-ghcr-io-miciav-nanofaas-python-word-stats-sha256-04b4f484fb5ac7c82d6b003929797d60a1f398b9ddfe325b97996be80189f194-27dca6e1/cosign-verify-attestation-ghcr-io-miciav-nanofaas-python-word-stats-sha256-04b4f484fb5ac7c82d6b003929797d60a1f398b9ddfe325b97996be80189f194] passed   3.3s
[040.attest-published-images/attest-ghcr-io-miciav-nanofaas-python-word-stats-sha256-04b4f484fb5ac7c82d6b003929797d60a1f398b9ddfe325b97996be80189f194-27dca6e1] passed   27.4s
[040.attest-published-images/attest-ghcr-io-miciav-nanofaas-python-word-stats-sha256-263ab3700763d1fd0fec065a0b8fd437de2e7646b915c6066cf320f4169fb900-acfaf81d] running  Attest ghcr.io/miciav/nanofaas/python-word-stats@sha256:263ab3700763d1fd0fec065a0b8fd437de2e7646b915c6066cf320f4169fb900 acfaf81d
[040.attest-published-images/attest-ghcr-io-miciav-nanofaas-python-word-stats-sha256-263ab3700763d1fd0fec065a0b8fd437de2e7646b915c6066cf320f4169fb900-acfaf81d/syft-sbom-ghcr-io-miciav-nanofaas-python-word-stats-sha256-263ab3700763d1fd0fec065a0b8fd437de2e7646b915c6066cf320f4169fb900] running  Syft SBOM ghcr.io/miciav/nanofaas/python-word-stats@sha256:263ab3700763d1fd0fec065a0b8fd437de2e7646b915c6066cf320f4169fb900
[040.attest-published-images/attest-ghcr-io-miciav-nanofaas-python-word-stats-sha256-263ab3700763d1fd0fec065a0b8fd437de2e7646b915c6066cf320f4169fb900-acfaf81d/syft-sbom-ghcr-io-miciav-nanofaas-python-word-stats-sha256-263ab3700763d1fd0fec065a0b8fd437de2e7646b915c6066cf320f4169fb900] passed   6.5s
[040.attest-published-images/attest-ghcr-io-miciav-nanofaas-python-word-stats-sha256-263ab3700763d1fd0fec065a0b8fd437de2e7646b915c6066cf320f4169fb900-acfaf81d/cosign-sign-ghcr-io-miciav-nanofaas-python-word-stats-sha256-263ab3700763d1fd0fec065a0b8fd437de2e7646b915c6066cf320f4169fb900] running  cosign sign ghcr.io/miciav/nanofaas/python-word-stats@sha256:263ab3700763d1fd0fec065a0b8fd437de2e7646b915c6066cf320f4169fb900
[040.attest-published-images/attest-ghcr-io-miciav-nanofaas-python-word-stats-sha256-263ab3700763d1fd0fec065a0b8fd437de2e7646b915c6066cf320f4169fb900-acfaf81d/cosign-sign-ghcr-io-miciav-nanofaas-python-word-stats-sha256-263ab3700763d1fd0fec065a0b8fd437de2e7646b915c6066cf320f4169fb900] passed   5.2s
[040.attest-published-images/attest-ghcr-io-miciav-nanofaas-python-word-stats-sha256-263ab3700763d1fd0fec065a0b8fd437de2e7646b915c6066cf320f4169fb900-acfaf81d/cosign-attest-ghcr-io-miciav-nanofaas-python-word-stats-sha256-263ab3700763d1fd0fec065a0b8fd437de2e7646b915c6066cf320f4169fb900] running  cosign attest ghcr.io/miciav/nanofaas/python-word-stats@sha256:263ab3700763d1fd0fec065a0b8fd437de2e7646b915c6066cf320f4169fb900
[040.attest-published-images/attest-ghcr-io-miciav-nanofaas-python-word-stats-sha256-263ab3700763d1fd0fec065a0b8fd437de2e7646b915c6066cf320f4169fb900-acfaf81d/cosign-attest-ghcr-io-miciav-nanofaas-python-word-stats-sha256-263ab3700763d1fd0fec065a0b8fd437de2e7646b915c6066cf320f4169fb900] passed   5.0s
[040.attest-published-images/attest-ghcr-io-miciav-nanofaas-python-word-stats-sha256-263ab3700763d1fd0fec065a0b8fd437de2e7646b915c6066cf320f4169fb900-acfaf81d/cosign-attach-sbom-ghcr-io-miciav-nanofaas-python-word-stats-sha256-263ab3700763d1fd0fec065a0b8fd437de2e7646b915c6066cf320f4169fb900] running  cosign attach sbom ghcr.io/miciav/nanofaas/python-word-stats@sha256:263ab3700763d1fd0fec065a0b8fd437de2e7646b915c6066cf320f4169fb900
[040.attest-published-images/attest-ghcr-io-miciav-nanofaas-python-word-stats-sha256-263ab3700763d1fd0fec065a0b8fd437de2e7646b915c6066cf320f4169fb900-acfaf81d/cosign-attach-sbom-ghcr-io-miciav-nanofaas-python-word-stats-sha256-263ab3700763d1fd0fec065a0b8fd437de2e7646b915c6066cf320f4169fb900] passed   4.9s
[040.attest-published-images/attest-ghcr-io-miciav-nanofaas-python-word-stats-sha256-263ab3700763d1fd0fec065a0b8fd437de2e7646b915c6066cf320f4169fb900-acfaf81d/cosign-verify-ghcr-io-miciav-nanofaas-python-word-stats-sha256-263ab3700763d1fd0fec065a0b8fd437de2e7646b915c6066cf320f4169fb900] running  cosign verify ghcr.io/miciav/nanofaas/python-word-stats@sha256:263ab3700763d1fd0fec065a0b8fd437de2e7646b915c6066cf320f4169fb900
[040.attest-published-images/attest-ghcr-io-miciav-nanofaas-python-word-stats-sha256-263ab3700763d1fd0fec065a0b8fd437de2e7646b915c6066cf320f4169fb900-acfaf81d/cosign-verify-ghcr-io-miciav-nanofaas-python-word-stats-sha256-263ab3700763d1fd0fec065a0b8fd437de2e7646b915c6066cf320f4169fb900] passed   2.7s
[040.attest-published-images/attest-ghcr-io-miciav-nanofaas-python-word-stats-sha256-263ab3700763d1fd0fec065a0b8fd437de2e7646b915c6066cf320f4169fb900-acfaf81d/cosign-verify-attestation-ghcr-io-miciav-nanofaas-python-word-stats-sha256-263ab3700763d1fd0fec065a0b8fd437de2e7646b915c6066cf320f4169fb900] running  cosign verify-attestation ghcr.io/miciav/nanofaas/python-word-stats@sha256:263ab3700763d1fd0fec065a0b8fd437de2e7646b915c6066cf320f4169fb900
[040.attest-published-images/attest-ghcr-io-miciav-nanofaas-python-word-stats-sha256-263ab3700763d1fd0fec065a0b8fd437de2e7646b915c6066cf320f4169fb900-acfaf81d/cosign-verify-attestation-ghcr-io-miciav-nanofaas-python-word-stats-sha256-263ab3700763d1fd0fec065a0b8fd437de2e7646b915c6066cf320f4169fb900] passed   3.0s
[040.attest-published-images/attest-ghcr-io-miciav-nanofaas-python-word-stats-sha256-263ab3700763d1fd0fec065a0b8fd437de2e7646b915c6066cf320f4169fb900-acfaf81d] passed   27.3s
[040.attest-published-images/attest-ghcr-io-miciav-nanofaas-python-word-stats-sha256-2ee4ffe21b236aabfab920a53d2b86eb718854a595cd3bff7026d18b10720028-d8e5e740] running  Attest ghcr.io/miciav/nanofaas/python-word-stats@sha256:2ee4ffe21b236aabfab920a53d2b86eb718854a595cd3bff7026d18b10720028 d8e5e740
[040.attest-published-images/attest-ghcr-io-miciav-nanofaas-python-word-stats-sha256-2ee4ffe21b236aabfab920a53d2b86eb718854a595cd3bff7026d18b10720028-d8e5e740/syft-sbom-ghcr-io-miciav-nanofaas-python-word-stats-sha256-2ee4ffe21b236aabfab920a53d2b86eb718854a595cd3bff7026d18b10720028] running  Syft SBOM ghcr.io/miciav/nanofaas/python-word-stats@sha256:2ee4ffe21b236aabfab920a53d2b86eb718854a595cd3bff7026d18b10720028
[040.attest-published-images/attest-ghcr-io-miciav-nanofaas-python-word-stats-sha256-2ee4ffe21b236aabfab920a53d2b86eb718854a595cd3bff7026d18b10720028-d8e5e740/syft-sbom-ghcr-io-miciav-nanofaas-python-word-stats-sha256-2ee4ffe21b236aabfab920a53d2b86eb718854a595cd3bff7026d18b10720028] passed   7.5s
[040.attest-published-images/attest-ghcr-io-miciav-nanofaas-python-word-stats-sha256-2ee4ffe21b236aabfab920a53d2b86eb718854a595cd3bff7026d18b10720028-d8e5e740/cosign-sign-ghcr-io-miciav-nanofaas-python-word-stats-sha256-2ee4ffe21b236aabfab920a53d2b86eb718854a595cd3bff7026d18b10720028] running  cosign sign ghcr.io/miciav/nanofaas/python-word-stats@sha256:2ee4ffe21b236aabfab920a53d2b86eb718854a595cd3bff7026d18b10720028
[040.attest-published-images/attest-ghcr-io-miciav-nanofaas-python-word-stats-sha256-2ee4ffe21b236aabfab920a53d2b86eb718854a595cd3bff7026d18b10720028-d8e5e740/cosign-sign-ghcr-io-miciav-nanofaas-python-word-stats-sha256-2ee4ffe21b236aabfab920a53d2b86eb718854a595cd3bff7026d18b10720028] passed   5.5s
[040.attest-published-images/attest-ghcr-io-miciav-nanofaas-python-word-stats-sha256-2ee4ffe21b236aabfab920a53d2b86eb718854a595cd3bff7026d18b10720028-d8e5e740/cosign-attest-ghcr-io-miciav-nanofaas-python-word-stats-sha256-2ee4ffe21b236aabfab920a53d2b86eb718854a595cd3bff7026d18b10720028] running  cosign attest ghcr.io/miciav/nanofaas/python-word-stats@sha256:2ee4ffe21b236aabfab920a53d2b86eb718854a595cd3bff7026d18b10720028
[040.attest-published-images/attest-ghcr-io-miciav-nanofaas-python-word-stats-sha256-2ee4ffe21b236aabfab920a53d2b86eb718854a595cd3bff7026d18b10720028-d8e5e740/cosign-attest-ghcr-io-miciav-nanofaas-python-word-stats-sha256-2ee4ffe21b236aabfab920a53d2b86eb718854a595cd3bff7026d18b10720028] passed   5.2s
[040.attest-published-images/attest-ghcr-io-miciav-nanofaas-python-word-stats-sha256-2ee4ffe21b236aabfab920a53d2b86eb718854a595cd3bff7026d18b10720028-d8e5e740/cosign-attach-sbom-ghcr-io-miciav-nanofaas-python-word-stats-sha256-2ee4ffe21b236aabfab920a53d2b86eb718854a595cd3bff7026d18b10720028] running  cosign attach sbom ghcr.io/miciav/nanofaas/python-word-stats@sha256:2ee4ffe21b236aabfab920a53d2b86eb718854a595cd3bff7026d18b10720028
[040.attest-published-images/attest-ghcr-io-miciav-nanofaas-python-word-stats-sha256-2ee4ffe21b236aabfab920a53d2b86eb718854a595cd3bff7026d18b10720028-d8e5e740/cosign-attach-sbom-ghcr-io-miciav-nanofaas-python-word-stats-sha256-2ee4ffe21b236aabfab920a53d2b86eb718854a595cd3bff7026d18b10720028] passed   4.5s
[040.attest-published-images/attest-ghcr-io-miciav-nanofaas-python-word-stats-sha256-2ee4ffe21b236aabfab920a53d2b86eb718854a595cd3bff7026d18b10720028-d8e5e740/cosign-verify-ghcr-io-miciav-nanofaas-python-word-stats-sha256-2ee4ffe21b236aabfab920a53d2b86eb718854a595cd3bff7026d18b10720028] running  cosign verify ghcr.io/miciav/nanofaas/python-word-stats@sha256:2ee4ffe21b236aabfab920a53d2b86eb718854a595cd3bff7026d18b10720028
[040.attest-published-images/attest-ghcr-io-miciav-nanofaas-python-word-stats-sha256-2ee4ffe21b236aabfab920a53d2b86eb718854a595cd3bff7026d18b10720028-d8e5e740/cosign-verify-ghcr-io-miciav-nanofaas-python-word-stats-sha256-2ee4ffe21b236aabfab920a53d2b86eb718854a595cd3bff7026d18b10720028] passed   3.0s
[040.attest-published-images/attest-ghcr-io-miciav-nanofaas-python-word-stats-sha256-2ee4ffe21b236aabfab920a53d2b86eb718854a595cd3bff7026d18b10720028-d8e5e740/cosign-verify-attestation-ghcr-io-miciav-nanofaas-python-word-stats-sha256-2ee4ffe21b236aabfab920a53d2b86eb718854a595cd3bff7026d18b10720028] running  cosign verify-attestation ghcr.io/miciav/nanofaas/python-word-stats@sha256:2ee4ffe21b236aabfab920a53d2b86eb718854a595cd3bff7026d18b10720028
[040.attest-published-images/attest-ghcr-io-miciav-nanofaas-python-word-stats-sha256-2ee4ffe21b236aabfab920a53d2b86eb718854a595cd3bff7026d18b10720028-d8e5e740/cosign-verify-attestation-ghcr-io-miciav-nanofaas-python-word-stats-sha256-2ee4ffe21b236aabfab920a53d2b86eb718854a595cd3bff7026d18b10720028] passed   3.2s
[040.attest-published-images/attest-ghcr-io-miciav-nanofaas-python-word-stats-sha256-2ee4ffe21b236aabfab920a53d2b86eb718854a595cd3bff7026d18b10720028-d8e5e740] passed   28.9s
[040.attest-published-images/attest-ghcr-io-miciav-nanofaas-watchdog-sha256-ad55026fb9a33a99e5726e80f3a4e705557cf83586ee73a797d7d4f7873792b7-9af46d44] running  Attest ghcr.io/miciav/nanofaas/watchdog@sha256:ad55026fb9a33a99e5726e80f3a4e705557cf83586ee73a797d7d4f7873792b7 9af46d44
[040.attest-published-images/attest-ghcr-io-miciav-nanofaas-watchdog-sha256-ad55026fb9a33a99e5726e80f3a4e705557cf83586ee73a797d7d4f7873792b7-9af46d44/syft-sbom-ghcr-io-miciav-nanofaas-watchdog-sha256-ad55026fb9a33a99e5726e80f3a4e705557cf83586ee73a797d7d4f7873792b7] running  Syft SBOM ghcr.io/miciav/nanofaas/watchdog@sha256:ad55026fb9a33a99e5726e80f3a4e705557cf83586ee73a797d7d4f7873792b7
[040.attest-published-images/attest-ghcr-io-miciav-nanofaas-watchdog-sha256-ad55026fb9a33a99e5726e80f3a4e705557cf83586ee73a797d7d4f7873792b7-9af46d44/syft-sbom-ghcr-io-miciav-nanofaas-watchdog-sha256-ad55026fb9a33a99e5726e80f3a4e705557cf83586ee73a797d7d4f7873792b7] passed   4.1s
[040.attest-published-images/attest-ghcr-io-miciav-nanofaas-watchdog-sha256-ad55026fb9a33a99e5726e80f3a4e705557cf83586ee73a797d7d4f7873792b7-9af46d44/cosign-sign-ghcr-io-miciav-nanofaas-watchdog-sha256-ad55026fb9a33a99e5726e80f3a4e705557cf83586ee73a797d7d4f7873792b7] running  cosign sign ghcr.io/miciav/nanofaas/watchdog@sha256:ad55026fb9a33a99e5726e80f3a4e705557cf83586ee73a797d7d4f7873792b7
[040.attest-published-images/attest-ghcr-io-miciav-nanofaas-watchdog-sha256-ad55026fb9a33a99e5726e80f3a4e705557cf83586ee73a797d7d4f7873792b7-9af46d44/cosign-sign-ghcr-io-miciav-nanofaas-watchdog-sha256-ad55026fb9a33a99e5726e80f3a4e705557cf83586ee73a797d7d4f7873792b7] passed   5.2s
[040.attest-published-images/attest-ghcr-io-miciav-nanofaas-watchdog-sha256-ad55026fb9a33a99e5726e80f3a4e705557cf83586ee73a797d7d4f7873792b7-9af46d44/cosign-attest-ghcr-io-miciav-nanofaas-watchdog-sha256-ad55026fb9a33a99e5726e80f3a4e705557cf83586ee73a797d7d4f7873792b7] running  cosign attest ghcr.io/miciav/nanofaas/watchdog@sha256:ad55026fb9a33a99e5726e80f3a4e705557cf83586ee73a797d7d4f7873792b7
[040.attest-published-images/attest-ghcr-io-miciav-nanofaas-watchdog-sha256-ad55026fb9a33a99e5726e80f3a4e705557cf83586ee73a797d7d4f7873792b7-9af46d44/cosign-attest-ghcr-io-miciav-nanofaas-watchdog-sha256-ad55026fb9a33a99e5726e80f3a4e705557cf83586ee73a797d7d4f7873792b7] passed   5.0s
[040.attest-published-images/attest-ghcr-io-miciav-nanofaas-watchdog-sha256-ad55026fb9a33a99e5726e80f3a4e705557cf83586ee73a797d7d4f7873792b7-9af46d44/cosign-attach-sbom-ghcr-io-miciav-nanofaas-watchdog-sha256-ad55026fb9a33a99e5726e80f3a4e705557cf83586ee73a797d7d4f7873792b7] running  cosign attach sbom ghcr.io/miciav/nanofaas/watchdog@sha256:ad55026fb9a33a99e5726e80f3a4e705557cf83586ee73a797d7d4f7873792b7
[040.attest-published-images/attest-ghcr-io-miciav-nanofaas-watchdog-sha256-ad55026fb9a33a99e5726e80f3a4e705557cf83586ee73a797d7d4f7873792b7-9af46d44/cosign-attach-sbom-ghcr-io-miciav-nanofaas-watchdog-sha256-ad55026fb9a33a99e5726e80f3a4e705557cf83586ee73a797d7d4f7873792b7] passed   4.2s
[040.attest-published-images/attest-ghcr-io-miciav-nanofaas-watchdog-sha256-ad55026fb9a33a99e5726e80f3a4e705557cf83586ee73a797d7d4f7873792b7-9af46d44/cosign-verify-ghcr-io-miciav-nanofaas-watchdog-sha256-ad55026fb9a33a99e5726e80f3a4e705557cf83586ee73a797d7d4f7873792b7] running  cosign verify ghcr.io/miciav/nanofaas/watchdog@sha256:ad55026fb9a33a99e5726e80f3a4e705557cf83586ee73a797d7d4f7873792b7
[040.attest-published-images/attest-ghcr-io-miciav-nanofaas-watchdog-sha256-ad55026fb9a33a99e5726e80f3a4e705557cf83586ee73a797d7d4f7873792b7-9af46d44/cosign-verify-ghcr-io-miciav-nanofaas-watchdog-sha256-ad55026fb9a33a99e5726e80f3a4e705557cf83586ee73a797d7d4f7873792b7] passed   3.1s
[040.attest-published-images/attest-ghcr-io-miciav-nanofaas-watchdog-sha256-ad55026fb9a33a99e5726e80f3a4e705557cf83586ee73a797d7d4f7873792b7-9af46d44/cosign-verify-attestation-ghcr-io-miciav-nanofaas-watchdog-sha256-ad55026fb9a33a99e5726e80f3a4e705557cf83586ee73a797d7d4f7873792b7] running  cosign verify-attestation ghcr.io/miciav/nanofaas/watchdog@sha256:ad55026fb9a33a99e5726e80f3a4e705557cf83586ee73a797d7d4f7873792b7
[040.attest-published-images/attest-ghcr-io-miciav-nanofaas-watchdog-sha256-ad55026fb9a33a99e5726e80f3a4e705557cf83586ee73a797d7d4f7873792b7-9af46d44/cosign-verify-attestation-ghcr-io-miciav-nanofaas-watchdog-sha256-ad55026fb9a33a99e5726e80f3a4e705557cf83586ee73a797d7d4f7873792b7] passed   3.1s
[040.attest-published-images/attest-ghcr-io-miciav-nanofaas-watchdog-sha256-ad55026fb9a33a99e5726e80f3a4e705557cf83586ee73a797d7d4f7873792b7-9af46d44] passed   24.8s
[040.attest-published-images/attest-ghcr-io-miciav-nanofaas-watchdog-sha256-946b7b62020e3c4c52180f621a77515b8ac53ad3c0f5c72e5fbd8669ee2e562c-096a829b] running  Attest ghcr.io/miciav/nanofaas/watchdog@sha256:946b7b62020e3c4c52180f621a77515b8ac53ad3c0f5c72e5fbd8669ee2e562c 096a829b
[040.attest-published-images/attest-ghcr-io-miciav-nanofaas-watchdog-sha256-946b7b62020e3c4c52180f621a77515b8ac53ad3c0f5c72e5fbd8669ee2e562c-096a829b/syft-sbom-ghcr-io-miciav-nanofaas-watchdog-sha256-946b7b62020e3c4c52180f621a77515b8ac53ad3c0f5c72e5fbd8669ee2e562c] running  Syft SBOM ghcr.io/miciav/nanofaas/watchdog@sha256:946b7b62020e3c4c52180f621a77515b8ac53ad3c0f5c72e5fbd8669ee2e562c
[040.attest-published-images/attest-ghcr-io-miciav-nanofaas-watchdog-sha256-946b7b62020e3c4c52180f621a77515b8ac53ad3c0f5c72e5fbd8669ee2e562c-096a829b/syft-sbom-ghcr-io-miciav-nanofaas-watchdog-sha256-946b7b62020e3c4c52180f621a77515b8ac53ad3c0f5c72e5fbd8669ee2e562c] passed   3.9s
[040.attest-published-images/attest-ghcr-io-miciav-nanofaas-watchdog-sha256-946b7b62020e3c4c52180f621a77515b8ac53ad3c0f5c72e5fbd8669ee2e562c-096a829b/cosign-sign-ghcr-io-miciav-nanofaas-watchdog-sha256-946b7b62020e3c4c52180f621a77515b8ac53ad3c0f5c72e5fbd8669ee2e562c] running  cosign sign ghcr.io/miciav/nanofaas/watchdog@sha256:946b7b62020e3c4c52180f621a77515b8ac53ad3c0f5c72e5fbd8669ee2e562c
[040.attest-published-images/attest-ghcr-io-miciav-nanofaas-watchdog-sha256-946b7b62020e3c4c52180f621a77515b8ac53ad3c0f5c72e5fbd8669ee2e562c-096a829b/cosign-sign-ghcr-io-miciav-nanofaas-watchdog-sha256-946b7b62020e3c4c52180f621a77515b8ac53ad3c0f5c72e5fbd8669ee2e562c] passed   6.0s
[040.attest-published-images/attest-ghcr-io-miciav-nanofaas-watchdog-sha256-946b7b62020e3c4c52180f621a77515b8ac53ad3c0f5c72e5fbd8669ee2e562c-096a829b/cosign-attest-ghcr-io-miciav-nanofaas-watchdog-sha256-946b7b62020e3c4c52180f621a77515b8ac53ad3c0f5c72e5fbd8669ee2e562c] running  cosign attest ghcr.io/miciav/nanofaas/watchdog@sha256:946b7b62020e3c4c52180f621a77515b8ac53ad3c0f5c72e5fbd8669ee2e562c
[040.attest-published-images/attest-ghcr-io-miciav-nanofaas-watchdog-sha256-946b7b62020e3c4c52180f621a77515b8ac53ad3c0f5c72e5fbd8669ee2e562c-096a829b/cosign-attest-ghcr-io-miciav-nanofaas-watchdog-sha256-946b7b62020e3c4c52180f621a77515b8ac53ad3c0f5c72e5fbd8669ee2e562c] passed   5.0s
[040.attest-published-images/attest-ghcr-io-miciav-nanofaas-watchdog-sha256-946b7b62020e3c4c52180f621a77515b8ac53ad3c0f5c72e5fbd8669ee2e562c-096a829b/cosign-attach-sbom-ghcr-io-miciav-nanofaas-watchdog-sha256-946b7b62020e3c4c52180f621a77515b8ac53ad3c0f5c72e5fbd8669ee2e562c] running  cosign attach sbom ghcr.io/miciav/nanofaas/watchdog@sha256:946b7b62020e3c4c52180f621a77515b8ac53ad3c0f5c72e5fbd8669ee2e562c
[040.attest-published-images/attest-ghcr-io-miciav-nanofaas-watchdog-sha256-946b7b62020e3c4c52180f621a77515b8ac53ad3c0f5c72e5fbd8669ee2e562c-096a829b/cosign-attach-sbom-ghcr-io-miciav-nanofaas-watchdog-sha256-946b7b62020e3c4c52180f621a77515b8ac53ad3c0f5c72e5fbd8669ee2e562c] passed   4.6s
[040.attest-published-images/attest-ghcr-io-miciav-nanofaas-watchdog-sha256-946b7b62020e3c4c52180f621a77515b8ac53ad3c0f5c72e5fbd8669ee2e562c-096a829b/cosign-verify-ghcr-io-miciav-nanofaas-watchdog-sha256-946b7b62020e3c4c52180f621a77515b8ac53ad3c0f5c72e5fbd8669ee2e562c] running  cosign verify ghcr.io/miciav/nanofaas/watchdog@sha256:946b7b62020e3c4c52180f621a77515b8ac53ad3c0f5c72e5fbd8669ee2e562c
[040.attest-published-images/attest-ghcr-io-miciav-nanofaas-watchdog-sha256-946b7b62020e3c4c52180f621a77515b8ac53ad3c0f5c72e5fbd8669ee2e562c-096a829b/cosign-verify-ghcr-io-miciav-nanofaas-watchdog-sha256-946b7b62020e3c4c52180f621a77515b8ac53ad3c0f5c72e5fbd8669ee2e562c] passed   3.0s
[040.attest-published-images/attest-ghcr-io-miciav-nanofaas-watchdog-sha256-946b7b62020e3c4c52180f621a77515b8ac53ad3c0f5c72e5fbd8669ee2e562c-096a829b/cosign-verify-attestation-ghcr-io-miciav-nanofaas-watchdog-sha256-946b7b62020e3c4c52180f621a77515b8ac53ad3c0f5c72e5fbd8669ee2e562c] running  cosign verify-attestation ghcr.io/miciav/nanofaas/watchdog@sha256:946b7b62020e3c4c52180f621a77515b8ac53ad3c0f5c72e5fbd8669ee2e562c
[040.attest-published-images/attest-ghcr-io-miciav-nanofaas-watchdog-sha256-946b7b62020e3c4c52180f621a77515b8ac53ad3c0f5c72e5fbd8669ee2e562c-096a829b/cosign-verify-attestation-ghcr-io-miciav-nanofaas-watchdog-sha256-946b7b62020e3c4c52180f621a77515b8ac53ad3c0f5c72e5fbd8669ee2e562c] passed   3.3s
[040.attest-published-images/attest-ghcr-io-miciav-nanofaas-watchdog-sha256-946b7b62020e3c4c52180f621a77515b8ac53ad3c0f5c72e5fbd8669ee2e562c-096a829b] passed   25.9s
[040.attest-published-images/attest-ghcr-io-miciav-nanofaas-watchdog-sha256-1906a96df85adc13fbdd02f3170c21e0f7d9cf781e4323a05e6cbab53c13b202-317442a9] running  Attest ghcr.io/miciav/nanofaas/watchdog@sha256:1906a96df85adc13fbdd02f3170c21e0f7d9cf781e4323a05e6cbab53c13b202 317442a9
[040.attest-published-images/attest-ghcr-io-miciav-nanofaas-watchdog-sha256-1906a96df85adc13fbdd02f3170c21e0f7d9cf781e4323a05e6cbab53c13b202-317442a9/syft-sbom-ghcr-io-miciav-nanofaas-watchdog-sha256-1906a96df85adc13fbdd02f3170c21e0f7d9cf781e4323a05e6cbab53c13b202] running  Syft SBOM ghcr.io/miciav/nanofaas/watchdog@sha256:1906a96df85adc13fbdd02f3170c21e0f7d9cf781e4323a05e6cbab53c13b202
[040.attest-published-images/attest-ghcr-io-miciav-nanofaas-watchdog-sha256-1906a96df85adc13fbdd02f3170c21e0f7d9cf781e4323a05e6cbab53c13b202-317442a9/syft-sbom-ghcr-io-miciav-nanofaas-watchdog-sha256-1906a96df85adc13fbdd02f3170c21e0f7d9cf781e4323a05e6cbab53c13b202] passed   3.8s
[040.attest-published-images/attest-ghcr-io-miciav-nanofaas-watchdog-sha256-1906a96df85adc13fbdd02f3170c21e0f7d9cf781e4323a05e6cbab53c13b202-317442a9/cosign-sign-ghcr-io-miciav-nanofaas-watchdog-sha256-1906a96df85adc13fbdd02f3170c21e0f7d9cf781e4323a05e6cbab53c13b202] running  cosign sign ghcr.io/miciav/nanofaas/watchdog@sha256:1906a96df85adc13fbdd02f3170c21e0f7d9cf781e4323a05e6cbab53c13b202
[040.attest-published-images/attest-ghcr-io-miciav-nanofaas-watchdog-sha256-1906a96df85adc13fbdd02f3170c21e0f7d9cf781e4323a05e6cbab53c13b202-317442a9/cosign-sign-ghcr-io-miciav-nanofaas-watchdog-sha256-1906a96df85adc13fbdd02f3170c21e0f7d9cf781e4323a05e6cbab53c13b202] passed   5.3s
[040.attest-published-images/attest-ghcr-io-miciav-nanofaas-watchdog-sha256-1906a96df85adc13fbdd02f3170c21e0f7d9cf781e4323a05e6cbab53c13b202-317442a9/cosign-attest-ghcr-io-miciav-nanofaas-watchdog-sha256-1906a96df85adc13fbdd02f3170c21e0f7d9cf781e4323a05e6cbab53c13b202] running  cosign attest ghcr.io/miciav/nanofaas/watchdog@sha256:1906a96df85adc13fbdd02f3170c21e0f7d9cf781e4323a05e6cbab53c13b202
[040.attest-published-images/attest-ghcr-io-miciav-nanofaas-watchdog-sha256-1906a96df85adc13fbdd02f3170c21e0f7d9cf781e4323a05e6cbab53c13b202-317442a9/cosign-attest-ghcr-io-miciav-nanofaas-watchdog-sha256-1906a96df85adc13fbdd02f3170c21e0f7d9cf781e4323a05e6cbab53c13b202] passed   5.1s
[040.attest-published-images/attest-ghcr-io-miciav-nanofaas-watchdog-sha256-1906a96df85adc13fbdd02f3170c21e0f7d9cf781e4323a05e6cbab53c13b202-317442a9/cosign-attach-sbom-ghcr-io-miciav-nanofaas-watchdog-sha256-1906a96df85adc13fbdd02f3170c21e0f7d9cf781e4323a05e6cbab53c13b202] running  cosign attach sbom ghcr.io/miciav/nanofaas/watchdog@sha256:1906a96df85adc13fbdd02f3170c21e0f7d9cf781e4323a05e6cbab53c13b202
[040.attest-published-images/attest-ghcr-io-miciav-nanofaas-watchdog-sha256-1906a96df85adc13fbdd02f3170c21e0f7d9cf781e4323a05e6cbab53c13b202-317442a9/cosign-attach-sbom-ghcr-io-miciav-nanofaas-watchdog-sha256-1906a96df85adc13fbdd02f3170c21e0f7d9cf781e4323a05e6cbab53c13b202] passed   4.0s
[040.attest-published-images/attest-ghcr-io-miciav-nanofaas-watchdog-sha256-1906a96df85adc13fbdd02f3170c21e0f7d9cf781e4323a05e6cbab53c13b202-317442a9/cosign-verify-ghcr-io-miciav-nanofaas-watchdog-sha256-1906a96df85adc13fbdd02f3170c21e0f7d9cf781e4323a05e6cbab53c13b202] running  cosign verify ghcr.io/miciav/nanofaas/watchdog@sha256:1906a96df85adc13fbdd02f3170c21e0f7d9cf781e4323a05e6cbab53c13b202
[040.attest-published-images/attest-ghcr-io-miciav-nanofaas-watchdog-sha256-1906a96df85adc13fbdd02f3170c21e0f7d9cf781e4323a05e6cbab53c13b202-317442a9/cosign-verify-ghcr-io-miciav-nanofaas-watchdog-sha256-1906a96df85adc13fbdd02f3170c21e0f7d9cf781e4323a05e6cbab53c13b202] passed   2.9s
[040.attest-published-images/attest-ghcr-io-miciav-nanofaas-watchdog-sha256-1906a96df85adc13fbdd02f3170c21e0f7d9cf781e4323a05e6cbab53c13b202-317442a9/cosign-verify-attestation-ghcr-io-miciav-nanofaas-watchdog-sha256-1906a96df85adc13fbdd02f3170c21e0f7d9cf781e4323a05e6cbab53c13b202] running  cosign verify-attestation ghcr.io/miciav/nanofaas/watchdog@sha256:1906a96df85adc13fbdd02f3170c21e0f7d9cf781e4323a05e6cbab53c13b202
[040.attest-published-images/attest-ghcr-io-miciav-nanofaas-watchdog-sha256-1906a96df85adc13fbdd02f3170c21e0f7d9cf781e4323a05e6cbab53c13b202-317442a9/cosign-verify-attestation-ghcr-io-miciav-nanofaas-watchdog-sha256-1906a96df85adc13fbdd02f3170c21e0f7d9cf781e4323a05e6cbab53c13b202] passed   3.2s
[040.attest-published-images/attest-ghcr-io-miciav-nanofaas-watchdog-sha256-1906a96df85adc13fbdd02f3170c21e0f7d9cf781e4323a05e6cbab53c13b202-317442a9] passed   24.3s
[040.attest-published-images] passed   3007.4s
[041.release-staged-cosign-credentials] running  Release staged Cosign credentials
[041.release-staged-cosign-credentials] passed   0.8s
[042.release-staged-ghcr-credentials] running  Release staged GHCR credentials
[042.release-staged-ghcr-credentials] passed   0.8s
[043.release-release-stack-vm] running  Release release stack VM
[043.release-release-stack-vm] passed   94.9s
[044.release-validated-release-execution-credentials] running  Release validated release execution credentials
[044.release-validated-release-execution-credentials] passed   0.0s
[045.finalize-release-documentation] running  Finalize release documentation
[045.finalize-release-documentation] passed   0.0s
